image_path,mask_path,true_class,predicted_class,correct,lung_attention_fraction,lung_area_fraction,lung_attention_enrichment
/Users/berfinaktas/Projects/covid_project_folders/jun26_bds_int_covid/data/raw/Lung_Opacity/images/Lung_Opacity-3579.png,/Users/berfinaktas/Projects/covid_project_folders/jun26_bds_int_covid/data/raw/Lung_Opacity/masks/Lung_Opacity-3579.png,Lung_Opacity,Lung_Opacity,True,0.0647618365323762,0.29779052734375,0.21747446807674764
/Users/berfinaktas/Projects/covid_project_folders/jun26_bds_int_covid/data/raw/Viral Pneumonia/images/Viral Pneumonia-1098.png,/Users/berfinaktas/Projects/covid_project_folders/jun26_bds_int_covid/data/raw/Viral Pneumonia/masks/Viral Pneumonia-1098.png,Viral Pneumonia,Viral Pneumonia,True,0.1206429901750792,0.22894287109375,0.5269567451422281
/Users/berfinaktas/Projects/covid_project_folders/jun26_bds_int_covid/data/raw/Normal/images/Normal-7117.png,/Users/berfinaktas/Projects/covid_project_folders/jun26_bds_int_covid/data/raw/Normal/masks/Normal-7117.png,Normal,Normal,True,0.2723771606442804,0.28509521484375,0.9553901520008329
/Users/berfinaktas/Projects/covid_project_folders/jun26_bds_int_covid/data/raw/COVID/images/COVID-1554.png,/Users/berfinaktas/Projects/covid_project_folders/jun26_bds_int_covid/data/raw/COVID/masks/COVID-1554.png,COVID,COVID,True,0.2489726939737697,0.30419921875,0.8184527724852012
/Users/berfinaktas/Projects/covid_project_folders/jun26_bds_int_covid/data/raw/Lung_Opacity/images/Lung_Opacity-5749.png,/Users/berfinaktas/Projects/covid_project_folders/jun26_bds_int_covid/data/raw/Lung_Opacity/masks/Lung_Opacity-5749.png,Lung_Opacity,Lung_Opacity,True,0.03181463646988351,0.2965087890625,0.1072974483167088
/Users/berfinaktas/Projects/covid_project_folders/jun26_bds_int_covid/data/raw/Normal/images/Normal-529.png,/Users/berfinaktas/Projects/covid_project_folders/jun26_bds_int_covid/data/raw/Normal/masks/Normal-529.png,Normal,Normal,True,0.19818438828908896,0.3297119140625,0.601083490879014
/Users/berfinaktas/Projects/covid_project_folders/jun26_bds_int_covid/data/raw/Normal/images/Normal-369.png,/Users/berfinaktas/Projects/covid_project_folders/jun26_bds_int_covid/data/raw/Normal/masks/Normal-369.png,Normal,Viral Pneumonia,False,0.0779476736533612,0.2110595703125,0.3693159876045893
/Users/berfinaktas/Projects/covid_project_folders/jun26_bds_int_covid/data/raw/Lung_Opacity/images/Lung_Opacity-3679.png,/Users/berfinaktas/Projects/covid_project_folders/jun26_bds_int_covid/data/raw/Lung_Opacity/masks/Lung_Opacity-3679.png,Lung_Opacity,Lung_Opacity,True,0.05350614852460277,0.35455322265625,0.15091147141110203
/Users/berfinaktas/Projects/covid_project_folders/jun26_bds_int_covid/data/raw/COVID/images/COVID-406.png,/Users/berfinaktas/Projects/covid_project_folders/jun26_bds_int_covid/data/raw/COVID/masks/COVID-406.png,COVID,Normal,False,0.19182764644792133,0.3447265625,0.5564632010273979
/Users/berfinaktas/Projects/covid_project_folders/jun26_bds_int_covid/data/raw/Normal/images/Normal-6553.png,/Users/berfinaktas/Projects/covid_project_folders/jun26_bds_int_covid/data/raw/Normal/masks/Normal-6553.png,Normal,Normal,True,0.28045667676958264,0.3165283203125,0.8860397593892869
/Users/berfinaktas/Projects/covid_project_folders/jun26_bds_int_covid/data/raw/Viral Pneumonia/images/Viral Pneumonia-723.png,/Users/berfinaktas/Projects/covid_project_folders/jun26_bds_int_covid/data/raw/Viral Pneumonia/masks/Viral Pneumonia-723.png,Viral Pneumonia,Viral Pneumonia,True,0.12886759420733063,0.24859619140625,0.5183812088123999
/Users/berfinaktas/Projects/covid_project_folders/jun26_bds_int_covid/data/raw/Normal/images/Normal-8721.png,/Users/berfinaktas/Projects/covid_project_folders/jun26_bds_int_covid/data/raw/Normal/masks/Normal-8721.png,Normal,Normal,True,0.13231485089482947,0.29962158203125,0.4416065424854117
/Users/berfinaktas/Projects/covid_project_folders/jun26_bds_int_covid/data/raw/COVID/images/COVID-186.png,/Users/berfinaktas/Projects/covid_project_folders/jun26_bds_int_covid/data/raw/COVID/masks/COVID-186.png,COVID,Normal,False,0.2989960265708363,0.40130615234375,0.7450571710017615
/Users/berfinaktas/Projects/covid_project_folders/jun26_bds_int_covid/data/raw/Lung_Opacity/images/Lung_Opacity-5160.png,/Users/berfinaktas/Projects/covid_project_folders/jun26_bds_int_covid/data/raw/Lung_Opacity/masks/Lung_Opacity-5160.png,Lung_Opacity,Lung_Opacity,True,0.13084687325414188,0.261474609375,0.5004190409420776
/Users/berfinaktas/Projects/covid_project_folders/jun26_bds_int_covid/data/raw/Normal/images/Normal-9399.png,/Users/berfinaktas/Projects/covid_project_folders/jun26_bds_int_covid/data/raw/Normal/masks/Normal-9399.png,Normal,Normal,True,0.2669169902673211,0.4066162109375,0.6564346995706677
/Users/berfinaktas/Projects/covid_project_folders/jun26_bds_int_covid/data/raw/Normal/images/Normal-3594.png,/Users/berfinaktas/Projects/covid_project_folders/jun26_bds_int_covid/data/raw/Normal/masks/Normal-3594.png,Normal,COVID,False,0.3817883019071721,0.39251708984375,0.9726666985612048
/Users/berfinaktas/Projects/covid_project_folders/jun26_bds_int_covid/data/raw/Lung_Opacity/images/Lung_Opacity-1657.png,/Users/berfinaktas/Projects/covid_project_folders/jun26_bds_int_covid/data/raw/Lung_Opacity/masks/Lung_Opacity-1657.png,Lung_Opacity,Lung_Opacity,True,0.05398868401941023,0.2799072265625,0.19288063649673293
/Users/berfinaktas/Projects/covid_project_folders/jun26_bds_int_covid/data/raw/Normal/images/Normal-9268.png,/Users/berfinaktas/Projects/covid_project_folders/jun26_bds_int_covid/data/raw/Normal/masks/Normal-9268.png,Normal,Normal,True,0.2903527714986457,0.36669921875,0.7918009001720724
/Users/berfinaktas/Projects/covid_project_folders/jun26_bds_int_covid/data/raw/COVID/images/COVID-3241.png,/Users/berfinaktas/Projects/covid_project_folders/jun26_bds_int_covid/data/raw/COVID/masks/COVID-3241.png,COVID,COVID,True,0.2645156344597835,0.363037109375,0.7286187214171306
/Users/berfinaktas/Projects/covid_project_folders/jun26_bds_int_covid/data/raw/Normal/images/Normal-9451.png,/Users/berfinaktas/Projects/covid_project_folders/jun26_bds_int_covid/data/raw/Normal/masks/Normal-9451.png,Normal,Normal,True,0.3149423557162249,0.38067626953125,0.8273233214774137
/Users/berfinaktas/Projects/covid_project_folders/jun26_bds_int_covid/data/raw/Normal/images/Normal-172.png,/Users/berfinaktas/Projects/covid_project_folders/jun26_bds_int_covid/data/raw/Normal/masks/Normal-172.png,Normal,Normal,True,0.17979919708694914,0.2825927734375,0.636248389864487
/Users/berfinaktas/Projects/covid_project_folders/jun26_bds_int_covid/data/raw/Normal/images/Normal-5175.png,/Users/berfinaktas/Projects/covid_project_folders/jun26_bds_int_covid/data/raw/Normal/masks/Normal-5175.png,Normal,Normal,True,0.10797066140433828,0.34039306640625,0.31719406785882703
/Users/berfinaktas/Projects/covid_project_folders/jun26_bds_int_covid/data/raw/Normal/images/Normal-9287.png,/Users/berfinaktas/Projects/covid_project_folders/jun26_bds_int_covid/data/raw/Normal/masks/Normal-9287.png,Normal,Normal,True,0.25928467930957366,0.42645263671875,0.6080034615440182
/Users/berfinaktas/Projects/covid_project_folders/jun26_bds_int_covid/data/raw/Viral Pneumonia/images/Viral Pneumonia-619.png,/Users/berfinaktas/Projects/covid_project_folders/jun26_bds_int_covid/data/raw/Viral Pneumonia/masks/Viral Pneumonia-619.png,Viral Pneumonia,Viral Pneumonia,True,0.07212810361392981,0.21478271484375,0.335818939929135
/Users/berfinaktas/Projects/covid_project_folders/jun26_bds_int_covid/data/raw/COVID/images/COVID-2365.png,/Users/berfinaktas/Projects/covid_project_folders/jun26_bds_int_covid/data/raw/COVID/masks/COVID-2365.png,COVID,COVID,True,0.322873420922112,0.34503173828125,0.935778901183068
/Users/berfinaktas/Projects/covid_project_folders/jun26_bds_int_covid/data/raw/Normal/images/Normal-7984.png,/Users/berfinaktas/Projects/covid_project_folders/jun26_bds_int_covid/data/raw/Normal/masks/Normal-7984.png,Normal,Normal,True,0.20122595599970905,0.42022705078125,0.4788505538270491
/Users/berfinaktas/Projects/covid_project_folders/jun26_bds_int_covid/data/raw/Viral Pneumonia/images/Viral Pneumonia-123.png,/Users/berfinaktas/Projects/covid_project_folders/jun26_bds_int_covid/data/raw/Viral Pneumonia/masks/Viral Pneumonia-123.png,Viral Pneumonia,Viral Pneumonia,True,0.08471553895495607,0.30206298828125,0.2804565347015559
/Users/berfinaktas/Projects/covid_project_folders/jun26_bds_int_covid/data/raw/Normal/images/Normal-8476.png,/Users/berfinaktas/Projects/covid_project_folders/jun26_bds_int_covid/data/raw/Normal/masks/Normal-8476.png,Normal,Normal,True,0.27243632841262994,0.39697265625,0.686284871573267
/Users/berfinaktas/Projects/covid_project_folders/jun26_bds_int_covid/data/raw/Normal/images/Normal-2784.png,/Users/berfinaktas/Projects/covid_project_folders/jun26_bds_int_covid/data/raw/Normal/masks/Normal-2784.png,Normal,Normal,True,0.2882584242458324,0.3616943359375,0.7969669292682616
/Users/berfinaktas/Projects/covid_project_folders/jun26_bds_int_covid/data/raw/Normal/images/Normal-7992.png,/Users/berfinaktas/Projects/covid_project_folders/jun26_bds_int_covid/data/raw/Normal/masks/Normal-7992.png,Normal,Normal,True,0.3028199024532237,0.36383056640625,0.8323102301281022
/Users/berfinaktas/Projects/covid_project_folders/jun26_bds_int_covid/data/raw/Normal/images/Normal-1210.png,/Users/berfinaktas/Projects/covid_project_folders/jun26_bds_int_covid/data/raw/Normal/masks/Normal-1210.png,Normal,Viral Pneumonia,False,0.06559190623098478,0.19720458984375,0.332608415873864
/Users/berfinaktas/Projects/covid_project_folders/jun26_bds_int_covid/data/raw/COVID/images/COVID-22.png,/Users/berfinaktas/Projects/covid_project_folders/jun26_bds_int_covid/data/raw/COVID/masks/COVID-22.png,COVID,Normal,False,0.3210561972161525,0.4090576171875,0.7848679103535425
/Users/berfinaktas/Projects/covid_project_folders/jun26_bds_int_covid/data/raw/COVID/images/COVID-2713.png,/Users/berfinaktas/Projects/covid_project_folders/jun26_bds_int_covid/data/raw/COVID/masks/COVID-2713.png,COVID,COVID,True,0.35831438852132064,0.3328857421875,1.076388511465588
/Users/berfinaktas/Projects/covid_project_folders/jun26_bds_int_covid/data/raw/Normal/images/Normal-9769.png,/Users/berfinaktas/Projects/covid_project_folders/jun26_bds_int_covid/data/raw/Normal/masks/Normal-9769.png,Normal,Normal,True,0.31011317109799225,0.37548828125,0.8258930746536907
/Users/berfinaktas/Projects/covid_project_folders/jun26_bds_int_covid/data/raw/Normal/images/Normal-3476.png,/Users/berfinaktas/Projects/covid_project_folders/jun26_bds_int_covid/data/raw/Normal/masks/Normal-3476.png,Normal,Normal,True,0.16927584034590404,0.364013671875,0.4650260510106123
/Users/berfinaktas/Projects/covid_project_folders/jun26_bds_int_covid/data/raw/Normal/images/Normal-8964.png,/Users/berfinaktas/Projects/covid_project_folders/jun26_bds_int_covid/data/raw/Normal/masks/Normal-8964.png,Normal,Normal,True,0.31256718332146655,0.3533935546875,0.8844733560516248
/Users/berfinaktas/Projects/covid_project_folders/jun26_bds_int_covid/data/raw/Normal/images/Normal-7896.png,/Users/berfinaktas/Projects/covid_project_folders/jun26_bds_int_covid/data/raw/Normal/masks/Normal-7896.png,Normal,Lung_Opacity,False,0.004221259860523803,0.2694091796875,0.015668582137476662
/Users/berfinaktas/Projects/covid_project_folders/jun26_bds_int_covid/data/raw/Normal/images/Normal-4504.png,/Users/berfinaktas/Projects/covid_project_folders/jun26_bds_int_covid/data/raw/Normal/masks/Normal-4504.png,Normal,Normal,True,0.3077294034728775,0.45684814453125,0.6735923241816467
/Users/berfinaktas/Projects/covid_project_folders/jun26_bds_int_covid/data/raw/Normal/images/Normal-9575.png,/Users/berfinaktas/Projects/covid_project_folders/jun26_bds_int_covid/data/raw/Normal/masks/Normal-9575.png,Normal,Normal,True,0.3311685122696957,0.33349609375,0.9930206634382676
/Users/berfinaktas/Projects/covid_project_folders/jun26_bds_int_covid/data/raw/COVID/images/COVID-1686.png,/Users/berfinaktas/Projects/covid_project_folders/jun26_bds_int_covid/data/raw/COVID/masks/COVID-1686.png,COVID,COVID,True,0.38607848946647444,0.336181640625,1.1484222896548144
/Users/berfinaktas/Projects/covid_project_folders/jun26_bds_int_covid/data/raw/COVID/images/COVID-2526.png,/Users/berfinaktas/Projects/covid_project_folders/jun26_bds_int_covid/data/raw/COVID/masks/COVID-2526.png,COVID,COVID,True,0.30013601041102395,0.2978515625,1.0076697529865197
/Users/berfinaktas/Projects/covid_project_folders/jun26_bds_int_covid/data/raw/Lung_Opacity/images/Lung_Opacity-1076.png,/Users/berfinaktas/Projects/covid_project_folders/jun26_bds_int_covid/data/raw/Lung_Opacity/masks/Lung_Opacity-1076.png,Lung_Opacity,Lung_Opacity,True,0.05603517329611392,0.3424072265625,0.1636506736690785
/Users/berfinaktas/Projects/covid_project_folders/jun26_bds_int_covid/data/raw/Normal/images/Normal-319.png,/Users/berfinaktas/Projects/covid_project_folders/jun26_bds_int_covid/data/raw/Normal/masks/Normal-319.png,Normal,Normal,True,0.25308202448043887,0.33880615234375,0.7469817850995335
/Users/berfinaktas/Projects/covid_project_folders/jun26_bds_int_covid/data/raw/Normal/images/Normal-984.png,/Users/berfinaktas/Projects/covid_project_folders/jun26_bds_int_covid/data/raw/Normal/masks/Normal-984.png,Normal,Normal,True,0.23036100753818708,0.36346435546875,0.6337925688506562
/Users/berfinaktas/Projects/covid_project_folders/jun26_bds_int_covid/data/raw/Normal/images/Normal-429.png,/Users/berfinaktas/Projects/covid_project_folders/jun26_bds_int_covid/data/raw/Normal/masks/Normal-429.png,Normal,Normal,True,0.24493358589792477,0.29827880859375,0.8211565114286064
/Users/berfinaktas/Projects/covid_project_folders/jun26_bds_int_covid/data/raw/Normal/images/Normal-9602.png,/Users/berfinaktas/Projects/covid_project_folders/jun26_bds_int_covid/data/raw/Normal/masks/Normal-9602.png,Normal,Normal,True,0.22645753646386863,0.37139892578125,0.6097420340877606
/Users/berfinaktas/Projects/covid_project_folders/jun26_bds_int_covid/data/raw/Normal/images/Normal-4462.png,/Users/berfinaktas/Projects/covid_project_folders/jun26_bds_int_covid/data/raw/Normal/masks/Normal-4462.png,Normal,COVID,False,0.2733140543068402,0.36822509765625,0.7422472179286043
/Users/berfinaktas/Projects/covid_project_folders/jun26_bds_int_covid/data/raw/Normal/images/Normal-2747.png,/Users/berfinaktas/Projects/covid_project_folders/jun26_bds_int_covid/data/raw/Normal/masks/Normal-2747.png,Normal,Normal,True,0.2371131503733858,0.2601318359375,0.9115114630965633
/Users/berfinaktas/Projects/covid_project_folders/jun26_bds_int_covid/data/raw/Lung_Opacity/images/Lung_Opacity-5506.png,/Users/berfinaktas/Projects/covid_project_folders/jun26_bds_int_covid/data/raw/Lung_Opacity/masks/Lung_Opacity-5506.png,Lung_Opacity,Normal,False,0.16608965445269702,0.33929443359375,0.48951482254955714
/Users/berfinaktas/Projects/covid_project_folders/jun26_bds_int_covid/data/raw/Lung_Opacity/images/Lung_Opacity-722.png,/Users/berfinaktas/Projects/covid_project_folders/jun26_bds_int_covid/data/raw/Lung_Opacity/masks/Lung_Opacity-722.png,Lung_Opacity,Lung_Opacity,True,0.06501104014718014,0.32879638671875,0.1977243144183032
/Users/berfinaktas/Projects/covid_project_folders/jun26_bds_int_covid/data/raw/Lung_Opacity/images/Lung_Opacity-5699.png,/Users/berfinaktas/Projects/covid_project_folders/jun26_bds_int_covid/data/raw/Lung_Opacity/masks/Lung_Opacity-5699.png,Lung_Opacity,Normal,False,0.2808981520307817,0.379638671875,0.7399092158958727
/Users/berfinaktas/Projects/covid_project_folders/jun26_bds_int_covid/data/raw/Lung_Opacity/images/Lung_Opacity-5294.png,/Users/berfinaktas/Projects/covid_project_folders/jun26_bds_int_covid/data/raw/Lung_Opacity/masks/Lung_Opacity-5294.png,Lung_Opacity,Normal,False,0.18310106120332065,0.29833984375,0.6137331805964005
/Users/berfinaktas/Projects/covid_project_folders/jun26_bds_int_covid/data/raw/Normal/images/Normal-6256.png,/Users/berfinaktas/Projects/covid_project_folders/jun26_bds_int_covid/data/raw/Normal/masks/Normal-6256.png,Normal,Lung_Opacity,False,0.018547747454277053,0.38446044921875,0.04824357743941503
/Users/berfinaktas/Projects/covid_project_folders/jun26_bds_int_covid/data/raw/Lung_Opacity/images/Lung_Opacity-1508.png,/Users/berfinaktas/Projects/covid_project_folders/jun26_bds_int_covid/data/raw/Lung_Opacity/masks/Lung_Opacity-1508.png,Lung_Opacity,Lung_Opacity,True,0.028677756911397814,0.29913330078125,0.09586948974420359
/Users/berfinaktas/Projects/covid_project_folders/jun26_bds_int_covid/data/raw/COVID/images/COVID-2593.png,/Users/berfinaktas/Projects/covid_project_folders/jun26_bds_int_covid/data/raw/COVID/masks/COVID-2593.png,COVID,COVID,True,0.2673964018648332,0.32403564453125,0.825206752336302
/Users/berfinaktas/Projects/covid_project_folders/jun26_bds_int_covid/data/raw/COVID/images/COVID-2122.png,/Users/berfinaktas/Projects/covid_project_folders/jun26_bds_int_covid/data/raw/COVID/masks/COVID-2122.png,COVID,Lung_Opacity,False,0.05914954202101133,0.32513427734375,0.1819234271582973
/Users/berfinaktas/Projects/covid_project_folders/jun26_bds_int_covid/data/raw/COVID/images/COVID-2131.png,/Users/berfinaktas/Projects/covid_project_folders/jun26_bds_int_covid/data/raw/COVID/masks/COVID-2131.png,COVID,COVID,True,0.38968405874303136,0.34661865234375,1.1242443420401171
/Users/berfinaktas/Projects/covid_project_folders/jun26_bds_int_covid/data/raw/Normal/images/Normal-9618.png,/Users/berfinaktas/Projects/covid_project_folders/jun26_bds_int_covid/data/raw/Normal/masks/Normal-9618.png,Normal,Normal,True,0.2784582434410923,0.42742919921875,0.6514722062742906
/Users/berfinaktas/Projects/covid_project_folders/jun26_bds_int_covid/data/raw/Normal/images/Normal-6254.png,/Users/berfinaktas/Projects/covid_project_folders/jun26_bds_int_covid/data/raw/Normal/masks/Normal-6254.png,Normal,Normal,True,0.27355870743819866,0.3499755859375,0.781650830601229
/Users/berfinaktas/Projects/covid_project_folders/jun26_bds_int_covid/data/raw/Viral Pneumonia/images/Viral Pneumonia-1256.png,/Users/berfinaktas/Projects/covid_project_folders/jun26_bds_int_covid/data/raw/Viral Pneumonia/masks/Viral Pneumonia-1256.png,Viral Pneumonia,Viral Pneumonia,True,0.08196419985747246,0.26190185546875,0.3129576906233579
/Users/berfinaktas/Projects/covid_project_folders/jun26_bds_int_covid/data/raw/Normal/images/Normal-1716.png,/Users/berfinaktas/Projects/covid_project_folders/jun26_bds_int_covid/data/raw/Normal/masks/Normal-1716.png,Normal,Normal,True,0.18926833544305688,0.38653564453125,0.4896529935100338
/Users/berfinaktas/Projects/covid_project_folders/jun26_bds_int_covid/data/raw/Lung_Opacity/images/Lung_Opacity-702.png,/Users/berfinaktas/Projects/covid_project_folders/jun26_bds_int_covid/data/raw/Lung_Opacity/masks/Lung_Opacity-702.png,Lung_Opacity,Lung_Opacity,True,0.08713301652226631,0.361328125,0.24114651059135325
/Users/berfinaktas/Projects/covid_project_folders/jun26_bds_int_covid/data/raw/Lung_Opacity/images/Lung_Opacity-4307.png,/Users/berfinaktas/Projects/covid_project_folders/jun26_bds_int_covid/data/raw/Lung_Opacity/masks/Lung_Opacity-4307.png,Lung_Opacity,Lung_Opacity,True,0.07610512575295403,0.31591796875,0.2409015417960585
/Users/berfinaktas/Projects/covid_project_folders/jun26_bds_int_covid/data/raw/Normal/images/Normal-9704.png,/Users/berfinaktas/Projects/covid_project_folders/jun26_bds_int_covid/data/raw/Normal/masks/Normal-9704.png,Normal,Normal,True,0.16924780367026118,0.39788818359375,0.42536524241962864
/Users/berfinaktas/Projects/covid_project_folders/jun26_bds_int_covid/data/raw/Lung_Opacity/images/Lung_Opacity-3858.png,/Users/berfinaktas/Projects/covid_project_folders/jun26_bds_int_covid/data/raw/Lung_Opacity/masks/Lung_Opacity-3858.png,Lung_Opacity,Lung_Opacity,True,0.07108577651410823,0.30859375,0.23035390870394565
/Users/berfinaktas/Projects/covid_project_folders/jun26_bds_int_covid/data/raw/Normal/images/Normal-3921.png,/Users/berfinaktas/Projects/covid_project_folders/jun26_bds_int_covid/data/raw/Normal/masks/Normal-3921.png,Normal,Normal,True,0.15910325643960654,0.2755126953125,0.5774806720218241
/Users/berfinaktas/Projects/covid_project_folders/jun26_bds_int_covid/data/raw/Lung_Opacity/images/Lung_Opacity-2132.png,/Users/berfinaktas/Projects/covid_project_folders/jun26_bds_int_covid/data/raw/Lung_Opacity/masks/Lung_Opacity-2132.png,Lung_Opacity,Lung_Opacity,True,0.01555915531979107,0.28424072265625,0.054739360266149215
/Users/berfinaktas/Projects/covid_project_folders/jun26_bds_int_covid/data/raw/Normal/images/Normal-3323.png,/Users/berfinaktas/Projects/covid_project_folders/jun26_bds_int_covid/data/raw/Normal/masks/Normal-3323.png,Normal,Normal,True,0.2015590441535988,0.279296875,0.7216659482981999
/Users/berfinaktas/Projects/covid_project_folders/jun26_bds_int_covid/data/raw/Viral Pneumonia/images/Viral Pneumonia-381.png,/Users/berfinaktas/Projects/covid_project_folders/jun26_bds_int_covid/data/raw/Viral Pneumonia/masks/Viral Pneumonia-381.png,Viral Pneumonia,Normal,False,0.24321244216805157,0.29107666015625,0.8355614704301441
/Users/berfinaktas/Projects/covid_project_folders/jun26_bds_int_covid/data/raw/COVID/images/COVID-3474.png,/Users/berfinaktas/Projects/covid_project_folders/jun26_bds_int_covid/data/raw/COVID/masks/COVID-3474.png,COVID,COVID,True,0.1987551343345168,0.2200927734375,0.9030516142364735
/Users/berfinaktas/Projects/covid_project_folders/jun26_bds_int_covid/data/raw/Normal/images/Normal-6284.png,/Users/berfinaktas/Projects/covid_project_folders/jun26_bds_int_covid/data/raw/Normal/masks/Normal-6284.png,Normal,Normal,True,0.305436780809245,0.42486572265625,0.7189019130554044
/Users/berfinaktas/Projects/covid_project_folders/jun26_bds_int_covid/data/raw/Lung_Opacity/images/Lung_Opacity-1456.png,/Users/berfinaktas/Projects/covid_project_folders/jun26_bds_int_covid/data/raw/Lung_Opacity/masks/Lung_Opacity-1456.png,Lung_Opacity,Lung_Opacity,True,0.00926363063452834,0.28387451171875,0.03263283687725485
/Users/berfinaktas/Projects/covid_project_folders/jun26_bds_int_covid/data/raw/Lung_Opacity/images/Lung_Opacity-99.png,/Users/berfinaktas/Projects/covid_project_folders/jun26_bds_int_covid/data/raw/Lung_Opacity/masks/Lung_Opacity-99.png,Lung_Opacity,Lung_Opacity,True,0.08123916463450646,0.3265380859375,0.24878924735920635
/Users/berfinaktas/Projects/covid_project_folders/jun26_bds_int_covid/data/raw/Lung_Opacity/images/Lung_Opacity-3254.png,/Users/berfinaktas/Projects/covid_project_folders/jun26_bds_int_covid/data/raw/Lung_Opacity/masks/Lung_Opacity-3254.png,Lung_Opacity,Lung_Opacity,True,0.003243459582226527,0.28790283203125,0.011265813397328689
/Users/berfinaktas/Projects/covid_project_folders/jun26_bds_int_covid/data/raw/Lung_Opacity/images/Lung_Opacity-1135.png,/Users/berfinaktas/Projects/covid_project_folders/jun26_bds_int_covid/data/raw/Lung_Opacity/masks/Lung_Opacity-1135.png,Lung_Opacity,Viral Pneumonia,False,0.1778234951459843,0.2911376953125,0.6107882902456618
/Users/berfinaktas/Projects/covid_project_folders/jun26_bds_int_covid/data/raw/COVID/images/COVID-2223.png,/Users/berfinaktas/Projects/covid_project_folders/jun26_bds_int_covid/data/raw/COVID/masks/COVID-2223.png,COVID,COVID,True,0.32038753978393936,0.3642578125,0.879562575707115
/Users/berfinaktas/Projects/covid_project_folders/jun26_bds_int_covid/data/raw/Normal/images/Normal-5006.png,/Users/berfinaktas/Projects/covid_project_folders/jun26_bds_int_covid/data/raw/Normal/masks/Normal-5006.png,Normal,Normal,True,0.2454969790363554,0.35162353515625,0.6981813061155436
/Users/berfinaktas/Projects/covid_project_folders/jun26_bds_int_covid/data/raw/Normal/images/Normal-5289.png,/Users/berfinaktas/Projects/covid_project_folders/jun26_bds_int_covid/data/raw/Normal/masks/Normal-5289.png,Normal,Normal,True,0.28755765463485866,0.40283203125,0.713840092960231
/Users/berfinaktas/Projects/covid_project_folders/jun26_bds_int_covid/data/raw/Lung_Opacity/images/Lung_Opacity-3766.png,/Users/berfinaktas/Projects/covid_project_folders/jun26_bds_int_covid/data/raw/Lung_Opacity/masks/Lung_Opacity-3766.png,Lung_Opacity,Lung_Opacity,True,0.07367775634739729,0.39141845703125,0.1882327085600744
/Users/berfinaktas/Projects/covid_project_folders/jun26_bds_int_covid/data/raw/Normal/images/Normal-7470.png,/Users/berfinaktas/Projects/covid_project_folders/jun26_bds_int_covid/data/raw/Normal/masks/Normal-7470.png,Normal,Normal,True,0.23502939194412217,0.39447021484375,0.5958102363627569
/Users/berfinaktas/Projects/covid_project_folders/jun26_bds_int_covid/data/raw/COVID/images/COVID-3371.png,/Users/berfinaktas/Projects/covid_project_folders/jun26_bds_int_covid/data/raw/COVID/masks/COVID-3371.png,COVID,COVID,True,0.3653976507689901,0.2144775390625,1.7036639471255361
/Users/berfinaktas/Projects/covid_project_folders/jun26_bds_int_covid/data/raw/COVID/images/COVID-103.png,/Users/berfinaktas/Projects/covid_project_folders/jun26_bds_int_covid/data/raw/COVID/masks/COVID-103.png,COVID,Normal,False,0.15773564816535798,0.38055419921875,0.41448931187509624
/Users/berfinaktas/Projects/covid_project_folders/jun26_bds_int_covid/data/raw/Lung_Opacity/images/Lung_Opacity-5920.png,/Users/berfinaktas/Projects/covid_project_folders/jun26_bds_int_covid/data/raw/Lung_Opacity/masks/Lung_Opacity-5920.png,Lung_Opacity,Lung_Opacity,True,0.01758845691635971,0.35614013671875,0.04938633729522493
/Users/berfinaktas/Projects/covid_project_folders/jun26_bds_int_covid/data/raw/Normal/images/Normal-4810.png,/Users/berfinaktas/Projects/covid_project_folders/jun26_bds_int_covid/data/raw/Normal/masks/Normal-4810.png,Normal,Normal,True,0.2502878141996496,0.45001220703125,0.5561800553162972
/Users/berfinaktas/Projects/covid_project_folders/jun26_bds_int_covid/data/raw/Lung_Opacity/images/Lung_Opacity-4775.png,/Users/berfinaktas/Projects/covid_project_folders/jun26_bds_int_covid/data/raw/Lung_Opacity/masks/Lung_Opacity-4775.png,Lung_Opacity,Lung_Opacity,True,0.056614079802053026,0.4234619140625,0.1336934395325507
/Users/berfinaktas/Projects/covid_project_folders/jun26_bds_int_covid/data/raw/Normal/images/Normal-2620.png,/Users/berfinaktas/Projects/covid_project_folders/jun26_bds_int_covid/data/raw/Normal/masks/Normal-2620.png,Normal,Normal,True,0.2563928776280778,0.4027099609375,0.6366688249558088
/Users/berfinaktas/Projects/covid_project_folders/jun26_bds_int_covid/data/raw/Normal/images/Normal-8473.png,/Users/berfinaktas/Projects/covid_project_folders/jun26_bds_int_covid/data/raw/Normal/masks/Normal-8473.png,Normal,Normal,True,0.17571562195486626,0.3548583984375,0.49517109564990175
/Users/berfinaktas/Projects/covid_project_folders/jun26_bds_int_covid/data/raw/COVID/images/COVID-585.png,/Users/berfinaktas/Projects/covid_project_folders/jun26_bds_int_covid/data/raw/COVID/masks/COVID-585.png,COVID,COVID,True,0.2648200018167222,0.2564697265625,1.0325585220764342
/Users/berfinaktas/Projects/covid_project_folders/jun26_bds_int_covid/data/raw/Normal/images/Normal-1742.png,/Users/berfinaktas/Projects/covid_project_folders/jun26_bds_int_covid/data/raw/Normal/masks/Normal-1742.png,Normal,Normal,True,0.15203058116812576,0.3187255859375,0.4769952205780491
/Users/berfinaktas/Projects/covid_project_folders/jun26_bds_int_covid/data/raw/Normal/images/Normal-3465.png,/Users/berfinaktas/Projects/covid_project_folders/jun26_bds_int_covid/data/raw/Normal/masks/Normal-3465.png,Normal,Normal,True,0.22478386865047295,0.4224853515625,0.5320512718823098
/Users/berfinaktas/Projects/covid_project_folders/jun26_bds_int_covid/data/raw/Lung_Opacity/images/Lung_Opacity-4578.png,/Users/berfinaktas/Projects/covid_project_folders/jun26_bds_int_covid/data/raw/Lung_Opacity/masks/Lung_Opacity-4578.png,Lung_Opacity,Lung_Opacity,True,0.04612446828873986,0.34844970703125,0.13237051820681622
/Users/berfinaktas/Projects/covid_project_folders/jun26_bds_int_covid/data/raw/Normal/images/Normal-8453.png,/Users/berfinaktas/Projects/covid_project_folders/jun26_bds_int_covid/data/raw/Normal/masks/Normal-8453.png,Normal,Lung_Opacity,False,0.03070442322448263,0.280029296875,0.10964718180251164
/Users/berfinaktas/Projects/covid_project_folders/jun26_bds_int_covid/data/raw/Viral Pneumonia/images/Viral Pneumonia-817.png,/Users/berfinaktas/Projects/covid_project_folders/jun26_bds_int_covid/data/raw/Viral Pneumonia/masks/Viral Pneumonia-817.png,Viral Pneumonia,Viral Pneumonia,True,0.07289549718038714,0.292724609375,0.24902415050113905
/Users/berfinaktas/Projects/covid_project_folders/jun26_bds_int_covid/data/raw/Normal/images/Normal-5911.png,/Users/berfinaktas/Projects/covid_project_folders/jun26_bds_int_covid/data/raw/Normal/masks/Normal-5911.png,Normal,Normal,True,0.2200672528811951,0.392578125,0.5605693207719995
/Users/berfinaktas/Projects/covid_project_folders/jun26_bds_int_covid/data/raw/Normal/images/Normal-9436.png,/Users/berfinaktas/Projects/covid_project_folders/jun26_bds_int_covid/data/raw/Normal/masks/Normal-9436.png,Normal,Normal,True,0.10725157421520176,0.34417724609375,0.31161727113705723
/Users/berfinaktas/Projects/covid_project_folders/jun26_bds_int_covid/data/raw/Normal/images/Normal-6067.png,/Users/berfinaktas/Projects/covid_project_folders/jun26_bds_int_covid/data/raw/Normal/masks/Normal-6067.png,Normal,Normal,True,0.27075670330968576,0.4735107421875,0.5718068867009399
/Users/berfinaktas/Projects/covid_project_folders/jun26_bds_int_covid/data/raw/Lung_Opacity/images/Lung_Opacity-3146.png,/Users/berfinaktas/Projects/covid_project_folders/jun26_bds_int_covid/data/raw/Lung_Opacity/masks/Lung_Opacity-3146.png,Lung_Opacity,Lung_Opacity,True,0.07760358534088405,0.24639892578125,0.31495098890885415
/Users/berfinaktas/Projects/covid_project_folders/jun26_bds_int_covid/data/raw/Lung_Opacity/images/Lung_Opacity-1599.png,/Users/berfinaktas/Projects/covid_project_folders/jun26_bds_int_covid/data/raw/Lung_Opacity/masks/Lung_Opacity-1599.png,Lung_Opacity,Lung_Opacity,True,0.011907605903118058,0.3221435546875,0.03696366334154723
/Users/berfinaktas/Projects/covid_project_folders/jun26_bds_int_covid/data/raw/Normal/images/Normal-5879.png,/Users/berfinaktas/Projects/covid_project_folders/jun26_bds_int_covid/data/raw/Normal/masks/Normal-5879.png,Normal,Normal,True,0.25176385549300667,0.39801025390625,0.6325562043240947
/Users/berfinaktas/Projects/covid_project_folders/jun26_bds_int_covid/data/raw/Normal/images/Normal-1299.png,/Users/berfinaktas/Projects/covid_project_folders/jun26_bds_int_covid/data/raw/Normal/masks/Normal-1299.png,Normal,Normal,True,0.23966654680947544,0.34136962890625,0.7020734315977911
/Users/berfinaktas/Projects/covid_project_folders/jun26_bds_int_covid/data/raw/COVID/images/COVID-454.png,/Users/berfinaktas/Projects/covid_project_folders/jun26_bds_int_covid/data/raw/COVID/masks/COVID-454.png,COVID,COVID,True,0.3149975962831478,0.27850341796875,1.1310367340572196
/Users/berfinaktas/Projects/covid_project_folders/jun26_bds_int_covid/data/raw/COVID/images/COVID-2957.png,/Users/berfinaktas/Projects/covid_project_folders/jun26_bds_int_covid/data/raw/COVID/masks/COVID-2957.png,COVID,Viral Pneumonia,False,0.10589629500766967,0.38232421875,0.27698034760626755
/Users/berfinaktas/Projects/covid_project_folders/jun26_bds_int_covid/data/raw/Lung_Opacity/images/Lung_Opacity-4831.png,/Users/berfinaktas/Projects/covid_project_folders/jun26_bds_int_covid/data/raw/Lung_Opacity/masks/Lung_Opacity-4831.png,Lung_Opacity,Lung_Opacity,True,0.0880284061209291,0.36962890625,0.2381534686072164
/Users/berfinaktas/Projects/covid_project_folders/jun26_bds_int_covid/data/raw/Normal/images/Normal-8281.png,/Users/berfinaktas/Projects/covid_project_folders/jun26_bds_int_covid/data/raw/Normal/masks/Normal-8281.png,Normal,Normal,True,0.2587036430110864,0.29498291015625,0.8770123085234098
/Users/berfinaktas/Projects/covid_project_folders/jun26_bds_int_covid/data/raw/Normal/images/Normal-4746.png,/Users/berfinaktas/Projects/covid_project_folders/jun26_bds_int_covid/data/raw/Normal/masks/Normal-4746.png,Normal,Normal,True,0.14233419093336921,0.3968505859375,0.3586593946866074
/Users/berfinaktas/Projects/covid_project_folders/jun26_bds_int_covid/data/raw/Lung_Opacity/images/Lung_Opacity-655.png,/Users/berfinaktas/Projects/covid_project_folders/jun26_bds_int_covid/data/raw/Lung_Opacity/masks/Lung_Opacity-655.png,Lung_Opacity,Normal,False,0.1903974549721801,0.3536376953125,0.5383969455064203
/Users/berfinaktas/Projects/covid_project_folders/jun26_bds_int_covid/data/raw/Normal/images/Normal-5829.png,/Users/berfinaktas/Projects/covid_project_folders/jun26_bds_int_covid/data/raw/Normal/masks/Normal-5829.png,Normal,Normal,True,0.30756740426277956,0.375244140625,0.8196461209241022
/Users/berfinaktas/Projects/covid_project_folders/jun26_bds_int_covid/data/raw/Normal/images/Normal-6416.png,/Users/berfinaktas/Projects/covid_project_folders/jun26_bds_int_covid/data/raw/Normal/masks/Normal-6416.png,Normal,Normal,True,0.22551358232447366,0.41192626953125,0.547461036124489
/Users/berfinaktas/Projects/covid_project_folders/jun26_bds_int_covid/data/raw/Lung_Opacity/images/Lung_Opacity-42.png,/Users/berfinaktas/Projects/covid_project_folders/jun26_bds_int_covid/data/raw/Lung_Opacity/masks/Lung_Opacity-42.png,Lung_Opacity,COVID,False,0.5141133173104899,0.392578125,1.3095821814078152
/Users/berfinaktas/Projects/covid_project_folders/jun26_bds_int_covid/data/raw/Lung_Opacity/images/Lung_Opacity-2996.png,/Users/berfinaktas/Projects/covid_project_folders/jun26_bds_int_covid/data/raw/Lung_Opacity/masks/Lung_Opacity-2996.png,Lung_Opacity,Normal,False,0.1333636415060691,0.27874755859375,0.4784387787246412
/Users/berfinaktas/Projects/covid_project_folders/jun26_bds_int_covid/data/raw/Normal/images/Normal-4255.png,/Users/berfinaktas/Projects/covid_project_folders/jun26_bds_int_covid/data/raw/Normal/masks/Normal-4255.png,Normal,Normal,True,0.2862890269860324,0.372802734375,0.7679370363685585
/Users/berfinaktas/Projects/covid_project_folders/jun26_bds_int_covid/data/raw/Normal/images/Normal-3482.png,/Users/berfinaktas/Projects/covid_project_folders/jun26_bds_int_covid/data/raw/Normal/masks/Normal-3482.png,Normal,Normal,True,0.26158370075207427,0.3782958984375,0.6914790824656316
/Users/berfinaktas/Projects/covid_project_folders/jun26_bds_int_covid/data/raw/Normal/images/Normal-36.png,/Users/berfinaktas/Projects/covid_project_folders/jun26_bds_int_covid/data/raw/Normal/masks/Normal-36.png,Normal,Normal,True,0.30686471881509947,0.39697265625,0.7730122314063023
/Users/berfinaktas/Projects/covid_project_folders/jun26_bds_int_covid/data/raw/Normal/images/Normal-1185.png,/Users/berfinaktas/Projects/covid_project_folders/jun26_bds_int_covid/data/raw/Normal/masks/Normal-1185.png,Normal,Normal,True,0.22392572918917727,0.31304931640625,0.7153049614029012
/Users/berfinaktas/Projects/covid_project_folders/jun26_bds_int_covid/data/raw/Lung_Opacity/images/Lung_Opacity-1207.png,/Users/berfinaktas/Projects/covid_project_folders/jun26_bds_int_covid/data/raw/Lung_Opacity/masks/Lung_Opacity-1207.png,Lung_Opacity,Lung_Opacity,True,0.05255735608007888,0.36541748046875,0.14382824820711748
/Users/berfinaktas/Projects/covid_project_folders/jun26_bds_int_covid/data/raw/Lung_Opacity/images/Lung_Opacity-4007.png,/Users/berfinaktas/Projects/covid_project_folders/jun26_bds_int_covid/data/raw/Lung_Opacity/masks/Lung_Opacity-4007.png,Lung_Opacity,Lung_Opacity,True,0.1390833232408703,0.39910888671875,0.3484846563661751
/Users/berfinaktas/Projects/covid_project_folders/jun26_bds_int_covid/data/raw/Lung_Opacity/images/Lung_Opacity-2618.png,/Users/berfinaktas/Projects/covid_project_folders/jun26_bds_int_covid/data/raw/Lung_Opacity/masks/Lung_Opacity-2618.png,Lung_Opacity,Lung_Opacity,True,0.06861482631543842,0.367431640625,0.18674174657012343
/Users/berfinaktas/Projects/covid_project_folders/jun26_bds_int_covid/data/raw/Lung_Opacity/images/Lung_Opacity-1136.png,/Users/berfinaktas/Projects/covid_project_folders/jun26_bds_int_covid/data/raw/Lung_Opacity/masks/Lung_Opacity-1136.png,Lung_Opacity,Normal,False,0.2233131074453898,0.3221435546875,0.6932099189816723
/Users/berfinaktas/Projects/covid_project_folders/jun26_bds_int_covid/data/raw/Lung_Opacity/images/Lung_Opacity-2883.png,/Users/berfinaktas/Projects/covid_project_folders/jun26_bds_int_covid/data/raw/Lung_Opacity/masks/Lung_Opacity-2883.png,Lung_Opacity,Lung_Opacity,True,0.06381793405540324,0.30474853515625,0.2094117828086775
/Users/berfinaktas/Projects/covid_project_folders/jun26_bds_int_covid/data/raw/Normal/images/Normal-1601.png,/Users/berfinaktas/Projects/covid_project_folders/jun26_bds_int_covid/data/raw/Normal/masks/Normal-1601.png,Normal,Normal,True,0.21613506873182475,0.30078125,0.7185789298097031
/Users/berfinaktas/Projects/covid_project_folders/jun26_bds_int_covid/data/raw/COVID/images/COVID-223.png,/Users/berfinaktas/Projects/covid_project_folders/jun26_bds_int_covid/data/raw/COVID/masks/COVID-223.png,COVID,COVID,True,0.3290517333620515,0.36181640625,0.9094439270249413
/Users/berfinaktas/Projects/covid_project_folders/jun26_bds_int_covid/data/raw/Normal/images/Normal-837.png,/Users/berfinaktas/Projects/covid_project_folders/jun26_bds_int_covid/data/raw/Normal/masks/Normal-837.png,Normal,Normal,True,0.23881795268914802,0.34393310546875,0.6943732629740907
/Users/berfinaktas/Projects/covid_project_folders/jun26_bds_int_covid/data/raw/Normal/images/Normal-1409.png,/Users/berfinaktas/Projects/covid_project_folders/jun26_bds_int_covid/data/raw/Normal/masks/Normal-1409.png,Normal,Normal,True,0.23407408041811792,0.3660888671875,0.6393914194015412
/Users/berfinaktas/Projects/covid_project_folders/jun26_bds_int_covid/data/raw/COVID/images/COVID-1362.png,/Users/berfinaktas/Projects/covid_project_folders/jun26_bds_int_covid/data/raw/COVID/masks/COVID-1362.png,COVID,Lung_Opacity,False,0.18586268241610845,0.44110107421875,0.4213607567047905
/Users/berfinaktas/Projects/covid_project_folders/jun26_bds_int_covid/data/raw/Normal/images/Normal-8804.png,/Users/berfinaktas/Projects/covid_project_folders/jun26_bds_int_covid/data/raw/Normal/masks/Normal-8804.png,Normal,Normal,True,0.2721704982484248,0.33563232421875,0.8109186112569907
/Users/berfinaktas/Projects/covid_project_folders/jun26_bds_int_covid/data/raw/Normal/images/Normal-7617.png,/Users/berfinaktas/Projects/covid_project_folders/jun26_bds_int_covid/data/raw/Normal/masks/Normal-7617.png,Normal,Normal,True,0.2729983326006984,0.36224365234375,0.7536317912939919
/Users/berfinaktas/Projects/covid_project_folders/jun26_bds_int_covid/data/raw/Lung_Opacity/images/Lung_Opacity-4512.png,/Users/berfinaktas/Projects/covid_project_folders/jun26_bds_int_covid/data/raw/Lung_Opacity/masks/Lung_Opacity-4512.png,Lung_Opacity,Lung_Opacity,True,0.023384230887753897,0.3167724609375,0.07382027723794987
/Users/berfinaktas/Projects/covid_project_folders/jun26_bds_int_covid/data/raw/COVID/images/COVID-1742.png,/Users/berfinaktas/Projects/covid_project_folders/jun26_bds_int_covid/data/raw/COVID/masks/COVID-1742.png,COVID,Lung_Opacity,False,0.013965547289499542,0.2900390625,0.04815057381968866
/Users/berfinaktas/Projects/covid_project_folders/jun26_bds_int_covid/data/raw/Viral Pneumonia/images/Viral Pneumonia-305.png,/Users/berfinaktas/Projects/covid_project_folders/jun26_bds_int_covid/data/raw/Viral Pneumonia/masks/Viral Pneumonia-305.png,Viral Pneumonia,Viral Pneumonia,True,0.16746193965827835,0.26617431640625,0.6291438705253916
/Users/berfinaktas/Projects/covid_project_folders/jun26_bds_int_covid/data/raw/Normal/images/Normal-2319.png,/Users/berfinaktas/Projects/covid_project_folders/jun26_bds_int_covid/data/raw/Normal/masks/Normal-2319.png,Normal,COVID,False,0.37254130686301806,0.343017578125,1.0860705999365994
/Users/berfinaktas/Projects/covid_project_folders/jun26_bds_int_covid/data/raw/Normal/images/Normal-463.png,/Users/berfinaktas/Projects/covid_project_folders/jun26_bds_int_covid/data/raw/Normal/masks/Normal-463.png,Normal,Normal,True,0.2149184887261928,0.27117919921875,0.7925330900945178
/Users/berfinaktas/Projects/covid_project_folders/jun26_bds_int_covid/data/raw/Viral Pneumonia/images/Viral Pneumonia-948.png,/Users/berfinaktas/Projects/covid_project_folders/jun26_bds_int_covid/data/raw/Viral Pneumonia/masks/Viral Pneumonia-948.png,Viral Pneumonia,Viral Pneumonia,True,0.11444372205669659,0.23162841796875,0.49408325222053145
/Users/berfinaktas/Projects/covid_project_folders/jun26_bds_int_covid/data/raw/Normal/images/Normal-8514.png,/Users/berfinaktas/Projects/covid_project_folders/jun26_bds_int_covid/data/raw/Normal/masks/Normal-8514.png,Normal,Normal,True,0.09493986239584935,0.3857421875,0.2461225799831639
/Users/berfinaktas/Projects/covid_project_folders/jun26_bds_int_covid/data/raw/Lung_Opacity/images/Lung_Opacity-4207.png,/Users/berfinaktas/Projects/covid_project_folders/jun26_bds_int_covid/data/raw/Lung_Opacity/masks/Lung_Opacity-4207.png,Lung_Opacity,Lung_Opacity,True,0.006440574423218998,0.39019775390625,0.01650592387768185
/Users/berfinaktas/Projects/covid_project_folders/jun26_bds_int_covid/data/raw/COVID/images/COVID-2677.png,/Users/berfinaktas/Projects/covid_project_folders/jun26_bds_int_covid/data/raw/COVID/masks/COVID-2677.png,COVID,COVID,True,0.34456036813468366,0.32647705078125,1.0553892450025533
/Users/berfinaktas/Projects/covid_project_folders/jun26_bds_int_covid/data/raw/Normal/images/Normal-1189.png,/Users/berfinaktas/Projects/covid_project_folders/jun26_bds_int_covid/data/raw/Normal/masks/Normal-1189.png,Normal,Normal,True,0.18199352050901868,0.23931884765625,0.7604646365773431
/Users/berfinaktas/Projects/covid_project_folders/jun26_bds_int_covid/data/raw/Normal/images/Normal-4990.png,/Users/berfinaktas/Projects/covid_project_folders/jun26_bds_int_covid/data/raw/Normal/masks/Normal-4990.png,Normal,Normal,True,0.2674113372883779,0.38348388671875,0.6973209215554327
/Users/berfinaktas/Projects/covid_project_folders/jun26_bds_int_covid/data/raw/Lung_Opacity/images/Lung_Opacity-1226.png,/Users/berfinaktas/Projects/covid_project_folders/jun26_bds_int_covid/data/raw/Lung_Opacity/masks/Lung_Opacity-1226.png,Lung_Opacity,Lung_Opacity,True,0.00890560852800654,0.32550048828125,0.02735973938174745
/Users/berfinaktas/Projects/covid_project_folders/jun26_bds_int_covid/data/raw/Normal/images/Normal-6785.png,/Users/berfinaktas/Projects/covid_project_folders/jun26_bds_int_covid/data/raw/Normal/masks/Normal-6785.png,Normal,Normal,True,0.28468776194723416,0.39044189453125,0.7291424561112216
/Users/berfinaktas/Projects/covid_project_folders/jun26_bds_int_covid/data/raw/Lung_Opacity/images/Lung_Opacity-4143.png,/Users/berfinaktas/Projects/covid_project_folders/jun26_bds_int_covid/data/raw/Lung_Opacity/masks/Lung_Opacity-4143.png,Lung_Opacity,Lung_Opacity,True,0.03718099189296791,0.28826904296875,0.12898017598441378
/Users/berfinaktas/Projects/covid_project_folders/jun26_bds_int_covid/data/raw/Normal/images/Normal-7327.png,/Users/berfinaktas/Projects/covid_project_folders/jun26_bds_int_covid/data/raw/Normal/masks/Normal-7327.png,Normal,Normal,True,0.23807408085804163,0.3211669921875,0.7412781719456774
/Users/berfinaktas/Projects/covid_project_folders/jun26_bds_int_covid/data/raw/Normal/images/Normal-7562.png,/Users/berfinaktas/Projects/covid_project_folders/jun26_bds_int_covid/data/raw/Normal/masks/Normal-7562.png,Normal,Normal,True,0.20014584516862638,0.41656494140625,0.4804673299989413
/Users/berfinaktas/Projects/covid_project_folders/jun26_bds_int_covid/data/raw/Lung_Opacity/images/Lung_Opacity-213.png,/Users/berfinaktas/Projects/covid_project_folders/jun26_bds_int_covid/data/raw/Lung_Opacity/masks/Lung_Opacity-213.png,Lung_Opacity,Lung_Opacity,True,0.026286785587556403,0.39093017578125,0.06724163857400844
/Users/berfinaktas/Projects/covid_project_folders/jun26_bds_int_covid/data/raw/Normal/images/Normal-1941.png,/Users/berfinaktas/Projects/covid_project_folders/jun26_bds_int_covid/data/raw/Normal/masks/Normal-1941.png,Normal,COVID,False,0.16722882864611238,0.27197265625,0.6148736823469266
/Users/berfinaktas/Projects/covid_project_folders/jun26_bds_int_covid/data/raw/Lung_Opacity/images/Lung_Opacity-1545.png,/Users/berfinaktas/Projects/covid_project_folders/jun26_bds_int_covid/data/raw/Lung_Opacity/masks/Lung_Opacity-1545.png,Lung_Opacity,Normal,False,0.3480055830770859,0.41693115234375,0.8346835709464171
/Users/berfinaktas/Projects/covid_project_folders/jun26_bds_int_covid/data/raw/Viral Pneumonia/images/Viral Pneumonia-1126.png,/Users/berfinaktas/Projects/covid_project_folders/jun26_bds_int_covid/data/raw/Viral Pneumonia/masks/Viral Pneumonia-1126.png,Viral Pneumonia,Viral Pneumonia,True,0.10422005889203644,0.2659912109375,0.39181767895528335
/Users/berfinaktas/Projects/covid_project_folders/jun26_bds_int_covid/data/raw/Lung_Opacity/images/Lung_Opacity-4922.png,/Users/berfinaktas/Projects/covid_project_folders/jun26_bds_int_covid/data/raw/Lung_Opacity/masks/Lung_Opacity-4922.png,Lung_Opacity,Lung_Opacity,True,0.03264562503930924,0.31768798828125,0.10276002317849041
/Users/berfinaktas/Projects/covid_project_folders/jun26_bds_int_covid/data/raw/COVID/images/COVID-88.png,/Users/berfinaktas/Projects/covid_project_folders/jun26_bds_int_covid/data/raw/COVID/masks/COVID-88.png,COVID,Lung_Opacity,False,0.02901278943779025,0.30975341796875,0.09366414623620797
/Users/berfinaktas/Projects/covid_project_folders/jun26_bds_int_covid/data/raw/Lung_Opacity/images/Lung_Opacity-667.png,/Users/berfinaktas/Projects/covid_project_folders/jun26_bds_int_covid/data/raw/Lung_Opacity/masks/Lung_Opacity-667.png,Lung_Opacity,Lung_Opacity,True,0.055391288389191926,0.3388671875,0.16346017092372486
/Users/berfinaktas/Projects/covid_project_folders/jun26_bds_int_covid/data/raw/COVID/images/COVID-12.png,/Users/berfinaktas/Projects/covid_project_folders/jun26_bds_int_covid/data/raw/COVID/masks/COVID-12.png,COVID,COVID,True,0.3128038128492256,0.3187255859375,0.9814204652856592
/Users/berfinaktas/Projects/covid_project_folders/jun26_bds_int_covid/data/raw/Viral Pneumonia/images/Viral Pneumonia-60.png,/Users/berfinaktas/Projects/covid_project_folders/jun26_bds_int_covid/data/raw/Viral Pneumonia/masks/Viral Pneumonia-60.png,Viral Pneumonia,Viral Pneumonia,True,0.16571323718633707,0.33099365234375,0.5006538222498519
/Users/berfinaktas/Projects/covid_project_folders/jun26_bds_int_covid/data/raw/Normal/images/Normal-4091.png,/Users/berfinaktas/Projects/covid_project_folders/jun26_bds_int_covid/data/raw/Normal/masks/Normal-4091.png,Normal,Normal,True,0.21304357982088518,0.3780517578125,0.5635301924096517
/Users/berfinaktas/Projects/covid_project_folders/jun26_bds_int_covid/data/raw/Lung_Opacity/images/Lung_Opacity-1075.png,/Users/berfinaktas/Projects/covid_project_folders/jun26_bds_int_covid/data/raw/Lung_Opacity/masks/Lung_Opacity-1075.png,Lung_Opacity,Lung_Opacity,True,0.08521772514999296,0.35693359375,0.23874952271844813
/Users/berfinaktas/Projects/covid_project_folders/jun26_bds_int_covid/data/raw/Normal/images/Normal-2228.png,/Users/berfinaktas/Projects/covid_project_folders/jun26_bds_int_covid/data/raw/Normal/masks/Normal-2228.png,Normal,Normal,True,0.2621958498844954,0.3680419921875,0.7124074302665958
/Users/berfinaktas/Projects/covid_project_folders/jun26_bds_int_covid/data/raw/Normal/images/Normal-9453.png,/Users/berfinaktas/Projects/covid_project_folders/jun26_bds_int_covid/data/raw/Normal/masks/Normal-9453.png,Normal,Normal,True,0.19170497162421005,0.35418701171875,0.5412535335328378
/Users/berfinaktas/Projects/covid_project_folders/jun26_bds_int_covid/data/raw/COVID/images/COVID-742.png,/Users/berfinaktas/Projects/covid_project_folders/jun26_bds_int_covid/data/raw/COVID/masks/COVID-742.png,COVID,COVID,True,0.2908897975428002,0.24835205078125,1.1712800302141162
/Users/berfinaktas/Projects/covid_project_folders/jun26_bds_int_covid/data/raw/Normal/images/Normal-3437.png,/Users/berfinaktas/Projects/covid_project_folders/jun26_bds_int_covid/data/raw/Normal/masks/Normal-3437.png,Normal,COVID,False,0.3684453054882679,0.3743896484375,0.9841225766416338
/Users/berfinaktas/Projects/covid_project_folders/jun26_bds_int_covid/data/raw/Normal/images/Normal-551.png,/Users/berfinaktas/Projects/covid_project_folders/jun26_bds_int_covid/data/raw/Normal/masks/Normal-551.png,Normal,Viral Pneumonia,False,0.1035211086413834,0.26556396484375,0.3898160983636924
/Users/berfinaktas/Projects/covid_project_folders/jun26_bds_int_covid/data/raw/COVID/images/COVID-3522.png,/Users/berfinaktas/Projects/covid_project_folders/jun26_bds_int_covid/data/raw/COVID/masks/COVID-3522.png,COVID,Normal,False,0.18432442270090857,0.3670654296875,0.5021568575875767
/Users/berfinaktas/Projects/covid_project_folders/jun26_bds_int_covid/data/raw/COVID/images/COVID-1219.png,/Users/berfinaktas/Projects/covid_project_folders/jun26_bds_int_covid/data/raw/COVID/masks/COVID-1219.png,COVID,Normal,False,0.19130282362706866,0.35809326171875,0.5342262591283268
/Users/berfinaktas/Projects/covid_project_folders/jun26_bds_int_covid/data/raw/Viral Pneumonia/images/Viral Pneumonia-604.png,/Users/berfinaktas/Projects/covid_project_folders/jun26_bds_int_covid/data/raw/Viral Pneumonia/masks/Viral Pneumonia-604.png,Viral Pneumonia,Viral Pneumonia,True,0.1071200552301418,0.25128173828125,0.4262946283436102
/Users/berfinaktas/Projects/covid_project_folders/jun26_bds_int_covid/data/raw/Lung_Opacity/images/Lung_Opacity-5975.png,/Users/berfinaktas/Projects/covid_project_folders/jun26_bds_int_covid/data/raw/Lung_Opacity/masks/Lung_Opacity-5975.png,Lung_Opacity,Lung_Opacity,True,0.0,0.32659912109375,0.0
/Users/berfinaktas/Projects/covid_project_folders/jun26_bds_int_covid/data/raw/Normal/images/Normal-5717.png,/Users/berfinaktas/Projects/covid_project_folders/jun26_bds_int_covid/data/raw/Normal/masks/Normal-5717.png,Normal,Normal,True,0.18450871822558174,0.24261474609375,0.7605008401026242
/Users/berfinaktas/Projects/covid_project_folders/jun26_bds_int_covid/data/raw/Normal/images/Normal-8923.png,/Users/berfinaktas/Projects/covid_project_folders/jun26_bds_int_covid/data/raw/Normal/masks/Normal-8923.png,Normal,Normal,True,0.24488383770397215,0.34136962890625,0.7173568383589987
/Users/berfinaktas/Projects/covid_project_folders/jun26_bds_int_covid/data/raw/Normal/images/Normal-3945.png,/Users/berfinaktas/Projects/covid_project_folders/jun26_bds_int_covid/data/raw/Normal/masks/Normal-3945.png,Normal,Normal,True,0.14441959476295346,0.3878173828125,0.37239072089962694
/Users/berfinaktas/Projects/covid_project_folders/jun26_bds_int_covid/data/raw/Viral Pneumonia/images/Viral Pneumonia-425.png,/Users/berfinaktas/Projects/covid_project_folders/jun26_bds_int_covid/data/raw/Viral Pneumonia/masks/Viral Pneumonia-425.png,Viral Pneumonia,Viral Pneumonia,True,0.11410315760763398,0.2833251953125,0.4027285941929072
/Users/berfinaktas/Projects/covid_project_folders/jun26_bds_int_covid/data/raw/Normal/images/Normal-10192.png,/Users/berfinaktas/Projects/covid_project_folders/jun26_bds_int_covid/data/raw/Normal/masks/Normal-10192.png,Normal,Normal,True,0.20708030774291608,0.3411865234375,0.6069416390089333
/Users/berfinaktas/Projects/covid_project_folders/jun26_bds_int_covid/data/raw/Normal/images/Normal-442.png,/Users/berfinaktas/Projects/covid_project_folders/jun26_bds_int_covid/data/raw/Normal/masks/Normal-442.png,Normal,Normal,True,0.18032122239074155,0.341796875,0.5275683763660552
/Users/berfinaktas/Projects/covid_project_folders/jun26_bds_int_covid/data/raw/Viral Pneumonia/images/Viral Pneumonia-268.png,/Users/berfinaktas/Projects/covid_project_folders/jun26_bds_int_covid/data/raw/Viral Pneumonia/masks/Viral Pneumonia-268.png,Viral Pneumonia,Viral Pneumonia,True,0.10671053614558733,0.304443359375,0.35051030958486423
/Users/berfinaktas/Projects/covid_project_folders/jun26_bds_int_covid/data/raw/Lung_Opacity/images/Lung_Opacity-4621.png,/Users/berfinaktas/Projects/covid_project_folders/jun26_bds_int_covid/data/raw/Lung_Opacity/masks/Lung_Opacity-4621.png,Lung_Opacity,Normal,False,0.3114253154618898,0.4417724609375,0.7049450633500417
/Users/berfinaktas/Projects/covid_project_folders/jun26_bds_int_covid/data/raw/Normal/images/Normal-3403.png,/Users/berfinaktas/Projects/covid_project_folders/jun26_bds_int_covid/data/raw/Normal/masks/Normal-3403.png,Normal,Lung_Opacity,False,0.07198927562813753,0.3304443359375,0.2178559829869607
/Users/berfinaktas/Projects/covid_project_folders/jun26_bds_int_covid/data/raw/Lung_Opacity/images/Lung_Opacity-43.png,/Users/berfinaktas/Projects/covid_project_folders/jun26_bds_int_covid/data/raw/Lung_Opacity/masks/Lung_Opacity-43.png,Lung_Opacity,Normal,False,0.24964004875101617,0.361572265625,0.6904291962755991
/Users/berfinaktas/Projects/covid_project_folders/jun26_bds_int_covid/data/raw/COVID/images/COVID-2892.png,/Users/berfinaktas/Projects/covid_project_folders/jun26_bds_int_covid/data/raw/COVID/masks/COVID-2892.png,COVID,Normal,False,0.14028318686568894,0.31964111328125,0.43887716891492223
/Users/berfinaktas/Projects/covid_project_folders/jun26_bds_int_covid/data/raw/Normal/images/Normal-2327.png,/Users/berfinaktas/Projects/covid_project_folders/jun26_bds_int_covid/data/raw/Normal/masks/Normal-2327.png,Normal,Normal,True,0.09470524745450397,0.400146484375,0.23667644513340344
/Users/berfinaktas/Projects/covid_project_folders/jun26_bds_int_covid/data/raw/Lung_Opacity/images/Lung_Opacity-5902.png,/Users/berfinaktas/Projects/covid_project_folders/jun26_bds_int_covid/data/raw/Lung_Opacity/masks/Lung_Opacity-5902.png,Lung_Opacity,Lung_Opacity,True,0.18324472519958915,0.38824462890625,0.47198264072788376
/Users/berfinaktas/Projects/covid_project_folders/jun26_bds_int_covid/data/raw/Normal/images/Normal-3257.png,/Users/berfinaktas/Projects/covid_project_folders/jun26_bds_int_covid/data/raw/Normal/masks/Normal-3257.png,Normal,Lung_Opacity,False,0.04866693441818159,0.41595458984375,0.11700059479200105
/Users/berfinaktas/Projects/covid_project_folders/jun26_bds_int_covid/data/raw/Lung_Opacity/images/Lung_Opacity-5164.png,/Users/berfinaktas/Projects/covid_project_folders/jun26_bds_int_covid/data/raw/Lung_Opacity/masks/Lung_Opacity-5164.png,Lung_Opacity,Lung_Opacity,True,0.13360098565506376,0.29095458984375,0.45918157100326507
/Users/berfinaktas/Projects/covid_project_folders/jun26_bds_int_covid/data/raw/Normal/images/Normal-6933.png,/Users/berfinaktas/Projects/covid_project_folders/jun26_bds_int_covid/data/raw/Normal/masks/Normal-6933.png,Normal,Normal,True,0.27852420454564847,0.38226318359375,0.7286189633204382
/Users/berfinaktas/Projects/covid_project_folders/jun26_bds_int_covid/data/raw/COVID/images/COVID-2913.png,/Users/berfinaktas/Projects/covid_project_folders/jun26_bds_int_covid/data/raw/COVID/masks/COVID-2913.png,COVID,COVID,True,0.31046121428979445,0.3509521484375,0.8846254843346073
/Users/berfinaktas/Projects/covid_project_folders/jun26_bds_int_covid/data/raw/Normal/images/Normal-7092.png,/Users/berfinaktas/Projects/covid_project_folders/jun26_bds_int_covid/data/raw/Normal/masks/Normal-7092.png,Normal,Normal,True,0.15858270186011345,0.35052490234375,0.4524149377113179
/Users/berfinaktas/Projects/covid_project_folders/jun26_bds_int_covid/data/raw/Normal/images/Normal-5302.png,/Users/berfinaktas/Projects/covid_project_folders/jun26_bds_int_covid/data/raw/Normal/masks/Normal-5302.png,Normal,Normal,True,0.3412756874129113,0.4189453125,0.8146067690228932
/Users/berfinaktas/Projects/covid_project_folders/jun26_bds_int_covid/data/raw/Normal/images/Normal-9201.png,/Users/berfinaktas/Projects/covid_project_folders/jun26_bds_int_covid/data/raw/Normal/masks/Normal-9201.png,Normal,Normal,True,0.030480643371795443,0.36328125,0.0839037064858025
/Users/berfinaktas/Projects/covid_project_folders/jun26_bds_int_covid/data/raw/Lung_Opacity/images/Lung_Opacity-5642.png,/Users/berfinaktas/Projects/covid_project_folders/jun26_bds_int_covid/data/raw/Lung_Opacity/masks/Lung_Opacity-5642.png,Lung_Opacity,Lung_Opacity,True,0.01660131087371933,0.2969970703125,0.05589722099363286
/Users/berfinaktas/Projects/covid_project_folders/jun26_bds_int_covid/data/raw/Normal/images/Normal-8928.png,/Users/berfinaktas/Projects/covid_project_folders/jun26_bds_int_covid/data/raw/Normal/masks/Normal-8928.png,Normal,COVID,False,0.32812788887577554,0.37841796875,0.8671044082807591
/Users/berfinaktas/Projects/covid_project_folders/jun26_bds_int_covid/data/raw/Lung_Opacity/images/Lung_Opacity-4570.png,/Users/berfinaktas/Projects/covid_project_folders/jun26_bds_int_covid/data/raw/Lung_Opacity/masks/Lung_Opacity-4570.png,Lung_Opacity,COVID,False,0.33993325006331493,0.32379150390625,1.0498522844556741
/Users/berfinaktas/Projects/covid_project_folders/jun26_bds_int_covid/data/raw/COVID/images/COVID-263.png,/Users/berfinaktas/Projects/covid_project_folders/jun26_bds_int_covid/data/raw/COVID/masks/COVID-263.png,COVID,Normal,False,0.19960439900537666,0.40496826171875,0.49288899371576356
/Users/berfinaktas/Projects/covid_project_folders/jun26_bds_int_covid/data/raw/Lung_Opacity/images/Lung_Opacity-4920.png,/Users/berfinaktas/Projects/covid_project_folders/jun26_bds_int_covid/data/raw/Lung_Opacity/masks/Lung_Opacity-4920.png,Lung_Opacity,Normal,False,0.2142775471667294,0.40447998046875,0.5297605753402285
/Users/berfinaktas/Projects/covid_project_folders/jun26_bds_int_covid/data/raw/Lung_Opacity/images/Lung_Opacity-1556.png,/Users/berfinaktas/Projects/covid_project_folders/jun26_bds_int_covid/data/raw/Lung_Opacity/masks/Lung_Opacity-1556.png,Lung_Opacity,Lung_Opacity,True,0.08984484418975067,0.39111328125,0.22971565655506787
/Users/berfinaktas/Projects/covid_project_folders/jun26_bds_int_covid/data/raw/Lung_Opacity/images/Lung_Opacity-5117.png,/Users/berfinaktas/Projects/covid_project_folders/jun26_bds_int_covid/data/raw/Lung_Opacity/masks/Lung_Opacity-5117.png,Lung_Opacity,Lung_Opacity,True,0.058493880356438065,0.32672119140625,0.1790330162077118
/Users/berfinaktas/Projects/covid_project_folders/jun26_bds_int_covid/data/raw/Normal/images/Normal-5880.png,/Users/berfinaktas/Projects/covid_project_folders/jun26_bds_int_covid/data/raw/Normal/masks/Normal-5880.png,Normal,Normal,True,0.19152037802293198,0.31097412109375,0.6158723991222214
/Users/berfinaktas/Projects/covid_project_folders/jun26_bds_int_covid/data/raw/Normal/images/Normal-2986.png,/Users/berfinaktas/Projects/covid_project_folders/jun26_bds_int_covid/data/raw/Normal/masks/Normal-2986.png,Normal,Normal,True,0.2206800575653495,0.3857421875,0.5720920985997922
/Users/berfinaktas/Projects/covid_project_folders/jun26_bds_int_covid/data/raw/Lung_Opacity/images/Lung_Opacity-2860.png,/Users/berfinaktas/Projects/covid_project_folders/jun26_bds_int_covid/data/raw/Lung_Opacity/masks/Lung_Opacity-2860.png,Lung_Opacity,Lung_Opacity,True,0.10085580272427148,0.3687744140625,0.2734891545571771
/Users/berfinaktas/Projects/covid_project_folders/jun26_bds_int_covid/data/raw/Viral Pneumonia/images/Viral Pneumonia-276.png,/Users/berfinaktas/Projects/covid_project_folders/jun26_bds_int_covid/data/raw/Viral Pneumonia/masks/Viral Pneumonia-276.png,Viral Pneumonia,Viral Pneumonia,True,0.11861575020236376,0.334228515625,0.3548941656894682
/Users/berfinaktas/Projects/covid_project_folders/jun26_bds_int_covid/data/raw/Normal/images/Normal-4914.png,/Users/berfinaktas/Projects/covid_project_folders/jun26_bds_int_covid/data/raw/Normal/masks/Normal-4914.png,Normal,Normal,True,0.21932171168890977,0.31005859375,0.7073556937620271
/Users/berfinaktas/Projects/covid_project_folders/jun26_bds_int_covid/data/raw/Normal/images/Normal-6024.png,/Users/berfinaktas/Projects/covid_project_folders/jun26_bds_int_covid/data/raw/Normal/masks/Normal-6024.png,Normal,Normal,True,0.15531695883539076,0.35113525390625,0.44232801209091643
/Users/berfinaktas/Projects/covid_project_folders/jun26_bds_int_covid/data/raw/Normal/images/Normal-3283.png,/Users/berfinaktas/Projects/covid_project_folders/jun26_bds_int_covid/data/raw/Normal/masks/Normal-3283.png,Normal,Normal,True,0.22402451066802903,0.3892822265625,0.5754809631208824
/Users/berfinaktas/Projects/covid_project_folders/jun26_bds_int_covid/data/raw/Normal/images/Normal-6168.png,/Users/berfinaktas/Projects/covid_project_folders/jun26_bds_int_covid/data/raw/Normal/masks/Normal-6168.png,Normal,Normal,True,0.17453859156198684,0.4085693359375,0.4271945449882869
/Users/berfinaktas/Projects/covid_project_folders/jun26_bds_int_covid/data/raw/Lung_Opacity/images/Lung_Opacity-5631.png,/Users/berfinaktas/Projects/covid_project_folders/jun26_bds_int_covid/data/raw/Lung_Opacity/masks/Lung_Opacity-5631.png,Lung_Opacity,Lung_Opacity,True,0.0997554574132492,0.3983154296875,0.250443367186435
/Users/berfinaktas/Projects/covid_project_folders/jun26_bds_int_covid/data/raw/Normal/images/Normal-8507.png,/Users/berfinaktas/Projects/covid_project_folders/jun26_bds_int_covid/data/raw/Normal/masks/Normal-8507.png,Normal,Normal,True,0.19077301089922338,0.33831787109375,0.563886886266079
/Users/berfinaktas/Projects/covid_project_folders/jun26_bds_int_covid/data/raw/COVID/images/COVID-1459.png,/Users/berfinaktas/Projects/covid_project_folders/jun26_bds_int_covid/data/raw/COVID/masks/COVID-1459.png,COVID,COVID,True,0.24942681046399057,0.27142333984375,0.9189585929035353
/Users/berfinaktas/Projects/covid_project_folders/jun26_bds_int_covid/data/raw/Normal/images/Normal-6110.png,/Users/berfinaktas/Projects/covid_project_folders/jun26_bds_int_covid/data/raw/Normal/masks/Normal-6110.png,Normal,Normal,True,0.23779336728414813,0.40289306640625,0.5902145931803489
/Users/berfinaktas/Projects/covid_project_folders/jun26_bds_int_covid/data/raw/COVID/images/COVID-1361.png,/Users/berfinaktas/Projects/covid_project_folders/jun26_bds_int_covid/data/raw/COVID/masks/COVID-1361.png,COVID,COVID,True,0.2600675374838818,0.3580322265625,0.7263802478922466
/Users/berfinaktas/Projects/covid_project_folders/jun26_bds_int_covid/data/raw/Normal/images/Normal-2728.png,/Users/berfinaktas/Projects/covid_project_folders/jun26_bds_int_covid/data/raw/Normal/masks/Normal-2728.png,Normal,Normal,True,0.2760743354986593,0.3997802734375,0.6905651775282494
/Users/berfinaktas/Projects/covid_project_folders/jun26_bds_int_covid/data/raw/Lung_Opacity/images/Lung_Opacity-2580.png,/Users/berfinaktas/Projects/covid_project_folders/jun26_bds_int_covid/data/raw/Lung_Opacity/masks/Lung_Opacity-2580.png,Lung_Opacity,COVID,False,0.44713374241135145,0.372314453125,1.2009572517487839
/Users/berfinaktas/Projects/covid_project_folders/jun26_bds_int_covid/data/raw/Lung_Opacity/images/Lung_Opacity-3815.png,/Users/berfinaktas/Projects/covid_project_folders/jun26_bds_int_covid/data/raw/Lung_Opacity/masks/Lung_Opacity-3815.png,Lung_Opacity,Lung_Opacity,True,0.025890165116369233,0.40509033203125,0.06391207853948976
/Users/berfinaktas/Projects/covid_project_folders/jun26_bds_int_covid/data/raw/Normal/images/Normal-8703.png,/Users/berfinaktas/Projects/covid_project_folders/jun26_bds_int_covid/data/raw/Normal/masks/Normal-8703.png,Normal,Normal,True,0.2629924594931362,0.38043212890625,0.6912992870745297
/Users/berfinaktas/Projects/covid_project_folders/jun26_bds_int_covid/data/raw/Normal/images/Normal-6996.png,/Users/berfinaktas/Projects/covid_project_folders/jun26_bds_int_covid/data/raw/Normal/masks/Normal-6996.png,Normal,Normal,True,0.22434401139124852,0.42388916015625,0.5292515885722413
/Users/berfinaktas/Projects/covid_project_folders/jun26_bds_int_covid/data/raw/Lung_Opacity/images/Lung_Opacity-1876.png,/Users/berfinaktas/Projects/covid_project_folders/jun26_bds_int_covid/data/raw/Lung_Opacity/masks/Lung_Opacity-1876.png,Lung_Opacity,Lung_Opacity,True,0.028875092078085102,0.2667236328125,0.10825846878886644
/Users/berfinaktas/Projects/covid_project_folders/jun26_bds_int_covid/data/raw/Lung_Opacity/images/Lung_Opacity-5042.png,/Users/berfinaktas/Projects/covid_project_folders/jun26_bds_int_covid/data/raw/Lung_Opacity/masks/Lung_Opacity-5042.png,Lung_Opacity,Normal,False,0.189102454617702,0.23834228515625,0.7934070720759103
/Users/berfinaktas/Projects/covid_project_folders/jun26_bds_int_covid/data/raw/Normal/images/Normal-2064.png,/Users/berfinaktas/Projects/covid_project_folders/jun26_bds_int_covid/data/raw/Normal/masks/Normal-2064.png,Normal,Normal,True,0.16489427487569128,0.32757568359375,0.503377641058939
/Users/berfinaktas/Projects/covid_project_folders/jun26_bds_int_covid/data/raw/COVID/images/COVID-985.png,/Users/berfinaktas/Projects/covid_project_folders/jun26_bds_int_covid/data/raw/COVID/masks/COVID-985.png,COVID,Normal,False,0.15941451769818582,0.35394287109375,0.4503961817497976
/Users/berfinaktas/Projects/covid_project_folders/jun26_bds_int_covid/data/raw/Normal/images/Normal-7863.png,/Users/berfinaktas/Projects/covid_project_folders/jun26_bds_int_covid/data/raw/Normal/masks/Normal-7863.png,Normal,Normal,True,0.2757986340802984,0.30072021484375,0.9171270186262653
/Users/berfinaktas/Projects/covid_project_folders/jun26_bds_int_covid/data/raw/Lung_Opacity/images/Lung_Opacity-4196.png,/Users/berfinaktas/Projects/covid_project_folders/jun26_bds_int_covid/data/raw/Lung_Opacity/masks/Lung_Opacity-4196.png,Lung_Opacity,Lung_Opacity,True,0.03506399297167127,0.2674560546875,0.13110188517751303
/Users/berfinaktas/Projects/covid_project_folders/jun26_bds_int_covid/data/raw/Normal/images/Normal-822.png,/Users/berfinaktas/Projects/covid_project_folders/jun26_bds_int_covid/data/raw/Normal/masks/Normal-822.png,Normal,Normal,True,0.21433792788927905,0.2852783203125,0.7513291849674686
/Users/berfinaktas/Projects/covid_project_folders/jun26_bds_int_covid/data/raw/Normal/images/Normal-8225.png,/Users/berfinaktas/Projects/covid_project_folders/jun26_bds_int_covid/data/raw/Normal/masks/Normal-8225.png,Normal,Normal,True,0.24455109659295984,0.3443603515625,0.7101604336368404
/Users/berfinaktas/Projects/covid_project_folders/jun26_bds_int_covid/data/raw/Normal/images/Normal-9354.png,/Users/berfinaktas/Projects/covid_project_folders/jun26_bds_int_covid/data/raw/Normal/masks/Normal-9354.png,Normal,Normal,True,0.32116458881668924,0.4510498046875,0.7120379733657154
/Users/berfinaktas/Projects/covid_project_folders/jun26_bds_int_covid/data/raw/Normal/images/Normal-5761.png,/Users/berfinaktas/Projects/covid_project_folders/jun26_bds_int_covid/data/raw/Normal/masks/Normal-5761.png,Normal,Normal,True,0.17854314093246423,0.39892578125,0.44755979514037547
/Users/berfinaktas/Projects/covid_project_folders/jun26_bds_int_covid/data/raw/Normal/images/Normal-9217.png,/Users/berfinaktas/Projects/covid_project_folders/jun26_bds_int_covid/data/raw/Normal/masks/Normal-9217.png,Normal,COVID,False,0.3233247160557692,0.37744140625,0.856622274879968
/Users/berfinaktas/Projects/covid_project_folders/jun26_bds_int_covid/data/raw/Viral Pneumonia/images/Viral Pneumonia-460.png,/Users/berfinaktas/Projects/covid_project_folders/jun26_bds_int_covid/data/raw/Viral Pneumonia/masks/Viral Pneumonia-460.png,Viral Pneumonia,Viral Pneumonia,True,0.0704006269832931,0.24188232421875,0.29105321031901943
/Users/berfinaktas/Projects/covid_project_folders/jun26_bds_int_covid/data/raw/Lung_Opacity/images/Lung_Opacity-2644.png,/Users/berfinaktas/Projects/covid_project_folders/jun26_bds_int_covid/data/raw/Lung_Opacity/masks/Lung_Opacity-2644.png,Lung_Opacity,Lung_Opacity,True,0.11093707655648519,0.40673828125,0.2727480585686455
/Users/berfinaktas/Projects/covid_project_folders/jun26_bds_int_covid/data/raw/Normal/images/Normal-921.png,/Users/berfinaktas/Projects/covid_project_folders/jun26_bds_int_covid/data/raw/Normal/masks/Normal-921.png,Normal,Normal,True,0.2910232150377031,0.389404296875,0.7473549146046595
/Users/berfinaktas/Projects/covid_project_folders/jun26_bds_int_covid/data/raw/Viral Pneumonia/images/Viral Pneumonia-1121.png,/Users/berfinaktas/Projects/covid_project_folders/jun26_bds_int_covid/data/raw/Viral Pneumonia/masks/Viral Pneumonia-1121.png,Viral Pneumonia,Viral Pneumonia,True,0.0872488433940061,0.17437744140625,0.5003447847978285
/Users/berfinaktas/Projects/covid_project_folders/jun26_bds_int_covid/data/raw/COVID/images/COVID-213.png,/Users/berfinaktas/Projects/covid_project_folders/jun26_bds_int_covid/data/raw/COVID/masks/COVID-213.png,COVID,Lung_Opacity,False,0.02270104009112761,0.31683349609375,0.07164974780447597
/Users/berfinaktas/Projects/covid_project_folders/jun26_bds_int_covid/data/raw/Lung_Opacity/images/Lung_Opacity-2396.png,/Users/berfinaktas/Projects/covid_project_folders/jun26_bds_int_covid/data/raw/Lung_Opacity/masks/Lung_Opacity-2396.png,Lung_Opacity,COVID,False,0.20142381747565233,0.26971435546875,0.7468042148723891
/Users/berfinaktas/Projects/covid_project_folders/jun26_bds_int_covid/data/raw/COVID/images/COVID-2705.png,/Users/berfinaktas/Projects/covid_project_folders/jun26_bds_int_covid/data/raw/COVID/masks/COVID-2705.png,COVID,COVID,True,0.33473257376938936,0.37957763671875,0.8818553607714544
/Users/berfinaktas/Projects/covid_project_folders/jun26_bds_int_covid/data/raw/Normal/images/Normal-7170.png,/Users/berfinaktas/Projects/covid_project_folders/jun26_bds_int_covid/data/raw/Normal/masks/Normal-7170.png,Normal,Normal,True,0.2168792615975718,0.34490966796875,0.6288001808555329
/Users/berfinaktas/Projects/covid_project_folders/jun26_bds_int_covid/data/raw/Lung_Opacity/images/Lung_Opacity-3970.png,/Users/berfinaktas/Projects/covid_project_folders/jun26_bds_int_covid/data/raw/Lung_Opacity/masks/Lung_Opacity-3970.png,Lung_Opacity,COVID,False,0.30249807569984216,0.33428955078125,0.9048983882173113
/Users/berfinaktas/Projects/covid_project_folders/jun26_bds_int_covid/data/raw/COVID/images/COVID-2335.png,/Users/berfinaktas/Projects/covid_project_folders/jun26_bds_int_covid/data/raw/COVID/masks/COVID-2335.png,COVID,COVID,True,0.2986144273650291,0.37322998046875,0.8000815663039471
/Users/berfinaktas/Projects/covid_project_folders/jun26_bds_int_covid/data/raw/Normal/images/Normal-5725.png,/Users/berfinaktas/Projects/covid_project_folders/jun26_bds_int_covid/data/raw/Normal/masks/Normal-5725.png,Normal,Normal,True,0.24021585310272334,0.44873046875,0.5353232504400189
/Users/berfinaktas/Projects/covid_project_folders/jun26_bds_int_covid/data/raw/Normal/images/Normal-8295.png,/Users/berfinaktas/Projects/covid_project_folders/jun26_bds_int_covid/data/raw/Normal/masks/Normal-8295.png,Normal,Normal,True,0.11169232082789043,0.30010986328125,0.37217144283997494
/Users/berfinaktas/Projects/covid_project_folders/jun26_bds_int_covid/data/raw/Normal/images/Normal-7694.png,/Users/berfinaktas/Projects/covid_project_folders/jun26_bds_int_covid/data/raw/Normal/masks/Normal-7694.png,Normal,COVID,False,0.37611133170575844,0.36322021484375,1.0354911878116528
/Users/berfinaktas/Projects/covid_project_folders/jun26_bds_int_covid/data/raw/COVID/images/COVID-1753.png,/Users/berfinaktas/Projects/covid_project_folders/jun26_bds_int_covid/data/raw/COVID/masks/COVID-1753.png,COVID,COVID,True,0.36674634491135294,0.2896728515625,1.2660708206969251
/Users/berfinaktas/Projects/covid_project_folders/jun26_bds_int_covid/data/raw/Normal/images/Normal-2277.png,/Users/berfinaktas/Projects/covid_project_folders/jun26_bds_int_covid/data/raw/Normal/masks/Normal-2277.png,Normal,Normal,True,0.2736850974822502,0.380615234375,0.7190597557968549
/Users/berfinaktas/Projects/covid_project_folders/jun26_bds_int_covid/data/raw/COVID/images/COVID-1650.png,/Users/berfinaktas/Projects/covid_project_folders/jun26_bds_int_covid/data/raw/COVID/masks/COVID-1650.png,COVID,Normal,False,0.2332461009630448,0.38934326171875,0.5990757357232366
/Users/berfinaktas/Projects/covid_project_folders/jun26_bds_int_covid/data/raw/Normal/images/Normal-663.png,/Users/berfinaktas/Projects/covid_project_folders/jun26_bds_int_covid/data/raw/Normal/masks/Normal-663.png,Normal,Normal,True,0.26602567502632357,0.31146240234375,0.8541180990851039
/Users/berfinaktas/Projects/covid_project_folders/jun26_bds_int_covid/data/raw/Viral Pneumonia/images/Viral Pneumonia-154.png,/Users/berfinaktas/Projects/covid_project_folders/jun26_bds_int_covid/data/raw/Viral Pneumonia/masks/Viral Pneumonia-154.png,Viral Pneumonia,Viral Pneumonia,True,0.15216817703801044,0.31011962890625,0.49067573560140976
/Users/berfinaktas/Projects/covid_project_folders/jun26_bds_int_covid/data/raw/COVID/images/COVID-1516.png,/Users/berfinaktas/Projects/covid_project_folders/jun26_bds_int_covid/data/raw/COVID/masks/COVID-1516.png,COVID,COVID,True,0.36443894430994533,0.449462890625,0.8108321107515134
/Users/berfinaktas/Projects/covid_project_folders/jun26_bds_int_covid/data/raw/Normal/images/Normal-6818.png,/Users/berfinaktas/Projects/covid_project_folders/jun26_bds_int_covid/data/raw/Normal/masks/Normal-6818.png,Normal,Normal,True,0.20055845739674188,0.4451904296875,0.4505003792141786
/Users/berfinaktas/Projects/covid_project_folders/jun26_bds_int_covid/data/raw/COVID/images/COVID-696.png,/Users/berfinaktas/Projects/covid_project_folders/jun26_bds_int_covid/data/raw/COVID/masks/COVID-696.png,COVID,Lung_Opacity,False,0.012022026183483735,0.2587890625,0.04645492381844281
/Users/berfinaktas/Projects/covid_project_folders/jun26_bds_int_covid/data/raw/Lung_Opacity/images/Lung_Opacity-4704.png,/Users/berfinaktas/Projects/covid_project_folders/jun26_bds_int_covid/data/raw/Lung_Opacity/masks/Lung_Opacity-4704.png,Lung_Opacity,Lung_Opacity,True,0.014782475365226843,0.33209228515625,0.044513155005307226
/Users/berfinaktas/Projects/covid_project_folders/jun26_bds_int_covid/data/raw/Normal/images/Normal-7793.png,/Users/berfinaktas/Projects/covid_project_folders/jun26_bds_int_covid/data/raw/Normal/masks/Normal-7793.png,Normal,Normal,True,0.22872782258923638,0.40374755859375,0.5665119645203399
/Users/berfinaktas/Projects/covid_project_folders/jun26_bds_int_covid/data/raw/Normal/images/Normal-993.png,/Users/berfinaktas/Projects/covid_project_folders/jun26_bds_int_covid/data/raw/Normal/masks/Normal-993.png,Normal,Normal,True,0.22198501367744025,0.270263671875,0.8213646034532929
/Users/berfinaktas/Projects/covid_project_folders/jun26_bds_int_covid/data/raw/Lung_Opacity/images/Lung_Opacity-3931.png,/Users/berfinaktas/Projects/covid_project_folders/jun26_bds_int_covid/data/raw/Lung_Opacity/masks/Lung_Opacity-3931.png,Lung_Opacity,COVID,False,0.4024306361305705,0.3857421875,1.043263218728365
/Users/berfinaktas/Projects/covid_project_folders/jun26_bds_int_covid/data/raw/Normal/images/Normal-6249.png,/Users/berfinaktas/Projects/covid_project_folders/jun26_bds_int_covid/data/raw/Normal/masks/Normal-6249.png,Normal,Normal,True,0.22111881295009012,0.42218017578125,0.5237546091331902
/Users/berfinaktas/Projects/covid_project_folders/jun26_bds_int_covid/data/raw/COVID/images/COVID-334.png,/Users/berfinaktas/Projects/covid_project_folders/jun26_bds_int_covid/data/raw/COVID/masks/COVID-334.png,COVID,COVID,True,0.23634711228418195,0.3094482421875,0.7637694452986267
/Users/berfinaktas/Projects/covid_project_folders/jun26_bds_int_covid/data/raw/Normal/images/Normal-9418.png,/Users/berfinaktas/Projects/covid_project_folders/jun26_bds_int_covid/data/raw/Normal/masks/Normal-9418.png,Normal,Lung_Opacity,False,0.02277221167031629,0.2841796875,0.08013314347217829
/Users/berfinaktas/Projects/covid_project_folders/jun26_bds_int_covid/data/raw/Lung_Opacity/images/Lung_Opacity-360.png,/Users/berfinaktas/Projects/covid_project_folders/jun26_bds_int_covid/data/raw/Lung_Opacity/masks/Lung_Opacity-360.png,Lung_Opacity,Lung_Opacity,True,0.0674586251079013,0.37432861328125,0.18021231269653593
/Users/berfinaktas/Projects/covid_project_folders/jun26_bds_int_covid/data/raw/Lung_Opacity/images/Lung_Opacity-4381.png,/Users/berfinaktas/Projects/covid_project_folders/jun26_bds_int_covid/data/raw/Lung_Opacity/masks/Lung_Opacity-4381.png,Lung_Opacity,Lung_Opacity,True,0.008406220457663894,0.312255859375,0.026920937446904852
/Users/berfinaktas/Projects/covid_project_folders/jun26_bds_int_covid/data/raw/COVID/images/COVID-928.png,/Users/berfinaktas/Projects/covid_project_folders/jun26_bds_int_covid/data/raw/COVID/masks/COVID-928.png,COVID,Normal,False,0.19480488767880497,0.35638427734375,0.5466147079516254
/Users/berfinaktas/Projects/covid_project_folders/jun26_bds_int_covid/data/raw/Lung_Opacity/images/Lung_Opacity-3386.png,/Users/berfinaktas/Projects/covid_project_folders/jun26_bds_int_covid/data/raw/Lung_Opacity/masks/Lung_Opacity-3386.png,Lung_Opacity,Lung_Opacity,True,0.10391406153125392,0.36944580078125,0.2812701113709011
/Users/berfinaktas/Projects/covid_project_folders/jun26_bds_int_covid/data/raw/Normal/images/Normal-2170.png,/Users/berfinaktas/Projects/covid_project_folders/jun26_bds_int_covid/data/raw/Normal/masks/Normal-2170.png,Normal,Normal,True,0.21567936795921352,0.31976318359375,0.6744971873723524
/Users/berfinaktas/Projects/covid_project_folders/jun26_bds_int_covid/data/raw/Normal/images/Normal-3144.png,/Users/berfinaktas/Projects/covid_project_folders/jun26_bds_int_covid/data/raw/Normal/masks/Normal-3144.png,Normal,Normal,True,0.364509825706649,0.448974609375,0.811871803205239
/Users/berfinaktas/Projects/covid_project_folders/jun26_bds_int_covid/data/raw/Normal/images/Normal-4855.png,/Users/berfinaktas/Projects/covid_project_folders/jun26_bds_int_covid/data/raw/Normal/masks/Normal-4855.png,Normal,Normal,True,0.2872431037888081,0.3441162109375,0.8347270330748193
/Users/berfinaktas/Projects/covid_project_folders/jun26_bds_int_covid/data/raw/Normal/images/Normal-8157.png,/Users/berfinaktas/Projects/covid_project_folders/jun26_bds_int_covid/data/raw/Normal/masks/Normal-8157.png,Normal,Normal,True,0.29991248530557024,0.42919921875,0.6987722069463116
/Users/berfinaktas/Projects/covid_project_folders/jun26_bds_int_covid/data/raw/Lung_Opacity/images/Lung_Opacity-2449.png,/Users/berfinaktas/Projects/covid_project_folders/jun26_bds_int_covid/data/raw/Lung_Opacity/masks/Lung_Opacity-2449.png,Lung_Opacity,Lung_Opacity,True,0.08133419508508408,0.3753662109375,0.2166795857356126
/Users/berfinaktas/Projects/covid_project_folders/jun26_bds_int_covid/data/raw/Normal/images/Normal-3218.png,/Users/berfinaktas/Projects/covid_project_folders/jun26_bds_int_covid/data/raw/Normal/masks/Normal-3218.png,Normal,Normal,True,0.35775677154919555,0.3792724609375,0.9432711530514998
/Users/berfinaktas/Projects/covid_project_folders/jun26_bds_int_covid/data/raw/Normal/images/Normal-1346.png,/Users/berfinaktas/Projects/covid_project_folders/jun26_bds_int_covid/data/raw/Normal/masks/Normal-1346.png,Normal,Viral Pneumonia,False,0.14326968739430668,0.2113037109375,0.6780273131913116
/Users/berfinaktas/Projects/covid_project_folders/jun26_bds_int_covid/data/raw/Lung_Opacity/images/Lung_Opacity-2960.png,/Users/berfinaktas/Projects/covid_project_folders/jun26_bds_int_covid/data/raw/Lung_Opacity/masks/Lung_Opacity-2960.png,Lung_Opacity,Lung_Opacity,True,0.02526362342868661,0.36834716796875,0.06858644676977654
/Users/berfinaktas/Projects/covid_project_folders/jun26_bds_int_covid/data/raw/Viral Pneumonia/images/Viral Pneumonia-1161.png,/Users/berfinaktas/Projects/covid_project_folders/jun26_bds_int_covid/data/raw/Viral Pneumonia/masks/Viral Pneumonia-1161.png,Viral Pneumonia,Viral Pneumonia,True,0.08362316119915493,0.20513916015625,0.4076411404602661
/Users/berfinaktas/Projects/covid_project_folders/jun26_bds_int_covid/data/raw/Normal/images/Normal-10006.png,/Users/berfinaktas/Projects/covid_project_folders/jun26_bds_int_covid/data/raw/Normal/masks/Normal-10006.png,Normal,Normal,True,0.36303598165285694,0.2984619140625,1.2163561397546847
/Users/berfinaktas/Projects/covid_project_folders/jun26_bds_int_covid/data/raw/Normal/images/Normal-3352.png,/Users/berfinaktas/Projects/covid_project_folders/jun26_bds_int_covid/data/raw/Normal/masks/Normal-3352.png,Normal,Normal,True,0.21160701013269909,0.3294677734375,0.6422692208251467
/Users/berfinaktas/Projects/covid_project_folders/jun26_bds_int_covid/data/raw/Viral Pneumonia/images/Viral Pneumonia-286.png,/Users/berfinaktas/Projects/covid_project_folders/jun26_bds_int_covid/data/raw/Viral Pneumonia/masks/Viral Pneumonia-286.png,Viral Pneumonia,Viral Pneumonia,True,0.13069569950223817,0.29681396484375,0.440328673790802
/Users/berfinaktas/Projects/covid_project_folders/jun26_bds_int_covid/data/raw/Normal/images/Normal-542.png,/Users/berfinaktas/Projects/covid_project_folders/jun26_bds_int_covid/data/raw/Normal/masks/Normal-542.png,Normal,Normal,True,0.24402264475310537,0.315185546875,0.7742190185195349
/Users/berfinaktas/Projects/covid_project_folders/jun26_bds_int_covid/data/raw/Normal/images/Normal-5604.png,/Users/berfinaktas/Projects/covid_project_folders/jun26_bds_int_covid/data/raw/Normal/masks/Normal-5604.png,Normal,Normal,True,0.2059550101229561,0.3306884765625,0.6228067341924166
/Users/berfinaktas/Projects/covid_project_folders/jun26_bds_int_covid/data/raw/COVID/images/COVID-2428.png,/Users/berfinaktas/Projects/covid_project_folders/jun26_bds_int_covid/data/raw/COVID/masks/COVID-2428.png,COVID,Normal,False,0.1671318504836025,0.32733154296875,0.5105888939629579
/Users/berfinaktas/Projects/covid_project_folders/jun26_bds_int_covid/data/raw/Lung_Opacity/images/Lung_Opacity-3369.png,/Users/berfinaktas/Projects/covid_project_folders/jun26_bds_int_covid/data/raw/Lung_Opacity/masks/Lung_Opacity-3369.png,Lung_Opacity,Lung_Opacity,True,0.011130749458621749,0.31121826171875,0.03576509102374166
/Users/berfinaktas/Projects/covid_project_folders/jun26_bds_int_covid/data/raw/COVID/images/COVID-2502.png,/Users/berfinaktas/Projects/covid_project_folders/jun26_bds_int_covid/data/raw/COVID/masks/COVID-2502.png,COVID,Normal,False,0.17885287973161226,0.38006591796875,0.47058384158065447
/Users/berfinaktas/Projects/covid_project_folders/jun26_bds_int_covid/data/raw/Normal/images/Normal-6372.png,/Users/berfinaktas/Projects/covid_project_folders/jun26_bds_int_covid/data/raw/Normal/masks/Normal-6372.png,Normal,Normal,True,0.20538141437809865,0.42559814453125,0.4825712165740382
/Users/berfinaktas/Projects/covid_project_folders/jun26_bds_int_covid/data/raw/Normal/images/Normal-6972.png,/Users/berfinaktas/Projects/covid_project_folders/jun26_bds_int_covid/data/raw/Normal/masks/Normal-6972.png,Normal,Normal,True,0.219642458031369,0.31689453125,0.6931090201051521
/Users/berfinaktas/Projects/covid_project_folders/jun26_bds_int_covid/data/raw/Normal/images/Normal-8019.png,/Users/berfinaktas/Projects/covid_project_folders/jun26_bds_int_covid/data/raw/Normal/masks/Normal-8019.png,Normal,COVID,False,0.2937004659445091,0.33123779296875,0.8866755913091647
/Users/berfinaktas/Projects/covid_project_folders/jun26_bds_int_covid/data/raw/Normal/images/Normal-1815.png,/Users/berfinaktas/Projects/covid_project_folders/jun26_bds_int_covid/data/raw/Normal/masks/Normal-1815.png,Normal,Normal,True,0.26197342666080925,0.36993408203125,0.7081624521383763
/Users/berfinaktas/Projects/covid_project_folders/jun26_bds_int_covid/data/raw/Normal/images/Normal-4644.png,/Users/berfinaktas/Projects/covid_project_folders/jun26_bds_int_covid/data/raw/Normal/masks/Normal-4644.png,Normal,Lung_Opacity,False,0.024454935911062466,0.22119140625,0.1105600634566356
/Users/berfinaktas/Projects/covid_project_folders/jun26_bds_int_covid/data/raw/Normal/images/Normal-4520.png,/Users/berfinaktas/Projects/covid_project_folders/jun26_bds_int_covid/data/raw/Normal/masks/Normal-4520.png,Normal,Normal,True,0.1475006618897827,0.29864501953125,0.4938996207648068
/Users/berfinaktas/Projects/covid_project_folders/jun26_bds_int_covid/data/raw/Normal/images/Normal-1402.png,/Users/berfinaktas/Projects/covid_project_folders/jun26_bds_int_covid/data/raw/Normal/masks/Normal-1402.png,Normal,Normal,True,0.21860812129219473,0.23895263671875,0.914859631992674
/Users/berfinaktas/Projects/covid_project_folders/jun26_bds_int_covid/data/raw/Normal/images/Normal-7677.png,/Users/berfinaktas/Projects/covid_project_folders/jun26_bds_int_covid/data/raw/Normal/masks/Normal-7677.png,Normal,Normal,True,0.3348979533663814,0.346435546875,0.9666962769476379
/Users/berfinaktas/Projects/covid_project_folders/jun26_bds_int_covid/data/raw/Normal/images/Normal-4936.png,/Users/berfinaktas/Projects/covid_project_folders/jun26_bds_int_covid/data/raw/Normal/masks/Normal-4936.png,Normal,Normal,True,0.21913196338509222,0.39501953125,0.5547370346262903
/Users/berfinaktas/Projects/covid_project_folders/jun26_bds_int_covid/data/raw/COVID/images/COVID-2497.png,/Users/berfinaktas/Projects/covid_project_folders/jun26_bds_int_covid/data/raw/COVID/masks/COVID-2497.png,COVID,COVID,True,0.3893612606588837,0.3719482421875,1.0468157030907697
/Users/berfinaktas/Projects/covid_project_folders/jun26_bds_int_covid/data/raw/COVID/images/COVID-205.png,/Users/berfinaktas/Projects/covid_project_folders/jun26_bds_int_covid/data/raw/COVID/masks/COVID-205.png,COVID,Normal,False,0.10295669503777158,0.302490234375,0.3403636988496468
/Users/berfinaktas/Projects/covid_project_folders/jun26_bds_int_covid/data/raw/Normal/images/Normal-708.png,/Users/berfinaktas/Projects/covid_project_folders/jun26_bds_int_covid/data/raw/Normal/masks/Normal-708.png,Normal,Normal,True,0.3128874564882264,0.426513671875,0.7335930290645537
/Users/berfinaktas/Projects/covid_project_folders/jun26_bds_int_covid/data/raw/Normal/images/Normal-8911.png,/Users/berfinaktas/Projects/covid_project_folders/jun26_bds_int_covid/data/raw/Normal/masks/Normal-8911.png,Normal,Normal,True,0.1629430546837989,0.41510009765625,0.39253918658129117
/Users/berfinaktas/Projects/covid_project_folders/jun26_bds_int_covid/data/raw/Normal/images/Normal-445.png,/Users/berfinaktas/Projects/covid_project_folders/jun26_bds_int_covid/data/raw/Normal/masks/Normal-445.png,Normal,Normal,True,0.18810416968434399,0.339599609375,0.5538998411409582
/Users/berfinaktas/Projects/covid_project_folders/jun26_bds_int_covid/data/raw/COVID/images/COVID-1299.png,/Users/berfinaktas/Projects/covid_project_folders/jun26_bds_int_covid/data/raw/COVID/masks/COVID-1299.png,COVID,Normal,False,0.21286830845444776,0.36871337890625,0.5773273242373237
/Users/berfinaktas/Projects/covid_project_folders/jun26_bds_int_covid/data/raw/Normal/images/Normal-3474.png,/Users/berfinaktas/Projects/covid_project_folders/jun26_bds_int_covid/data/raw/Normal/masks/Normal-3474.png,Normal,Normal,True,0.1971074690487194,0.43359375,0.45459019888713664
/Users/berfinaktas/Projects/covid_project_folders/jun26_bds_int_covid/data/raw/Normal/images/Normal-2291.png,/Users/berfinaktas/Projects/covid_project_folders/jun26_bds_int_covid/data/raw/Normal/masks/Normal-2291.png,Normal,Normal,True,0.2581417879879141,0.36956787109375,0.6984962930460751
/Users/berfinaktas/Projects/covid_project_folders/jun26_bds_int_covid/data/raw/Normal/images/Normal-281.png,/Users/berfinaktas/Projects/covid_project_folders/jun26_bds_int_covid/data/raw/Normal/masks/Normal-281.png,Normal,Normal,True,0.23108031736829726,0.29669189453125,0.7788561859210414
/Users/berfinaktas/Projects/covid_project_folders/jun26_bds_int_covid/data/raw/Lung_Opacity/images/Lung_Opacity-2630.png,/Users/berfinaktas/Projects/covid_project_folders/jun26_bds_int_covid/data/raw/Lung_Opacity/masks/Lung_Opacity-2630.png,Lung_Opacity,Lung_Opacity,True,0.02374037509241306,0.3387451171875,0.07008329829082803
/Users/berfinaktas/Projects/covid_project_folders/jun26_bds_int_covid/data/raw/Lung_Opacity/images/Lung_Opacity-3637.png,/Users/berfinaktas/Projects/covid_project_folders/jun26_bds_int_covid/data/raw/Lung_Opacity/masks/Lung_Opacity-3637.png,Lung_Opacity,Lung_Opacity,True,0.006203556207297125,0.35479736328125,0.01748478666787478
/Users/berfinaktas/Projects/covid_project_folders/jun26_bds_int_covid/data/raw/COVID/images/COVID-3552.png,/Users/berfinaktas/Projects/covid_project_folders/jun26_bds_int_covid/data/raw/COVID/masks/COVID-3552.png,COVID,COVID,True,0.2769340539523666,0.3109130859375,0.8907121201326216
/Users/berfinaktas/Projects/covid_project_folders/jun26_bds_int_covid/data/raw/Normal/images/Normal-7226.png,/Users/berfinaktas/Projects/covid_project_folders/jun26_bds_int_covid/data/raw/Normal/masks/Normal-7226.png,Normal,Normal,True,0.14022142443114927,0.29345703125,0.47782608524957354
/Users/berfinaktas/Projects/covid_project_folders/jun26_bds_int_covid/data/raw/COVID/images/COVID-763.png,/Users/berfinaktas/Projects/covid_project_folders/jun26_bds_int_covid/data/raw/COVID/masks/COVID-763.png,COVID,Normal,False,0.15225818974993566,0.3662109375,0.4157663634771576
/Users/berfinaktas/Projects/covid_project_folders/jun26_bds_int_covid/data/raw/Viral Pneumonia/images/Viral Pneumonia-264.png,/Users/berfinaktas/Projects/covid_project_folders/jun26_bds_int_covid/data/raw/Viral Pneumonia/masks/Viral Pneumonia-264.png,Viral Pneumonia,Viral Pneumonia,True,0.08740356430927519,0.2222900390625,0.39319604548137416
/Users/berfinaktas/Projects/covid_project_folders/jun26_bds_int_covid/data/raw/Normal/images/Normal-2376.png,/Users/berfinaktas/Projects/covid_project_folders/jun26_bds_int_covid/data/raw/Normal/masks/Normal-2376.png,Normal,Normal,True,0.20774049706843387,0.29974365234375,0.6930605383769539
/Users/berfinaktas/Projects/covid_project_folders/jun26_bds_int_covid/data/raw/Lung_Opacity/images/Lung_Opacity-5055.png,/Users/berfinaktas/Projects/covid_project_folders/jun26_bds_int_covid/data/raw/Lung_Opacity/masks/Lung_Opacity-5055.png,Lung_Opacity,Lung_Opacity,True,0.03296493762538234,0.3101806640625,0.10627657183279503
/Users/berfinaktas/Projects/covid_project_folders/jun26_bds_int_covid/data/raw/COVID/images/COVID-1717.png,/Users/berfinaktas/Projects/covid_project_folders/jun26_bds_int_covid/data/raw/COVID/masks/COVID-1717.png,COVID,Normal,False,0.20559363737455036,0.36309814453125,0.566220567279313
/Users/berfinaktas/Projects/covid_project_folders/jun26_bds_int_covid/data/raw/Normal/images/Normal-9019.png,/Users/berfinaktas/Projects/covid_project_folders/jun26_bds_int_covid/data/raw/Normal/masks/Normal-9019.png,Normal,Normal,True,0.1994017907920192,0.36614990234375,0.5445905884874883
/Users/berfinaktas/Projects/covid_project_folders/jun26_bds_int_covid/data/raw/Normal/images/Normal-2313.png,/Users/berfinaktas/Projects/covid_project_folders/jun26_bds_int_covid/data/raw/Normal/masks/Normal-2313.png,Normal,Normal,True,0.22936203331966395,0.42529296875,0.5393036099181077
/Users/berfinaktas/Projects/covid_project_folders/jun26_bds_int_covid/data/raw/COVID/images/COVID-124.png,/Users/berfinaktas/Projects/covid_project_folders/jun26_bds_int_covid/data/raw/COVID/masks/COVID-124.png,COVID,COVID,True,0.3710788428528116,0.32769775390625,1.132381404600571
/Users/berfinaktas/Projects/covid_project_folders/jun26_bds_int_covid/data/raw/Normal/images/Normal-7991.png,/Users/berfinaktas/Projects/covid_project_folders/jun26_bds_int_covid/data/raw/Normal/masks/Normal-7991.png,Normal,Normal,True,0.2819465981888447,0.386962890625,0.7286140480640428
/Users/berfinaktas/Projects/covid_project_folders/jun26_bds_int_covid/data/raw/Lung_Opacity/images/Lung_Opacity-3604.png,/Users/berfinaktas/Projects/covid_project_folders/jun26_bds_int_covid/data/raw/Lung_Opacity/masks/Lung_Opacity-3604.png,Lung_Opacity,Normal,False,0.24175701768150828,0.37530517578125,0.6441611607893692
/Users/berfinaktas/Projects/covid_project_folders/jun26_bds_int_covid/data/raw/Normal/images/Normal-7817.png,/Users/berfinaktas/Projects/covid_project_folders/jun26_bds_int_covid/data/raw/Normal/masks/Normal-7817.png,Normal,Normal,True,0.25581653309743546,0.34600830078125,0.7393364047042481
/Users/berfinaktas/Projects/covid_project_folders/jun26_bds_int_covid/data/raw/Lung_Opacity/images/Lung_Opacity-5698.png,/Users/berfinaktas/Projects/covid_project_folders/jun26_bds_int_covid/data/raw/Lung_Opacity/masks/Lung_Opacity-5698.png,Lung_Opacity,Lung_Opacity,True,0.010031430396709997,0.27508544921875,0.036466597652473176
/Users/berfinaktas/Projects/covid_project_folders/jun26_bds_int_covid/data/raw/Viral Pneumonia/images/Viral Pneumonia-98.png,/Users/berfinaktas/Projects/covid_project_folders/jun26_bds_int_covid/data/raw/Viral Pneumonia/masks/Viral Pneumonia-98.png,Viral Pneumonia,Viral Pneumonia,True,0.06979317335057081,0.195556640625,0.3568949288938053
/Users/berfinaktas/Projects/covid_project_folders/jun26_bds_int_covid/data/raw/Normal/images/Normal-4180.png,/Users/berfinaktas/Projects/covid_project_folders/jun26_bds_int_covid/data/raw/Normal/masks/Normal-4180.png,Normal,Normal,True,0.1918711221027518,0.345703125,0.5550170311672821
/Users/berfinaktas/Projects/covid_project_folders/jun26_bds_int_covid/data/raw/Lung_Opacity/images/Lung_Opacity-1983.png,/Users/berfinaktas/Projects/covid_project_folders/jun26_bds_int_covid/data/raw/Lung_Opacity/masks/Lung_Opacity-1983.png,Lung_Opacity,Lung_Opacity,True,0.011523172154194088,0.30364990234375,0.03794887488930974
/Users/berfinaktas/Projects/covid_project_folders/jun26_bds_int_covid/data/raw/Normal/images/Normal-1517.png,/Users/berfinaktas/Projects/covid_project_folders/jun26_bds_int_covid/data/raw/Normal/masks/Normal-1517.png,Normal,Normal,True,0.23427741452197343,0.35003662109375,0.6692940121234546
/Users/berfinaktas/Projects/covid_project_folders/jun26_bds_int_covid/data/raw/Normal/images/Normal-7641.png,/Users/berfinaktas/Projects/covid_project_folders/jun26_bds_int_covid/data/raw/Normal/masks/Normal-7641.png,Normal,Normal,True,0.16624609588737013,0.3179931640625,0.5227977034584783
/Users/berfinaktas/Projects/covid_project_folders/jun26_bds_int_covid/data/raw/COVID/images/COVID-380.png,/Users/berfinaktas/Projects/covid_project_folders/jun26_bds_int_covid/data/raw/COVID/masks/COVID-380.png,COVID,COVID,True,0.3052468137323425,0.36260986328125,0.8418050490137519
/Users/berfinaktas/Projects/covid_project_folders/jun26_bds_int_covid/data/raw/COVID/images/COVID-3237.png,/Users/berfinaktas/Projects/covid_project_folders/jun26_bds_int_covid/data/raw/COVID/masks/COVID-3237.png,COVID,COVID,True,0.4287640904520456,0.39984130859375,1.0723356522616876
/Users/berfinaktas/Projects/covid_project_folders/jun26_bds_int_covid/data/raw/COVID/images/COVID-1439.png,/Users/berfinaktas/Projects/covid_project_folders/jun26_bds_int_covid/data/raw/COVID/masks/COVID-1439.png,COVID,COVID,True,0.18031482439741797,0.30303955078125,0.5950207619188914
/Users/berfinaktas/Projects/covid_project_folders/jun26_bds_int_covid/data/raw/Lung_Opacity/images/Lung_Opacity-2366.png,/Users/berfinaktas/Projects/covid_project_folders/jun26_bds_int_covid/data/raw/Lung_Opacity/masks/Lung_Opacity-2366.png,Lung_Opacity,Normal,False,0.1898987461183259,0.298828125,0.6354781569449861
/Users/berfinaktas/Projects/covid_project_folders/jun26_bds_int_covid/data/raw/Lung_Opacity/images/Lung_Opacity-546.png,/Users/berfinaktas/Projects/covid_project_folders/jun26_bds_int_covid/data/raw/Lung_Opacity/masks/Lung_Opacity-546.png,Lung_Opacity,Lung_Opacity,True,0.0560197372746093,0.4141845703125,0.13525307626100777
/Users/berfinaktas/Projects/covid_project_folders/jun26_bds_int_covid/data/raw/COVID/images/COVID-1453.png,/Users/berfinaktas/Projects/covid_project_folders/jun26_bds_int_covid/data/raw/COVID/masks/COVID-1453.png,COVID,COVID,True,0.3242727491713353,0.34576416015625,0.9378437285830816
/Users/berfinaktas/Projects/covid_project_folders/jun26_bds_int_covid/data/raw/Lung_Opacity/images/Lung_Opacity-339.png,/Users/berfinaktas/Projects/covid_project_folders/jun26_bds_int_covid/data/raw/Lung_Opacity/masks/Lung_Opacity-339.png,Lung_Opacity,Lung_Opacity,True,0.010686071665348905,0.2919921875,0.03659711500106113
/Users/berfinaktas/Projects/covid_project_folders/jun26_bds_int_covid/data/raw/Normal/images/Normal-8718.png,/Users/berfinaktas/Projects/covid_project_folders/jun26_bds_int_covid/data/raw/Normal/masks/Normal-8718.png,Normal,Normal,True,0.13385966080317055,0.2872314453125,0.46603414419871364
/Users/berfinaktas/Projects/covid_project_folders/jun26_bds_int_covid/data/raw/Normal/images/Normal-5105.png,/Users/berfinaktas/Projects/covid_project_folders/jun26_bds_int_covid/data/raw/Normal/masks/Normal-5105.png,Normal,Normal,True,0.27582438545425736,0.3812255859375,0.7235201298883369
/Users/berfinaktas/Projects/covid_project_folders/jun26_bds_int_covid/data/raw/Viral Pneumonia/images/Viral Pneumonia-196.png,/Users/berfinaktas/Projects/covid_project_folders/jun26_bds_int_covid/data/raw/Viral Pneumonia/masks/Viral Pneumonia-196.png,Viral Pneumonia,Viral Pneumonia,True,0.12903600474602112,0.3157958984375,0.4086057019247797
/Users/berfinaktas/Projects/covid_project_folders/jun26_bds_int_covid/data/raw/Normal/images/Normal-6091.png,/Users/berfinaktas/Projects/covid_project_folders/jun26_bds_int_covid/data/raw/Normal/masks/Normal-6091.png,Normal,Normal,True,0.13776445111316496,0.3580322265625,0.3847822650934358
/Users/berfinaktas/Projects/covid_project_folders/jun26_bds_int_covid/data/raw/Normal/images/Normal-9832.png,/Users/berfinaktas/Projects/covid_project_folders/jun26_bds_int_covid/data/raw/Normal/masks/Normal-9832.png,Normal,Normal,True,0.2780465199994916,0.3499755859375,0.7944740466814911
/Users/berfinaktas/Projects/covid_project_folders/jun26_bds_int_covid/data/raw/Lung_Opacity/images/Lung_Opacity-767.png,/Users/berfinaktas/Projects/covid_project_folders/jun26_bds_int_covid/data/raw/Lung_Opacity/masks/Lung_Opacity-767.png,Lung_Opacity,Lung_Opacity,True,0.2254730119734016,0.31005859375,0.727194848065396
/Users/berfinaktas/Projects/covid_project_folders/jun26_bds_int_covid/data/raw/COVID/images/COVID-427.png,/Users/berfinaktas/Projects/covid_project_folders/jun26_bds_int_covid/data/raw/COVID/masks/COVID-427.png,COVID,Normal,False,0.17310648220909372,0.3336181640625,0.5188760710782641
/Users/berfinaktas/Projects/covid_project_folders/jun26_bds_int_covid/data/raw/Normal/images/Normal-6872.png,/Users/berfinaktas/Projects/covid_project_folders/jun26_bds_int_covid/data/raw/Normal/masks/Normal-6872.png,Normal,Normal,True,0.18092218313546696,0.2691650390625,0.6721607819708596
/Users/berfinaktas/Projects/covid_project_folders/jun26_bds_int_covid/data/raw/Lung_Opacity/images/Lung_Opacity-5440.png,/Users/berfinaktas/Projects/covid_project_folders/jun26_bds_int_covid/data/raw/Lung_Opacity/masks/Lung_Opacity-5440.png,Lung_Opacity,Lung_Opacity,True,0.07857114750340712,0.323974609375,0.24252254722980826
/Users/berfinaktas/Projects/covid_project_folders/jun26_bds_int_covid/data/raw/Lung_Opacity/images/Lung_Opacity-4659.png,/Users/berfinaktas/Projects/covid_project_folders/jun26_bds_int_covid/data/raw/Lung_Opacity/masks/Lung_Opacity-4659.png,Lung_Opacity,Lung_Opacity,True,0.03313067972999607,0.33978271484375,0.09750548889819571
/Users/berfinaktas/Projects/covid_project_folders/jun26_bds_int_covid/data/raw/Lung_Opacity/images/Lung_Opacity-788.png,/Users/berfinaktas/Projects/covid_project_folders/jun26_bds_int_covid/data/raw/Lung_Opacity/masks/Lung_Opacity-788.png,Lung_Opacity,Lung_Opacity,True,0.04376145454445036,0.384521484375,0.11380756686607535
/Users/berfinaktas/Projects/covid_project_folders/jun26_bds_int_covid/data/raw/Normal/images/Normal-2612.png,/Users/berfinaktas/Projects/covid_project_folders/jun26_bds_int_covid/data/raw/Normal/masks/Normal-2612.png,Normal,Normal,True,0.19891440145174769,0.3017578125,0.6591855892769891
/Users/berfinaktas/Projects/covid_project_folders/jun26_bds_int_covid/data/raw/Normal/images/Normal-4963.png,/Users/berfinaktas/Projects/covid_project_folders/jun26_bds_int_covid/data/raw/Normal/masks/Normal-4963.png,Normal,COVID,False,0.35515784972359254,0.39324951171875,0.903136149289359
/Users/berfinaktas/Projects/covid_project_folders/jun26_bds_int_covid/data/raw/Lung_Opacity/images/Lung_Opacity-862.png,/Users/berfinaktas/Projects/covid_project_folders/jun26_bds_int_covid/data/raw/Lung_Opacity/masks/Lung_Opacity-862.png,Lung_Opacity,Lung_Opacity,True,0.03424172940667509,0.345947265625,0.09897962148887873
/Users/berfinaktas/Projects/covid_project_folders/jun26_bds_int_covid/data/raw/Lung_Opacity/images/Lung_Opacity-1399.png,/Users/berfinaktas/Projects/covid_project_folders/jun26_bds_int_covid/data/raw/Lung_Opacity/masks/Lung_Opacity-1399.png,Lung_Opacity,Lung_Opacity,True,0.023894351535717086,0.3382568359375,0.07063967079776051
/Users/berfinaktas/Projects/covid_project_folders/jun26_bds_int_covid/data/raw/Lung_Opacity/images/Lung_Opacity-3655.png,/Users/berfinaktas/Projects/covid_project_folders/jun26_bds_int_covid/data/raw/Lung_Opacity/masks/Lung_Opacity-3655.png,Lung_Opacity,Lung_Opacity,True,0.11567875073168535,0.40069580078125,0.2886946918488854
/Users/berfinaktas/Projects/covid_project_folders/jun26_bds_int_covid/data/raw/Normal/images/Normal-2088.png,/Users/berfinaktas/Projects/covid_project_folders/jun26_bds_int_covid/data/raw/Normal/masks/Normal-2088.png,Normal,Normal,True,0.20142404495657387,0.34124755859375,0.5902578344783592
/Users/berfinaktas/Projects/covid_project_folders/jun26_bds_int_covid/data/raw/Normal/images/Normal-3875.png,/Users/berfinaktas/Projects/covid_project_folders/jun26_bds_int_covid/data/raw/Normal/masks/Normal-3875.png,Normal,Normal,True,0.12101226088832595,0.37884521484375,0.3194240184298908
/Users/berfinaktas/Projects/covid_project_folders/jun26_bds_int_covid/data/raw/COVID/images/COVID-1105.png,/Users/berfinaktas/Projects/covid_project_folders/jun26_bds_int_covid/data/raw/COVID/masks/COVID-1105.png,COVID,COVID,True,0.31884052278093933,0.31622314453125,1.0082769977307295
/Users/berfinaktas/Projects/covid_project_folders/jun26_bds_int_covid/data/raw/Lung_Opacity/images/Lung_Opacity-214.png,/Users/berfinaktas/Projects/covid_project_folders/jun26_bds_int_covid/data/raw/Lung_Opacity/masks/Lung_Opacity-214.png,Lung_Opacity,Normal,False,0.27755639729543974,0.342041015625,0.8114710944483378
/Users/berfinaktas/Projects/covid_project_folders/jun26_bds_int_covid/data/raw/Normal/images/Normal-2115.png,/Users/berfinaktas/Projects/covid_project_folders/jun26_bds_int_covid/data/raw/Normal/masks/Normal-2115.png,Normal,Normal,True,0.22909840696195988,0.39495849609375,0.5800569154172076
/Users/berfinaktas/Projects/covid_project_folders/jun26_bds_int_covid/data/raw/COVID/images/COVID-920.png,/Users/berfinaktas/Projects/covid_project_folders/jun26_bds_int_covid/data/raw/COVID/masks/COVID-920.png,COVID,COVID,True,0.20725914381318336,0.3094482421875,0.6697699826893878
/Users/berfinaktas/Projects/covid_project_folders/jun26_bds_int_covid/data/raw/COVID/images/COVID-1463.png,/Users/berfinaktas/Projects/covid_project_folders/jun26_bds_int_covid/data/raw/COVID/masks/COVID-1463.png,COVID,COVID,True,0.31967419093011895,0.37396240234375,0.8548297607636802
/Users/berfinaktas/Projects/covid_project_folders/jun26_bds_int_covid/data/raw/Lung_Opacity/images/Lung_Opacity-1537.png,/Users/berfinaktas/Projects/covid_project_folders/jun26_bds_int_covid/data/raw/Lung_Opacity/masks/Lung_Opacity-1537.png,Lung_Opacity,COVID,False,0.3661983688943575,0.34515380859375,1.0609715430530775
/Users/berfinaktas/Projects/covid_project_folders/jun26_bds_int_covid/data/raw/Viral Pneumonia/images/Viral Pneumonia-926.png,/Users/berfinaktas/Projects/covid_project_folders/jun26_bds_int_covid/data/raw/Viral Pneumonia/masks/Viral Pneumonia-926.png,Viral Pneumonia,Viral Pneumonia,True,0.18878727679317084,0.3548583984375,0.5320073517336277
/Users/berfinaktas/Projects/covid_project_folders/jun26_bds_int_covid/data/raw/Viral Pneumonia/images/Viral Pneumonia-426.png,/Users/berfinaktas/Projects/covid_project_folders/jun26_bds_int_covid/data/raw/Viral Pneumonia/masks/Viral Pneumonia-426.png,Viral Pneumonia,Viral Pneumonia,True,0.1011891098757841,0.24530029296875,0.4125111660126516
/Users/berfinaktas/Projects/covid_project_folders/jun26_bds_int_covid/data/raw/COVID/images/COVID-354.png,/Users/berfinaktas/Projects/covid_project_folders/jun26_bds_int_covid/data/raw/COVID/masks/COVID-354.png,COVID,Normal,False,0.12082139792785444,0.32025146484375,0.37727039901848053
/Users/berfinaktas/Projects/covid_project_folders/jun26_bds_int_covid/data/raw/Normal/images/Normal-2557.png,/Users/berfinaktas/Projects/covid_project_folders/jun26_bds_int_covid/data/raw/Normal/masks/Normal-2557.png,Normal,Normal,True,0.14438196678208026,0.271728515625,0.5313463934765505
/Users/berfinaktas/Projects/covid_project_folders/jun26_bds_int_covid/data/raw/Lung_Opacity/images/Lung_Opacity-5667.png,/Users/berfinaktas/Projects/covid_project_folders/jun26_bds_int_covid/data/raw/Lung_Opacity/masks/Lung_Opacity-5667.png,Lung_Opacity,COVID,False,0.3016987211523953,0.378662109375,0.7967491694649975
/Users/berfinaktas/Projects/covid_project_folders/jun26_bds_int_covid/data/raw/Lung_Opacity/images/Lung_Opacity-4660.png,/Users/berfinaktas/Projects/covid_project_folders/jun26_bds_int_covid/data/raw/Lung_Opacity/masks/Lung_Opacity-4660.png,Lung_Opacity,Lung_Opacity,True,0.08837848512804172,0.41546630859375,0.2127211841248473
/Users/berfinaktas/Projects/covid_project_folders/jun26_bds_int_covid/data/raw/COVID/images/COVID-2962.png,/Users/berfinaktas/Projects/covid_project_folders/jun26_bds_int_covid/data/raw/COVID/masks/COVID-2962.png,COVID,Normal,False,0.2250301181520292,0.4468994140625,0.5035363911230328
/Users/berfinaktas/Projects/covid_project_folders/jun26_bds_int_covid/data/raw/COVID/images/COVID-2914.png,/Users/berfinaktas/Projects/covid_project_folders/jun26_bds_int_covid/data/raw/COVID/masks/COVID-2914.png,COVID,Normal,False,0.21547671079763833,0.28045654296875,0.7683069487940166
/Users/berfinaktas/Projects/covid_project_folders/jun26_bds_int_covid/data/raw/COVID/images/COVID-2953.png,/Users/berfinaktas/Projects/covid_project_folders/jun26_bds_int_covid/data/raw/COVID/masks/COVID-2953.png,COVID,COVID,True,0.2352032898556325,0.3463134765625,0.6791629716240188
/Users/berfinaktas/Projects/covid_project_folders/jun26_bds_int_covid/data/raw/Lung_Opacity/images/Lung_Opacity-500.png,/Users/berfinaktas/Projects/covid_project_folders/jun26_bds_int_covid/data/raw/Lung_Opacity/masks/Lung_Opacity-500.png,Lung_Opacity,Lung_Opacity,True,0.0273543534747768,0.31451416015625,0.08697336063084476
/Users/berfinaktas/Projects/covid_project_folders/jun26_bds_int_covid/data/raw/Viral Pneumonia/images/Viral Pneumonia-1343.png,/Users/berfinaktas/Projects/covid_project_folders/jun26_bds_int_covid/data/raw/Viral Pneumonia/masks/Viral Pneumonia-1343.png,Viral Pneumonia,Viral Pneumonia,True,0.09009384115852798,0.1881103515625,0.47894143203806694
/Users/berfinaktas/Projects/covid_project_folders/jun26_bds_int_covid/data/raw/Normal/images/Normal-9541.png,/Users/berfinaktas/Projects/covid_project_folders/jun26_bds_int_covid/data/raw/Normal/masks/Normal-9541.png,Normal,Normal,True,0.30454261023896056,0.37542724609375,0.8111894206072394
/Users/berfinaktas/Projects/covid_project_folders/jun26_bds_int_covid/data/raw/Lung_Opacity/images/Lung_Opacity-3847.png,/Users/berfinaktas/Projects/covid_project_folders/jun26_bds_int_covid/data/raw/Lung_Opacity/masks/Lung_Opacity-3847.png,Lung_Opacity,Lung_Opacity,True,0.07503453382286299,0.3721923828125,0.2016014762469313
/Users/berfinaktas/Projects/covid_project_folders/jun26_bds_int_covid/data/raw/Normal/images/Normal-2255.png,/Users/berfinaktas/Projects/covid_project_folders/jun26_bds_int_covid/data/raw/Normal/masks/Normal-2255.png,Normal,Normal,True,0.20594099126090523,0.3681640625,0.5593728781198063
/Users/berfinaktas/Projects/covid_project_folders/jun26_bds_int_covid/data/raw/Normal/images/Normal-8520.png,/Users/berfinaktas/Projects/covid_project_folders/jun26_bds_int_covid/data/raw/Normal/masks/Normal-8520.png,Normal,Normal,True,0.10965972953981125,0.38836669921875,0.2823613089392217
/Users/berfinaktas/Projects/covid_project_folders/jun26_bds_int_covid/data/raw/Normal/images/Normal-3418.png,/Users/berfinaktas/Projects/covid_project_folders/jun26_bds_int_covid/data/raw/Normal/masks/Normal-3418.png,Normal,Normal,True,0.34099233687560554,0.4351806640625,0.783564999631125
/Users/berfinaktas/Projects/covid_project_folders/jun26_bds_int_covid/data/raw/COVID/images/COVID-237.png,/Users/berfinaktas/Projects/covid_project_folders/jun26_bds_int_covid/data/raw/COVID/masks/COVID-237.png,COVID,Normal,False,0.17446243131880673,0.379638671875,0.45954862937738417
/Users/berfinaktas/Projects/covid_project_folders/jun26_bds_int_covid/data/raw/Normal/images/Normal-7966.png,/Users/berfinaktas/Projects/covid_project_folders/jun26_bds_int_covid/data/raw/Normal/masks/Normal-7966.png,Normal,Normal,True,0.15924016505941313,0.38751220703125,0.4109294163385454
/Users/berfinaktas/Projects/covid_project_folders/jun26_bds_int_covid/data/raw/Normal/images/Normal-8012.png,/Users/berfinaktas/Projects/covid_project_folders/jun26_bds_int_covid/data/raw/Normal/masks/Normal-8012.png,Normal,Normal,True,0.28431420190795603,0.3316650390625,0.8572329562127258
/Users/berfinaktas/Projects/covid_project_folders/jun26_bds_int_covid/data/raw/COVID/images/COVID-711.png,/Users/berfinaktas/Projects/covid_project_folders/jun26_bds_int_covid/data/raw/COVID/masks/COVID-711.png,COVID,COVID,True,0.23946409525941667,0.32208251953125,0.7434867797480165
/Users/berfinaktas/Projects/covid_project_folders/jun26_bds_int_covid/data/raw/COVID/images/COVID-3569.png,/Users/berfinaktas/Projects/covid_project_folders/jun26_bds_int_covid/data/raw/COVID/masks/COVID-3569.png,COVID,COVID,True,0.4924139638227046,0.381103515625,1.2920740524137078
/Users/berfinaktas/Projects/covid_project_folders/jun26_bds_int_covid/data/raw/COVID/images/COVID-3464.png,/Users/berfinaktas/Projects/covid_project_folders/jun26_bds_int_covid/data/raw/COVID/masks/COVID-3464.png,COVID,COVID,True,0.3973688700864413,0.2818603515625,1.4098076153088468
/Users/berfinaktas/Projects/covid_project_folders/jun26_bds_int_covid/data/raw/Normal/images/Normal-7549.png,/Users/berfinaktas/Projects/covid_project_folders/jun26_bds_int_covid/data/raw/Normal/masks/Normal-7549.png,Normal,Normal,True,0.19585672261445597,0.4010009765625,0.4884195651925794
/Users/berfinaktas/Projects/covid_project_folders/jun26_bds_int_covid/data/raw/Normal/images/Normal-4835.png,/Users/berfinaktas/Projects/covid_project_folders/jun26_bds_int_covid/data/raw/Normal/masks/Normal-4835.png,Normal,Lung_Opacity,False,0.019042800024647723,0.28924560546875,0.06583609107487409
/Users/berfinaktas/Projects/covid_project_folders/jun26_bds_int_covid/data/raw/Lung_Opacity/images/Lung_Opacity-4097.png,/Users/berfinaktas/Projects/covid_project_folders/jun26_bds_int_covid/data/raw/Lung_Opacity/masks/Lung_Opacity-4097.png,Lung_Opacity,COVID,False,0.42155073397090154,0.28643798828125,1.471699813632911
/Users/berfinaktas/Projects/covid_project_folders/jun26_bds_int_covid/data/raw/Lung_Opacity/images/Lung_Opacity-4694.png,/Users/berfinaktas/Projects/covid_project_folders/jun26_bds_int_covid/data/raw/Lung_Opacity/masks/Lung_Opacity-4694.png,Lung_Opacity,Lung_Opacity,True,0.027481098075754423,0.27752685546875,0.09902140111571596
/Users/berfinaktas/Projects/covid_project_folders/jun26_bds_int_covid/data/raw/Lung_Opacity/images/Lung_Opacity-3353.png,/Users/berfinaktas/Projects/covid_project_folders/jun26_bds_int_covid/data/raw/Lung_Opacity/masks/Lung_Opacity-3353.png,Lung_Opacity,Normal,False,0.15402955260666917,0.3018798828125,0.5102345713521366
/Users/berfinaktas/Projects/covid_project_folders/jun26_bds_int_covid/data/raw/Lung_Opacity/images/Lung_Opacity-5012.png,/Users/berfinaktas/Projects/covid_project_folders/jun26_bds_int_covid/data/raw/Lung_Opacity/masks/Lung_Opacity-5012.png,Lung_Opacity,Lung_Opacity,True,0.04883191413086845,0.401611328125,0.1215899819331533
/Users/berfinaktas/Projects/covid_project_folders/jun26_bds_int_covid/data/raw/COVID/images/COVID-448.png,/Users/berfinaktas/Projects/covid_project_folders/jun26_bds_int_covid/data/raw/COVID/masks/COVID-448.png,COVID,COVID,True,0.3253881537239834,0.2821044921875,1.1534313090899488
/Users/berfinaktas/Projects/covid_project_folders/jun26_bds_int_covid/data/raw/COVID/images/COVID-2132.png,/Users/berfinaktas/Projects/covid_project_folders/jun26_bds_int_covid/data/raw/COVID/masks/COVID-2132.png,COVID,COVID,True,0.2550659663535606,0.35467529296875,0.719153466311605
/Users/berfinaktas/Projects/covid_project_folders/jun26_bds_int_covid/data/raw/COVID/images/COVID-2956.png,/Users/berfinaktas/Projects/covid_project_folders/jun26_bds_int_covid/data/raw/COVID/masks/COVID-2956.png,COVID,COVID,True,0.25228038184377066,0.32501220703125,0.7762181739208147
/Users/berfinaktas/Projects/covid_project_folders/jun26_bds_int_covid/data/raw/Lung_Opacity/images/Lung_Opacity-3650.png,/Users/berfinaktas/Projects/covid_project_folders/jun26_bds_int_covid/data/raw/Lung_Opacity/masks/Lung_Opacity-3650.png,Lung_Opacity,Lung_Opacity,True,0.02010405219901079,0.37744140625,0.05326403480410621
/Users/berfinaktas/Projects/covid_project_folders/jun26_bds_int_covid/data/raw/Normal/images/Normal-6891.png,/Users/berfinaktas/Projects/covid_project_folders/jun26_bds_int_covid/data/raw/Normal/masks/Normal-6891.png,Normal,Normal,True,0.19971271602717697,0.31463623046875,0.634741637126919
/Users/berfinaktas/Projects/covid_project_folders/jun26_bds_int_covid/data/raw/Normal/images/Normal-1350.png,/Users/berfinaktas/Projects/covid_project_folders/jun26_bds_int_covid/data/raw/Normal/masks/Normal-1350.png,Normal,Normal,True,0.24013982556339683,0.35565185546875,0.6752103830497157
/Users/berfinaktas/Projects/covid_project_folders/jun26_bds_int_covid/data/raw/Normal/images/Normal-712.png,/Users/berfinaktas/Projects/covid_project_folders/jun26_bds_int_covid/data/raw/Normal/masks/Normal-712.png,Normal,Normal,True,0.2687820072766535,0.3031005859375,0.8867749511116978
/Users/berfinaktas/Projects/covid_project_folders/jun26_bds_int_covid/data/raw/COVID/images/COVID-2740.png,/Users/berfinaktas/Projects/covid_project_folders/jun26_bds_int_covid/data/raw/COVID/masks/COVID-2740.png,COVID,Lung_Opacity,False,0.05434219989940224,0.30010986328125,0.18107435492206758
/Users/berfinaktas/Projects/covid_project_folders/jun26_bds_int_covid/data/raw/Normal/images/Normal-9127.png,/Users/berfinaktas/Projects/covid_project_folders/jun26_bds_int_covid/data/raw/Normal/masks/Normal-9127.png,Normal,COVID,False,0.273903292327963,0.38604736328125,0.7095069630832167
/Users/berfinaktas/Projects/covid_project_folders/jun26_bds_int_covid/data/raw/Lung_Opacity/images/Lung_Opacity-884.png,/Users/berfinaktas/Projects/covid_project_folders/jun26_bds_int_covid/data/raw/Lung_Opacity/masks/Lung_Opacity-884.png,Lung_Opacity,Lung_Opacity,True,0.060372824758725595,0.32501220703125,0.18575556072243382
/Users/berfinaktas/Projects/covid_project_folders/jun26_bds_int_covid/data/raw/Viral Pneumonia/images/Viral Pneumonia-1181.png,/Users/berfinaktas/Projects/covid_project_folders/jun26_bds_int_covid/data/raw/Viral Pneumonia/masks/Viral Pneumonia-1181.png,Viral Pneumonia,Viral Pneumonia,True,0.1497792075308554,0.3421630859375,0.43774215772128705
/Users/berfinaktas/Projects/covid_project_folders/jun26_bds_int_covid/data/raw/Normal/images/Normal-7181.png,/Users/berfinaktas/Projects/covid_project_folders/jun26_bds_int_covid/data/raw/Normal/masks/Normal-7181.png,Normal,Normal,True,0.1669264012722445,0.335205078125,0.4979829130452393
/Users/berfinaktas/Projects/covid_project_folders/jun26_bds_int_covid/data/raw/Normal/images/Normal-5008.png,/Users/berfinaktas/Projects/covid_project_folders/jun26_bds_int_covid/data/raw/Normal/masks/Normal-5008.png,Normal,Normal,True,0.15962995766195362,0.20806884765625,0.7671977783319003
/Users/berfinaktas/Projects/covid_project_folders/jun26_bds_int_covid/data/raw/Viral Pneumonia/images/Viral Pneumonia-1175.png,/Users/berfinaktas/Projects/covid_project_folders/jun26_bds_int_covid/data/raw/Viral Pneumonia/masks/Viral Pneumonia-1175.png,Viral Pneumonia,Viral Pneumonia,True,0.10444725257738631,0.21075439453125,0.49558754307208147
/Users/berfinaktas/Projects/covid_project_folders/jun26_bds_int_covid/data/raw/Normal/images/Normal-6504.png,/Users/berfinaktas/Projects/covid_project_folders/jun26_bds_int_covid/data/raw/Normal/masks/Normal-6504.png,Normal,Normal,True,0.3593189025833737,0.41717529296875,0.8613139575604966
/Users/berfinaktas/Projects/covid_project_folders/jun26_bds_int_covid/data/raw/Normal/images/Normal-9882.png,/Users/berfinaktas/Projects/covid_project_folders/jun26_bds_int_covid/data/raw/Normal/masks/Normal-9882.png,Normal,Normal,True,0.15758315201206793,0.3795166015625,0.4152207080356579
/Users/berfinaktas/Projects/covid_project_folders/jun26_bds_int_covid/data/raw/Lung_Opacity/images/Lung_Opacity-5251.png,/Users/berfinaktas/Projects/covid_project_folders/jun26_bds_int_covid/data/raw/Lung_Opacity/masks/Lung_Opacity-5251.png,Lung_Opacity,Lung_Opacity,True,0.04552839040697716,0.31158447265625,0.14611893211124657
/Users/berfinaktas/Projects/covid_project_folders/jun26_bds_int_covid/data/raw/COVID/images/COVID-1861.png,/Users/berfinaktas/Projects/covid_project_folders/jun26_bds_int_covid/data/raw/COVID/masks/COVID-1861.png,COVID,Lung_Opacity,False,0.04177870703959101,0.2625732421875,0.1591125839462248
/Users/berfinaktas/Projects/covid_project_folders/jun26_bds_int_covid/data/raw/Normal/images/Normal-2498.png,/Users/berfinaktas/Projects/covid_project_folders/jun26_bds_int_covid/data/raw/Normal/masks/Normal-2498.png,Normal,Normal,True,0.20783366773923528,0.3890380859375,0.5342244763476045
/Users/berfinaktas/Projects/covid_project_folders/jun26_bds_int_covid/data/raw/Normal/images/Normal-5568.png,/Users/berfinaktas/Projects/covid_project_folders/jun26_bds_int_covid/data/raw/Normal/masks/Normal-5568.png,Normal,Normal,True,0.22734354945868,0.3221435546875,0.7057212418209574
/Users/berfinaktas/Projects/covid_project_folders/jun26_bds_int_covid/data/raw/Normal/images/Normal-7736.png,/Users/berfinaktas/Projects/covid_project_folders/jun26_bds_int_covid/data/raw/Normal/masks/Normal-7736.png,Normal,Normal,True,0.2661108657774363,0.294921875,0.9023096905830953
/Users/berfinaktas/Projects/covid_project_folders/jun26_bds_int_covid/data/raw/COVID/images/COVID-2763.png,/Users/berfinaktas/Projects/covid_project_folders/jun26_bds_int_covid/data/raw/COVID/masks/COVID-2763.png,COVID,COVID,True,0.3150612425557356,0.30438232421875,1.0350838977407604
/Users/berfinaktas/Projects/covid_project_folders/jun26_bds_int_covid/data/raw/Normal/images/Normal-10095.png,/Users/berfinaktas/Projects/covid_project_folders/jun26_bds_int_covid/data/raw/Normal/masks/Normal-10095.png,Normal,Normal,True,0.16587211656993517,0.31011962890625,0.5348649395555635
/Users/berfinaktas/Projects/covid_project_folders/jun26_bds_int_covid/data/raw/Normal/images/Normal-1597.png,/Users/berfinaktas/Projects/covid_project_folders/jun26_bds_int_covid/data/raw/Normal/masks/Normal-1597.png,Normal,Normal,True,0.20469256956627743,0.3282470703125,0.6235929824793398
/Users/berfinaktas/Projects/covid_project_folders/jun26_bds_int_covid/data/raw/Normal/images/Normal-9171.png,/Users/berfinaktas/Projects/covid_project_folders/jun26_bds_int_covid/data/raw/Normal/masks/Normal-9171.png,Normal,Normal,True,0.2980263007127088,0.31634521484375,0.9420920144466566
/Users/berfinaktas/Projects/covid_project_folders/jun26_bds_int_covid/data/raw/Lung_Opacity/images/Lung_Opacity-3556.png,/Users/berfinaktas/Projects/covid_project_folders/jun26_bds_int_covid/data/raw/Lung_Opacity/masks/Lung_Opacity-3556.png,Lung_Opacity,Lung_Opacity,True,0.02002012831079026,0.36541748046875,0.05478700221212421
/Users/berfinaktas/Projects/covid_project_folders/jun26_bds_int_covid/data/raw/Normal/images/Normal-6380.png,/Users/berfinaktas/Projects/covid_project_folders/jun26_bds_int_covid/data/raw/Normal/masks/Normal-6380.png,Normal,Normal,True,0.26839544152242834,0.31866455078125,0.8422507017627784
/Users/berfinaktas/Projects/covid_project_folders/jun26_bds_int_covid/data/raw/Normal/images/Normal-3142.png,/Users/berfinaktas/Projects/covid_project_folders/jun26_bds_int_covid/data/raw/Normal/masks/Normal-3142.png,Normal,COVID,False,0.33473135101610824,0.3804931640625,0.8797302622791012
/Users/berfinaktas/Projects/covid_project_folders/jun26_bds_int_covid/data/raw/Lung_Opacity/images/Lung_Opacity-3564.png,/Users/berfinaktas/Projects/covid_project_folders/jun26_bds_int_covid/data/raw/Lung_Opacity/masks/Lung_Opacity-3564.png,Lung_Opacity,Lung_Opacity,True,0.028889299272267504,0.3076171875,0.09391315065016484
/Users/berfinaktas/Projects/covid_project_folders/jun26_bds_int_covid/data/raw/Lung_Opacity/images/Lung_Opacity-957.png,/Users/berfinaktas/Projects/covid_project_folders/jun26_bds_int_covid/data/raw/Lung_Opacity/masks/Lung_Opacity-957.png,Lung_Opacity,Lung_Opacity,True,0.026904976474861193,0.37725830078125,0.07131712256335962
/Users/berfinaktas/Projects/covid_project_folders/jun26_bds_int_covid/data/raw/COVID/images/COVID-248.png,/Users/berfinaktas/Projects/covid_project_folders/jun26_bds_int_covid/data/raw/COVID/masks/COVID-248.png,COVID,COVID,True,0.3234894265982604,0.327880859375,0.9866066205111501
/Users/berfinaktas/Projects/covid_project_folders/jun26_bds_int_covid/data/raw/Normal/images/Normal-7352.png,/Users/berfinaktas/Projects/covid_project_folders/jun26_bds_int_covid/data/raw/Normal/masks/Normal-7352.png,Normal,Normal,True,0.16135125611278,0.43682861328125,0.3693697052049445
/Users/berfinaktas/Projects/covid_project_folders/jun26_bds_int_covid/data/raw/Normal/images/Normal-2823.png,/Users/berfinaktas/Projects/covid_project_folders/jun26_bds_int_covid/data/raw/Normal/masks/Normal-2823.png,Normal,Normal,True,0.31582179619415796,0.4696044921875,0.6725272041649446
/Users/berfinaktas/Projects/covid_project_folders/jun26_bds_int_covid/data/raw/COVID/images/COVID-2235.png,/Users/berfinaktas/Projects/covid_project_folders/jun26_bds_int_covid/data/raw/COVID/masks/COVID-2235.png,COVID,COVID,True,0.3036306746623739,0.3673095703125,0.826634259499557
/Users/berfinaktas/Projects/covid_project_folders/jun26_bds_int_covid/data/raw/Normal/images/Normal-5708.png,/Users/berfinaktas/Projects/covid_project_folders/jun26_bds_int_covid/data/raw/Normal/masks/Normal-5708.png,Normal,Normal,True,0.19970816778919306,0.31805419921875,0.6279060873264516
/Users/berfinaktas/Projects/covid_project_folders/jun26_bds_int_covid/data/raw/Lung_Opacity/images/Lung_Opacity-3986.png,/Users/berfinaktas/Projects/covid_project_folders/jun26_bds_int_covid/data/raw/Lung_Opacity/masks/Lung_Opacity-3986.png,Lung_Opacity,COVID,False,0.37022153088806775,0.43768310546875,0.8458666241905037
/Users/berfinaktas/Projects/covid_project_folders/jun26_bds_int_covid/data/raw/Normal/images/Normal-3224.png,/Users/berfinaktas/Projects/covid_project_folders/jun26_bds_int_covid/data/raw/Normal/masks/Normal-3224.png,Normal,Normal,True,0.2100315870603078,0.2962646484375,0.7089323284705569
/Users/berfinaktas/Projects/covid_project_folders/jun26_bds_int_covid/data/raw/Normal/images/Normal-8631.png,/Users/berfinaktas/Projects/covid_project_folders/jun26_bds_int_covid/data/raw/Normal/masks/Normal-8631.png,Normal,Normal,True,0.17828290931316373,0.4447021484375,0.4009040881398401
/Users/berfinaktas/Projects/covid_project_folders/jun26_bds_int_covid/data/raw/Lung_Opacity/images/Lung_Opacity-309.png,/Users/berfinaktas/Projects/covid_project_folders/jun26_bds_int_covid/data/raw/Lung_Opacity/masks/Lung_Opacity-309.png,Lung_Opacity,Lung_Opacity,True,0.05696515747908973,0.27496337890625,0.20717361601274276
/Users/berfinaktas/Projects/covid_project_folders/jun26_bds_int_covid/data/raw/Lung_Opacity/images/Lung_Opacity-3449.png,/Users/berfinaktas/Projects/covid_project_folders/jun26_bds_int_covid/data/raw/Lung_Opacity/masks/Lung_Opacity-3449.png,Lung_Opacity,Lung_Opacity,True,0.009445925782367665,0.28680419921875,0.03293510279172416
/Users/berfinaktas/Projects/covid_project_folders/jun26_bds_int_covid/data/raw/Lung_Opacity/images/Lung_Opacity-2075.png,/Users/berfinaktas/Projects/covid_project_folders/jun26_bds_int_covid/data/raw/Lung_Opacity/masks/Lung_Opacity-2075.png,Lung_Opacity,Normal,False,0.1919365313527135,0.33306884765625,0.5762668370318595
/Users/berfinaktas/Projects/covid_project_folders/jun26_bds_int_covid/data/raw/Normal/images/Normal-1198.png,/Users/berfinaktas/Projects/covid_project_folders/jun26_bds_int_covid/data/raw/Normal/masks/Normal-1198.png,Normal,Normal,True,0.2186070501811943,0.36376953125,0.6009493137866926
/Users/berfinaktas/Projects/covid_project_folders/jun26_bds_int_covid/data/raw/Normal/images/Normal-4653.png,/Users/berfinaktas/Projects/covid_project_folders/jun26_bds_int_covid/data/raw/Normal/masks/Normal-4653.png,Normal,COVID,False,0.2452162200043536,0.36749267578125,0.6672683189754741
/Users/berfinaktas/Projects/covid_project_folders/jun26_bds_int_covid/data/raw/Normal/images/Normal-4061.png,/Users/berfinaktas/Projects/covid_project_folders/jun26_bds_int_covid/data/raw/Normal/masks/Normal-4061.png,Normal,Normal,True,0.3537649823555651,0.41864013671875,0.8450336012412274
/Users/berfinaktas/Projects/covid_project_folders/jun26_bds_int_covid/data/raw/Normal/images/Normal-2435.png,/Users/berfinaktas/Projects/covid_project_folders/jun26_bds_int_covid/data/raw/Normal/masks/Normal-2435.png,Normal,COVID,False,0.22645641780107842,0.33172607421875,0.6826608922268388
/Users/berfinaktas/Projects/covid_project_folders/jun26_bds_int_covid/data/raw/COVID/images/COVID-2653.png,/Users/berfinaktas/Projects/covid_project_folders/jun26_bds_int_covid/data/raw/COVID/masks/COVID-2653.png,COVID,Normal,False,0.14934517274277045,0.259765625,0.5749227702578833
/Users/berfinaktas/Projects/covid_project_folders/jun26_bds_int_covid/data/raw/Normal/images/Normal-6131.png,/Users/berfinaktas/Projects/covid_project_folders/jun26_bds_int_covid/data/raw/Normal/masks/Normal-6131.png,Normal,Normal,True,0.1670088132092766,0.2884521484375,0.5789827328863284
/Users/berfinaktas/Projects/covid_project_folders/jun26_bds_int_covid/data/raw/Normal/images/Normal-6495.png,/Users/berfinaktas/Projects/covid_project_folders/jun26_bds_int_covid/data/raw/Normal/masks/Normal-6495.png,Normal,Normal,True,0.21556357505340476,0.400390625,0.5383831728163084
/Users/berfinaktas/Projects/covid_project_folders/jun26_bds_int_covid/data/raw/Normal/images/Normal-3436.png,/Users/berfinaktas/Projects/covid_project_folders/jun26_bds_int_covid/data/raw/Normal/masks/Normal-3436.png,Normal,Normal,True,0.15503481059024074,0.3648681640625,0.42490637950995386
/Users/berfinaktas/Projects/covid_project_folders/jun26_bds_int_covid/data/raw/Viral Pneumonia/images/Viral Pneumonia-1122.png,/Users/berfinaktas/Projects/covid_project_folders/jun26_bds_int_covid/data/raw/Viral Pneumonia/masks/Viral Pneumonia-1122.png,Viral Pneumonia,Viral Pneumonia,True,0.11517171039681129,0.23944091796875,0.48100262634243085
/Users/berfinaktas/Projects/covid_project_folders/jun26_bds_int_covid/data/raw/Lung_Opacity/images/Lung_Opacity-5418.png,/Users/berfinaktas/Projects/covid_project_folders/jun26_bds_int_covid/data/raw/Lung_Opacity/masks/Lung_Opacity-5418.png,Lung_Opacity,Normal,False,0.25587222976549373,0.36956787109375,0.6923551795999751
/Users/berfinaktas/Projects/covid_project_folders/jun26_bds_int_covid/data/raw/Lung_Opacity/images/Lung_Opacity-4216.png,/Users/berfinaktas/Projects/covid_project_folders/jun26_bds_int_covid/data/raw/Lung_Opacity/masks/Lung_Opacity-4216.png,Lung_Opacity,Lung_Opacity,True,0.05385619012416529,0.37567138671875,0.14335984061646206
/Users/berfinaktas/Projects/covid_project_folders/jun26_bds_int_covid/data/raw/Lung_Opacity/images/Lung_Opacity-2226.png,/Users/berfinaktas/Projects/covid_project_folders/jun26_bds_int_covid/data/raw/Lung_Opacity/masks/Lung_Opacity-2226.png,Lung_Opacity,Lung_Opacity,True,0.019343567655066923,0.40167236328125,0.04815757673007392
/Users/berfinaktas/Projects/covid_project_folders/jun26_bds_int_covid/data/raw/Normal/images/Normal-629.png,/Users/berfinaktas/Projects/covid_project_folders/jun26_bds_int_covid/data/raw/Normal/masks/Normal-629.png,Normal,Normal,True,0.19701414542465864,0.266845703125,0.7383073555895716
/Users/berfinaktas/Projects/covid_project_folders/jun26_bds_int_covid/data/raw/Normal/images/Normal-9724.png,/Users/berfinaktas/Projects/covid_project_folders/jun26_bds_int_covid/data/raw/Normal/masks/Normal-9724.png,Normal,Normal,True,0.22224500090478747,0.36846923828125,0.6031575442809405
/Users/berfinaktas/Projects/covid_project_folders/jun26_bds_int_covid/data/raw/Lung_Opacity/images/Lung_Opacity-558.png,/Users/berfinaktas/Projects/covid_project_folders/jun26_bds_int_covid/data/raw/Lung_Opacity/masks/Lung_Opacity-558.png,Lung_Opacity,Lung_Opacity,True,0.0035603630147241112,0.35040283203125,0.010160771230315249
/Users/berfinaktas/Projects/covid_project_folders/jun26_bds_int_covid/data/raw/Lung_Opacity/images/Lung_Opacity-5671.png,/Users/berfinaktas/Projects/covid_project_folders/jun26_bds_int_covid/data/raw/Lung_Opacity/masks/Lung_Opacity-5671.png,Lung_Opacity,Normal,False,0.2653005033456761,0.343017578125,0.7734312182945832
/Users/berfinaktas/Projects/covid_project_folders/jun26_bds_int_covid/data/raw/Lung_Opacity/images/Lung_Opacity-710.png,/Users/berfinaktas/Projects/covid_project_folders/jun26_bds_int_covid/data/raw/Lung_Opacity/masks/Lung_Opacity-710.png,Lung_Opacity,Lung_Opacity,True,0.026853041391897266,0.39306640625,0.06831680592621814
/Users/berfinaktas/Projects/covid_project_folders/jun26_bds_int_covid/data/raw/COVID/images/COVID-1136.png,/Users/berfinaktas/Projects/covid_project_folders/jun26_bds_int_covid/data/raw/COVID/masks/COVID-1136.png,COVID,COVID,True,0.26566464732843076,0.368896484375,0.7201604205541048
/Users/berfinaktas/Projects/covid_project_folders/jun26_bds_int_covid/data/raw/Lung_Opacity/images/Lung_Opacity-3308.png,/Users/berfinaktas/Projects/covid_project_folders/jun26_bds_int_covid/data/raw/Lung_Opacity/masks/Lung_Opacity-3308.png,Lung_Opacity,Lung_Opacity,True,0.17141906873500776,0.34869384765625,0.4916033646340569
/Users/berfinaktas/Projects/covid_project_folders/jun26_bds_int_covid/data/raw/Normal/images/Normal-6816.png,/Users/berfinaktas/Projects/covid_project_folders/jun26_bds_int_covid/data/raw/Normal/masks/Normal-6816.png,Normal,Normal,True,0.2593667496650276,0.3250732421875,0.7978717285977868
/Users/berfinaktas/Projects/covid_project_folders/jun26_bds_int_covid/data/raw/Normal/images/Normal-2546.png,/Users/berfinaktas/Projects/covid_project_folders/jun26_bds_int_covid/data/raw/Normal/masks/Normal-2546.png,Normal,Normal,True,0.28446167163363206,0.43121337890625,0.6596772863475482
/Users/berfinaktas/Projects/covid_project_folders/jun26_bds_int_covid/data/raw/COVID/images/COVID-1910.png,/Users/berfinaktas/Projects/covid_project_folders/jun26_bds_int_covid/data/raw/COVID/masks/COVID-1910.png,COVID,COVID,True,0.380788046267792,0.34283447265625,1.1107052430214535
/Users/berfinaktas/Projects/covid_project_folders/jun26_bds_int_covid/data/raw/Normal/images/Normal-6723.png,/Users/berfinaktas/Projects/covid_project_folders/jun26_bds_int_covid/data/raw/Normal/masks/Normal-6723.png,Normal,Lung_Opacity,False,0.03489598075942663,0.35406494140625,0.09855813631485019
/Users/berfinaktas/Projects/covid_project_folders/jun26_bds_int_covid/data/raw/Normal/images/Normal-8675.png,/Users/berfinaktas/Projects/covid_project_folders/jun26_bds_int_covid/data/raw/Normal/masks/Normal-8675.png,Normal,Normal,True,0.32388299566923984,0.38507080078125,0.8410998575122564
/Users/berfinaktas/Projects/covid_project_folders/jun26_bds_int_covid/data/raw/Normal/images/Normal-4069.png,/Users/berfinaktas/Projects/covid_project_folders/jun26_bds_int_covid/data/raw/Normal/masks/Normal-4069.png,Normal,COVID,False,0.42610715854015135,0.345947265625,1.2317113065493719
/Users/berfinaktas/Projects/covid_project_folders/jun26_bds_int_covid/data/raw/Normal/images/Normal-5689.png,/Users/berfinaktas/Projects/covid_project_folders/jun26_bds_int_covid/data/raw/Normal/masks/Normal-5689.png,Normal,Normal,True,0.27249584879484606,0.3455810546875,0.7885150100061388
/Users/berfinaktas/Projects/covid_project_folders/jun26_bds_int_covid/data/raw/Viral Pneumonia/images/Viral Pneumonia-675.png,/Users/berfinaktas/Projects/covid_project_folders/jun26_bds_int_covid/data/raw/Viral Pneumonia/masks/Viral Pneumonia-675.png,Viral Pneumonia,Viral Pneumonia,True,0.10085296964728213,0.24078369140625,0.418852992319663
/Users/berfinaktas/Projects/covid_project_folders/jun26_bds_int_covid/data/raw/Normal/images/Normal-268.png,/Users/berfinaktas/Projects/covid_project_folders/jun26_bds_int_covid/data/raw/Normal/masks/Normal-268.png,Normal,Viral Pneumonia,False,0.09936219498626446,0.288330078125,0.3446126593257741
/Users/berfinaktas/Projects/covid_project_folders/jun26_bds_int_covid/data/raw/Normal/images/Normal-7664.png,/Users/berfinaktas/Projects/covid_project_folders/jun26_bds_int_covid/data/raw/Normal/masks/Normal-7664.png,Normal,Normal,True,0.2462308726648788,0.3582763671875,0.6872651818980194
/Users/berfinaktas/Projects/covid_project_folders/jun26_bds_int_covid/data/raw/Normal/images/Normal-4589.png,/Users/berfinaktas/Projects/covid_project_folders/jun26_bds_int_covid/data/raw/Normal/masks/Normal-4589.png,Normal,Normal,True,0.15113649633777285,0.3074951171875,0.49150860579556777
/Users/berfinaktas/Projects/covid_project_folders/jun26_bds_int_covid/data/raw/Lung_Opacity/images/Lung_Opacity-3877.png,/Users/berfinaktas/Projects/covid_project_folders/jun26_bds_int_covid/data/raw/Lung_Opacity/masks/Lung_Opacity-3877.png,Lung_Opacity,Lung_Opacity,True,0.04965947114062432,0.30242919921875,0.16420197278869605
/Users/berfinaktas/Projects/covid_project_folders/jun26_bds_int_covid/data/raw/Normal/images/Normal-4660.png,/Users/berfinaktas/Projects/covid_project_folders/jun26_bds_int_covid/data/raw/Normal/masks/Normal-4660.png,Normal,Normal,True,0.26273766894987344,0.38104248046875,0.689523300989064
/Users/berfinaktas/Projects/covid_project_folders/jun26_bds_int_covid/data/raw/COVID/images/COVID-2261.png,/Users/berfinaktas/Projects/covid_project_folders/jun26_bds_int_covid/data/raw/COVID/masks/COVID-2261.png,COVID,COVID,True,0.2331258995594707,0.30767822265625,0.7576938580405411
/Users/berfinaktas/Projects/covid_project_folders/jun26_bds_int_covid/data/raw/Normal/images/Normal-214.png,/Users/berfinaktas/Projects/covid_project_folders/jun26_bds_int_covid/data/raw/Normal/masks/Normal-214.png,Normal,Viral Pneumonia,False,0.0973173012016836,0.27508544921875,0.35377116993307833
/Users/berfinaktas/Projects/covid_project_folders/jun26_bds_int_covid/data/raw/Normal/images/Normal-5048.png,/Users/berfinaktas/Projects/covid_project_folders/jun26_bds_int_covid/data/raw/Normal/masks/Normal-5048.png,Normal,COVID,False,0.21893138486510977,0.33642578125,0.6507568595119664
/Users/berfinaktas/Projects/covid_project_folders/jun26_bds_int_covid/data/raw/Lung_Opacity/images/Lung_Opacity-5910.png,/Users/berfinaktas/Projects/covid_project_folders/jun26_bds_int_covid/data/raw/Lung_Opacity/masks/Lung_Opacity-5910.png,Lung_Opacity,Lung_Opacity,True,0.08599249791194369,0.35906982421875,0.23948684103166504
/Users/berfinaktas/Projects/covid_project_folders/jun26_bds_int_covid/data/raw/COVID/images/COVID-581.png,/Users/berfinaktas/Projects/covid_project_folders/jun26_bds_int_covid/data/raw/COVID/masks/COVID-581.png,COVID,Lung_Opacity,False,0.03615230852803891,0.22515869140625,0.1605636820068825
/Users/berfinaktas/Projects/covid_project_folders/jun26_bds_int_covid/data/raw/COVID/images/COVID-1034.png,/Users/berfinaktas/Projects/covid_project_folders/jun26_bds_int_covid/data/raw/COVID/masks/COVID-1034.png,COVID,COVID,True,0.33795435848581923,0.28948974609375,1.1674139172320603
/Users/berfinaktas/Projects/covid_project_folders/jun26_bds_int_covid/data/raw/Normal/images/Normal-80.png,/Users/berfinaktas/Projects/covid_project_folders/jun26_bds_int_covid/data/raw/Normal/masks/Normal-80.png,Normal,Normal,True,0.2172596184809113,0.25897216796875,0.8389303769010725
/Users/berfinaktas/Projects/covid_project_folders/jun26_bds_int_covid/data/raw/Lung_Opacity/images/Lung_Opacity-5157.png,/Users/berfinaktas/Projects/covid_project_folders/jun26_bds_int_covid/data/raw/Lung_Opacity/masks/Lung_Opacity-5157.png,Lung_Opacity,Lung_Opacity,True,0.0010415853926169442,0.2669677734375,0.003901539797127575
/Users/berfinaktas/Projects/covid_project_folders/jun26_bds_int_covid/data/raw/COVID/images/COVID-1527.png,/Users/berfinaktas/Projects/covid_project_folders/jun26_bds_int_covid/data/raw/COVID/masks/COVID-1527.png,COVID,COVID,True,0.3017934419175859,0.291015625,1.0370351829651274
/Users/berfinaktas/Projects/covid_project_folders/jun26_bds_int_covid/data/raw/COVID/images/COVID-1612.png,/Users/berfinaktas/Projects/covid_project_folders/jun26_bds_int_covid/data/raw/COVID/masks/COVID-1612.png,COVID,Normal,False,0.19608854082804367,0.26959228515625,0.7273521967232663
/Users/berfinaktas/Projects/covid_project_folders/jun26_bds_int_covid/data/raw/Lung_Opacity/images/Lung_Opacity-846.png,/Users/berfinaktas/Projects/covid_project_folders/jun26_bds_int_covid/data/raw/Lung_Opacity/masks/Lung_Opacity-846.png,Lung_Opacity,COVID,False,0.34953767863977553,0.3602294921875,0.9703194386367473
/Users/berfinaktas/Projects/covid_project_folders/jun26_bds_int_covid/data/raw/Normal/images/Normal-6392.png,/Users/berfinaktas/Projects/covid_project_folders/jun26_bds_int_covid/data/raw/Normal/masks/Normal-6392.png,Normal,Normal,True,0.1837683163760834,0.25640869140625,0.7167008082613069
/Users/berfinaktas/Projects/covid_project_folders/jun26_bds_int_covid/data/raw/COVID/images/COVID-137.png,/Users/berfinaktas/Projects/covid_project_folders/jun26_bds_int_covid/data/raw/COVID/masks/COVID-137.png,COVID,COVID,True,0.31821628235253135,0.2479248046875,1.2835193427040557
/Users/berfinaktas/Projects/covid_project_folders/jun26_bds_int_covid/data/raw/Normal/images/Normal-6450.png,/Users/berfinaktas/Projects/covid_project_folders/jun26_bds_int_covid/data/raw/Normal/masks/Normal-6450.png,Normal,Normal,True,0.27508940922510006,0.32861328125,0.8371220060817309
/Users/berfinaktas/Projects/covid_project_folders/jun26_bds_int_covid/data/raw/COVID/images/COVID-3003.png,/Users/berfinaktas/Projects/covid_project_folders/jun26_bds_int_covid/data/raw/COVID/masks/COVID-3003.png,COVID,COVID,True,0.2843994347103928,0.38616943359375,0.7364628320365222
/Users/berfinaktas/Projects/covid_project_folders/jun26_bds_int_covid/data/raw/Viral Pneumonia/images/Viral Pneumonia-578.png,/Users/berfinaktas/Projects/covid_project_folders/jun26_bds_int_covid/data/raw/Viral Pneumonia/masks/Viral Pneumonia-578.png,Viral Pneumonia,Viral Pneumonia,True,0.09040510690631924,0.26904296875,0.3360247893723082
/Users/berfinaktas/Projects/covid_project_folders/jun26_bds_int_covid/data/raw/COVID/images/COVID-862.png,/Users/berfinaktas/Projects/covid_project_folders/jun26_bds_int_covid/data/raw/COVID/masks/COVID-862.png,COVID,COVID,True,0.25165469754960024,0.302978515625,0.8306024505746676
/Users/berfinaktas/Projects/covid_project_folders/jun26_bds_int_covid/data/raw/COVID/images/COVID-2115.png,/Users/berfinaktas/Projects/covid_project_folders/jun26_bds_int_covid/data/raw/COVID/masks/COVID-2115.png,COVID,COVID,True,0.4101976472398758,0.35479736328125,1.1561462673968905
/Users/berfinaktas/Projects/covid_project_folders/jun26_bds_int_covid/data/raw/Normal/images/Normal-8949.png,/Users/berfinaktas/Projects/covid_project_folders/jun26_bds_int_covid/data/raw/Normal/masks/Normal-8949.png,Normal,Normal,True,0.3535256929991569,0.38885498046875,0.9091453388947084
/Users/berfinaktas/Projects/covid_project_folders/jun26_bds_int_covid/data/raw/Normal/images/Normal-5141.png,/Users/berfinaktas/Projects/covid_project_folders/jun26_bds_int_covid/data/raw/Normal/masks/Normal-5141.png,Normal,Normal,True,0.06368549641604293,0.39349365234375,0.161846311971529
/Users/berfinaktas/Projects/covid_project_folders/jun26_bds_int_covid/data/raw/Lung_Opacity/images/Lung_Opacity-619.png,/Users/berfinaktas/Projects/covid_project_folders/jun26_bds_int_covid/data/raw/Lung_Opacity/masks/Lung_Opacity-619.png,Lung_Opacity,Lung_Opacity,True,0.020716206800516765,0.26995849609375,0.0767384879538021
/Users/berfinaktas/Projects/covid_project_folders/jun26_bds_int_covid/data/raw/COVID/images/COVID-688.png,/Users/berfinaktas/Projects/covid_project_folders/jun26_bds_int_covid/data/raw/COVID/masks/COVID-688.png,COVID,COVID,True,0.29275433081312,0.22576904296875,1.2966982849532736
/Users/berfinaktas/Projects/covid_project_folders/jun26_bds_int_covid/data/raw/Lung_Opacity/images/Lung_Opacity-1782.png,/Users/berfinaktas/Projects/covid_project_folders/jun26_bds_int_covid/data/raw/Lung_Opacity/masks/Lung_Opacity-1782.png,Lung_Opacity,Lung_Opacity,True,0.03230814200533868,0.31072998046875,0.10397497517491042
/Users/berfinaktas/Projects/covid_project_folders/jun26_bds_int_covid/data/raw/COVID/images/COVID-3587.png,/Users/berfinaktas/Projects/covid_project_folders/jun26_bds_int_covid/data/raw/COVID/masks/COVID-3587.png,COVID,COVID,True,0.28823730137360143,0.3828125,0.7529464199147139
/Users/berfinaktas/Projects/covid_project_folders/jun26_bds_int_covid/data/raw/Lung_Opacity/images/Lung_Opacity-990.png,/Users/berfinaktas/Projects/covid_project_folders/jun26_bds_int_covid/data/raw/Lung_Opacity/masks/Lung_Opacity-990.png,Lung_Opacity,Lung_Opacity,True,0.05626084024716998,0.4300537109375,0.13082282239705265
/Users/berfinaktas/Projects/covid_project_folders/jun26_bds_int_covid/data/raw/Lung_Opacity/images/Lung_Opacity-1520.png,/Users/berfinaktas/Projects/covid_project_folders/jun26_bds_int_covid/data/raw/Lung_Opacity/masks/Lung_Opacity-1520.png,Lung_Opacity,Lung_Opacity,True,0.02182482020332974,0.2969970703125,0.07348496798424876
/Users/berfinaktas/Projects/covid_project_folders/jun26_bds_int_covid/data/raw/COVID/images/COVID-492.png,/Users/berfinaktas/Projects/covid_project_folders/jun26_bds_int_covid/data/raw/COVID/masks/COVID-492.png,COVID,COVID,True,0.43566927976041026,0.3814697265625,1.1420808767351298
/Users/berfinaktas/Projects/covid_project_folders/jun26_bds_int_covid/data/raw/Normal/images/Normal-1943.png,/Users/berfinaktas/Projects/covid_project_folders/jun26_bds_int_covid/data/raw/Normal/masks/Normal-1943.png,Normal,Normal,True,0.2551580681642458,0.2830810546875,0.9013604546793883
/Users/berfinaktas/Projects/covid_project_folders/jun26_bds_int_covid/data/raw/COVID/images/COVID-2981.png,/Users/berfinaktas/Projects/covid_project_folders/jun26_bds_int_covid/data/raw/COVID/masks/COVID-2981.png,COVID,COVID,True,0.2427063174778257,0.24652099609375,0.9845259483923486
/Users/berfinaktas/Projects/covid_project_folders/jun26_bds_int_covid/data/raw/Normal/images/Normal-9078.png,/Users/berfinaktas/Projects/covid_project_folders/jun26_bds_int_covid/data/raw/Normal/masks/Normal-9078.png,Normal,Normal,True,0.1971366272053097,0.34613037109375,0.5695444366305403
/Users/berfinaktas/Projects/covid_project_folders/jun26_bds_int_covid/data/raw/Lung_Opacity/images/Lung_Opacity-1529.png,/Users/berfinaktas/Projects/covid_project_folders/jun26_bds_int_covid/data/raw/Lung_Opacity/masks/Lung_Opacity-1529.png,Lung_Opacity,Normal,False,0.14046331982423682,0.2777099609375,0.5057914356044607
/Users/berfinaktas/Projects/covid_project_folders/jun26_bds_int_covid/data/raw/Normal/images/Normal-1797.png,/Users/berfinaktas/Projects/covid_project_folders/jun26_bds_int_covid/data/raw/Normal/masks/Normal-1797.png,Normal,Normal,True,0.071621548138712,0.3546142578125,0.20197030029340057
/Users/berfinaktas/Projects/covid_project_folders/jun26_bds_int_covid/data/raw/Normal/images/Normal-6111.png,/Users/berfinaktas/Projects/covid_project_folders/jun26_bds_int_covid/data/raw/Normal/masks/Normal-6111.png,Normal,Normal,True,0.22121778498692618,0.3402099609375,0.6502390005787224
/Users/berfinaktas/Projects/covid_project_folders/jun26_bds_int_covid/data/raw/Normal/images/Normal-24.png,/Users/berfinaktas/Projects/covid_project_folders/jun26_bds_int_covid/data/raw/Normal/masks/Normal-24.png,Normal,Normal,True,0.246402091835863,0.48406982421875,0.5090217970796596
/Users/berfinaktas/Projects/covid_project_folders/jun26_bds_int_covid/data/raw/Normal/images/Normal-4165.png,/Users/berfinaktas/Projects/covid_project_folders/jun26_bds_int_covid/data/raw/Normal/masks/Normal-4165.png,Normal,Normal,True,0.1483295361546612,0.41290283203125,0.3592359379686577
/Users/berfinaktas/Projects/covid_project_folders/jun26_bds_int_covid/data/raw/COVID/images/COVID-2196.png,/Users/berfinaktas/Projects/covid_project_folders/jun26_bds_int_covid/data/raw/COVID/masks/COVID-2196.png,COVID,COVID,True,0.2940877677459972,0.3857421875,0.7623946181567117
/Users/berfinaktas/Projects/covid_project_folders/jun26_bds_int_covid/data/raw/Normal/images/Normal-671.png,/Users/berfinaktas/Projects/covid_project_folders/jun26_bds_int_covid/data/raw/Normal/masks/Normal-671.png,Normal,Normal,True,0.189436058376791,0.25201416015625,0.7516881522027958
/Users/berfinaktas/Projects/covid_project_folders/jun26_bds_int_covid/data/raw/COVID/images/COVID-530.png,/Users/berfinaktas/Projects/covid_project_folders/jun26_bds_int_covid/data/raw/COVID/masks/COVID-530.png,COVID,COVID,True,0.22506706255544953,0.3150634765625,0.7143546596103226
/Users/berfinaktas/Projects/covid_project_folders/jun26_bds_int_covid/data/raw/Normal/images/Normal-9989.png,/Users/berfinaktas/Projects/covid_project_folders/jun26_bds_int_covid/data/raw/Normal/masks/Normal-9989.png,Normal,COVID,False,0.2601586571354637,0.3424072265625,0.7597931262936609
/Users/berfinaktas/Projects/covid_project_folders/jun26_bds_int_covid/data/raw/Viral Pneumonia/images/Viral Pneumonia-628.png,/Users/berfinaktas/Projects/covid_project_folders/jun26_bds_int_covid/data/raw/Viral Pneumonia/masks/Viral Pneumonia-628.png,Viral Pneumonia,Viral Pneumonia,True,0.0886186166503181,0.24493408203125,0.3618059843505636
/Users/berfinaktas/Projects/covid_project_folders/jun26_bds_int_covid/data/raw/Lung_Opacity/images/Lung_Opacity-5717.png,/Users/berfinaktas/Projects/covid_project_folders/jun26_bds_int_covid/data/raw/Lung_Opacity/masks/Lung_Opacity-5717.png,Lung_Opacity,Lung_Opacity,True,0.012549880020544841,0.36016845703125,0.03484447284470542
/Users/berfinaktas/Projects/covid_project_folders/jun26_bds_int_covid/data/raw/Normal/images/Normal-7733.png,/Users/berfinaktas/Projects/covid_project_folders/jun26_bds_int_covid/data/raw/Normal/masks/Normal-7733.png,Normal,Normal,True,0.26793963701384793,0.3583984375,0.7476026929214722
/Users/berfinaktas/Projects/covid_project_folders/jun26_bds_int_covid/data/raw/Lung_Opacity/images/Lung_Opacity-4020.png,/Users/berfinaktas/Projects/covid_project_folders/jun26_bds_int_covid/data/raw/Lung_Opacity/masks/Lung_Opacity-4020.png,Lung_Opacity,Lung_Opacity,True,0.09656197807563834,0.38104248046875,0.253415256894323
/Users/berfinaktas/Projects/covid_project_folders/jun26_bds_int_covid/data/raw/Normal/images/Normal-5764.png,/Users/berfinaktas/Projects/covid_project_folders/jun26_bds_int_covid/data/raw/Normal/masks/Normal-5764.png,Normal,Normal,True,0.15314694555885106,0.275634765625,0.5556154907077537
/Users/berfinaktas/Projects/covid_project_folders/jun26_bds_int_covid/data/raw/Viral Pneumonia/images/Viral Pneumonia-63.png,/Users/berfinaktas/Projects/covid_project_folders/jun26_bds_int_covid/data/raw/Viral Pneumonia/masks/Viral Pneumonia-63.png,Viral Pneumonia,Viral Pneumonia,True,0.20501660229470806,0.323974609375,0.6328168824409376
/Users/berfinaktas/Projects/covid_project_folders/jun26_bds_int_covid/data/raw/Normal/images/Normal-7162.png,/Users/berfinaktas/Projects/covid_project_folders/jun26_bds_int_covid/data/raw/Normal/masks/Normal-7162.png,Normal,Normal,True,0.20176220774475445,0.35986328125,0.5606635026611358
/Users/berfinaktas/Projects/covid_project_folders/jun26_bds_int_covid/data/raw/Lung_Opacity/images/Lung_Opacity-5520.png,/Users/berfinaktas/Projects/covid_project_folders/jun26_bds_int_covid/data/raw/Lung_Opacity/masks/Lung_Opacity-5520.png,Lung_Opacity,Lung_Opacity,True,0.020590955642641434,0.31756591796875,0.06483994181223088
/Users/berfinaktas/Projects/covid_project_folders/jun26_bds_int_covid/data/raw/COVID/images/COVID-1684.png,/Users/berfinaktas/Projects/covid_project_folders/jun26_bds_int_covid/data/raw/COVID/masks/COVID-1684.png,COVID,COVID,True,0.3419681625680471,0.30816650390625,1.1096863488839144
/Users/berfinaktas/Projects/covid_project_folders/jun26_bds_int_covid/data/raw/Normal/images/Normal-8632.png,/Users/berfinaktas/Projects/covid_project_folders/jun26_bds_int_covid/data/raw/Normal/masks/Normal-8632.png,Normal,Normal,True,0.1875387497889514,0.35693359375,0.5254163605578283
/Users/berfinaktas/Projects/covid_project_folders/jun26_bds_int_covid/data/raw/Normal/images/Normal-7983.png,/Users/berfinaktas/Projects/covid_project_folders/jun26_bds_int_covid/data/raw/Normal/masks/Normal-7983.png,Normal,Normal,True,0.1634401437906548,0.28387451171875,0.575747864086452
/Users/berfinaktas/Projects/covid_project_folders/jun26_bds_int_covid/data/raw/Normal/images/Normal-5365.png,/Users/berfinaktas/Projects/covid_project_folders/jun26_bds_int_covid/data/raw/Normal/masks/Normal-5365.png,Normal,Normal,True,0.0903019604432606,0.2542724609375,0.3551385789492035
/Users/berfinaktas/Projects/covid_project_folders/jun26_bds_int_covid/data/raw/Lung_Opacity/images/Lung_Opacity-5746.png,/Users/berfinaktas/Projects/covid_project_folders/jun26_bds_int_covid/data/raw/Lung_Opacity/masks/Lung_Opacity-5746.png,Lung_Opacity,Lung_Opacity,True,0.0318543881757394,0.25,0.1274175527029576
/Users/berfinaktas/Projects/covid_project_folders/jun26_bds_int_covid/data/raw/COVID/images/COVID-1675.png,/Users/berfinaktas/Projects/covid_project_folders/jun26_bds_int_covid/data/raw/COVID/masks/COVID-1675.png,COVID,COVID,True,0.15928943464757916,0.1744384765625,0.9131553874268499
/Users/berfinaktas/Projects/covid_project_folders/jun26_bds_int_covid/data/raw/Normal/images/Normal-9908.png,/Users/berfinaktas/Projects/covid_project_folders/jun26_bds_int_covid/data/raw/Normal/masks/Normal-9908.png,Normal,Normal,True,0.15187644523288713,0.4185791015625,0.36283809838081404
/Users/berfinaktas/Projects/covid_project_folders/jun26_bds_int_covid/data/raw/Normal/images/Normal-200.png,/Users/berfinaktas/Projects/covid_project_folders/jun26_bds_int_covid/data/raw/Normal/masks/Normal-200.png,Normal,Normal,True,0.2301846164480185,0.2081298828125,1.1059662040716525
/Users/berfinaktas/Projects/covid_project_folders/jun26_bds_int_covid/data/raw/COVID/images/COVID-1169.png,/Users/berfinaktas/Projects/covid_project_folders/jun26_bds_int_covid/data/raw/COVID/masks/COVID-1169.png,COVID,COVID,True,0.4008919841385007,0.34356689453125,1.1668527745825539
/Users/berfinaktas/Projects/covid_project_folders/jun26_bds_int_covid/data/raw/Normal/images/Normal-2403.png,/Users/berfinaktas/Projects/covid_project_folders/jun26_bds_int_covid/data/raw/Normal/masks/Normal-2403.png,Normal,Normal,True,0.14689135234559855,0.3697509765625,0.39727103282111037
/Users/berfinaktas/Projects/covid_project_folders/jun26_bds_int_covid/data/raw/Normal/images/Normal-3333.png,/Users/berfinaktas/Projects/covid_project_folders/jun26_bds_int_covid/data/raw/Normal/masks/Normal-3333.png,Normal,Normal,True,0.18854952965155308,0.4046630859375,0.46594200509970524
/Users/berfinaktas/Projects/covid_project_folders/jun26_bds_int_covid/data/raw/Lung_Opacity/images/Lung_Opacity-2034.png,/Users/berfinaktas/Projects/covid_project_folders/jun26_bds_int_covid/data/raw/Lung_Opacity/masks/Lung_Opacity-2034.png,Lung_Opacity,Lung_Opacity,True,0.1155643037757002,0.37371826171875,0.30922840977642857
/Users/berfinaktas/Projects/covid_project_folders/jun26_bds_int_covid/data/raw/Lung_Opacity/images/Lung_Opacity-2193.png,/Users/berfinaktas/Projects/covid_project_folders/jun26_bds_int_covid/data/raw/Lung_Opacity/masks/Lung_Opacity-2193.png,Lung_Opacity,Lung_Opacity,True,0.023001234496451677,0.2135009765625,0.10773362664089887
/Users/berfinaktas/Projects/covid_project_folders/jun26_bds_int_covid/data/raw/Normal/images/Normal-620.png,/Users/berfinaktas/Projects/covid_project_folders/jun26_bds_int_covid/data/raw/Normal/masks/Normal-620.png,Normal,Viral Pneumonia,False,0.11851634584404153,0.271728515625,0.43615719009631093
/Users/berfinaktas/Projects/covid_project_folders/jun26_bds_int_covid/data/raw/Normal/images/Normal-1445.png,/Users/berfinaktas/Projects/covid_project_folders/jun26_bds_int_covid/data/raw/Normal/masks/Normal-1445.png,Normal,Normal,True,0.2822913606279166,0.36260986328125,0.7784988474209368
/Users/berfinaktas/Projects/covid_project_folders/jun26_bds_int_covid/data/raw/COVID/images/COVID-1740.png,/Users/berfinaktas/Projects/covid_project_folders/jun26_bds_int_covid/data/raw/COVID/masks/COVID-1740.png,COVID,Lung_Opacity,False,0.020541455564599402,0.25250244140625,0.08135151268319957
/Users/berfinaktas/Projects/covid_project_folders/jun26_bds_int_covid/data/raw/COVID/images/COVID-572.png,/Users/berfinaktas/Projects/covid_project_folders/jun26_bds_int_covid/data/raw/COVID/masks/COVID-572.png,COVID,COVID,True,0.5174248872741875,0.3729248046875,1.3874777991980831
/Users/berfinaktas/Projects/covid_project_folders/jun26_bds_int_covid/data/raw/Lung_Opacity/images/Lung_Opacity-3.png,/Users/berfinaktas/Projects/covid_project_folders/jun26_bds_int_covid/data/raw/Lung_Opacity/masks/Lung_Opacity-3.png,Lung_Opacity,Normal,False,0.19361119401540486,0.39947509765625,0.4846639881968515
/Users/berfinaktas/Projects/covid_project_folders/jun26_bds_int_covid/data/raw/Lung_Opacity/images/Lung_Opacity-1830.png,/Users/berfinaktas/Projects/covid_project_folders/jun26_bds_int_covid/data/raw/Lung_Opacity/masks/Lung_Opacity-1830.png,Lung_Opacity,Lung_Opacity,True,0.021687833021081487,0.38177490234375,0.056807906669448294
/Users/berfinaktas/Projects/covid_project_folders/jun26_bds_int_covid/data/raw/Normal/images/Normal-7553.png,/Users/berfinaktas/Projects/covid_project_folders/jun26_bds_int_covid/data/raw/Normal/masks/Normal-7553.png,Normal,Normal,True,0.33086148920511604,0.39520263671875,0.8371945388627986
/Users/berfinaktas/Projects/covid_project_folders/jun26_bds_int_covid/data/raw/Lung_Opacity/images/Lung_Opacity-2163.png,/Users/berfinaktas/Projects/covid_project_folders/jun26_bds_int_covid/data/raw/Lung_Opacity/masks/Lung_Opacity-2163.png,Lung_Opacity,Lung_Opacity,True,0.04061860838915958,0.3045654296875,0.13336578754468748
/Users/berfinaktas/Projects/covid_project_folders/jun26_bds_int_covid/data/raw/Normal/images/Normal-8049.png,/Users/berfinaktas/Projects/covid_project_folders/jun26_bds_int_covid/data/raw/Normal/masks/Normal-8049.png,Normal,Normal,True,0.29349449523662574,0.33148193359375,0.8854011802535217
/Users/berfinaktas/Projects/covid_project_folders/jun26_bds_int_covid/data/raw/Viral Pneumonia/images/Viral Pneumonia-1294.png,/Users/berfinaktas/Projects/covid_project_folders/jun26_bds_int_covid/data/raw/Viral Pneumonia/masks/Viral Pneumonia-1294.png,Viral Pneumonia,Viral Pneumonia,True,0.08774820103715313,0.30859375,0.28434860082925567
/Users/berfinaktas/Projects/covid_project_folders/jun26_bds_int_covid/data/raw/COVID/images/COVID-297.png,/Users/berfinaktas/Projects/covid_project_folders/jun26_bds_int_covid/data/raw/COVID/masks/COVID-297.png,COVID,COVID,True,0.3851320391237783,0.41326904296875,0.9319160137356348
/Users/berfinaktas/Projects/covid_project_folders/jun26_bds_int_covid/data/raw/Normal/images/Normal-7594.png,/Users/berfinaktas/Projects/covid_project_folders/jun26_bds_int_covid/data/raw/Normal/masks/Normal-7594.png,Normal,Normal,True,0.2703548174750099,0.35430908203125,0.7630479465134474
/Users/berfinaktas/Projects/covid_project_folders/jun26_bds_int_covid/data/raw/Lung_Opacity/images/Lung_Opacity-2981.png,/Users/berfinaktas/Projects/covid_project_folders/jun26_bds_int_covid/data/raw/Lung_Opacity/masks/Lung_Opacity-2981.png,Lung_Opacity,Lung_Opacity,True,0.045781260463170936,0.2757568359375,0.16602040093594347
/Users/berfinaktas/Projects/covid_project_folders/jun26_bds_int_covid/data/raw/Normal/images/Normal-9801.png,/Users/berfinaktas/Projects/covid_project_folders/jun26_bds_int_covid/data/raw/Normal/masks/Normal-9801.png,Normal,Lung_Opacity,False,0.01561920459933372,0.35894775390625,0.04351386637569863
/Users/berfinaktas/Projects/covid_project_folders/jun26_bds_int_covid/data/raw/Normal/images/Normal-2224.png,/Users/berfinaktas/Projects/covid_project_folders/jun26_bds_int_covid/data/raw/Normal/masks/Normal-2224.png,Normal,Normal,True,0.193008481660121,0.3402099609375,0.5673216655040226
/Users/berfinaktas/Projects/covid_project_folders/jun26_bds_int_covid/data/raw/Normal/images/Normal-6535.png,/Users/berfinaktas/Projects/covid_project_folders/jun26_bds_int_covid/data/raw/Normal/masks/Normal-6535.png,Normal,Normal,True,0.23344045775560424,0.37701416015625,0.6191822016946447
/Users/berfinaktas/Projects/covid_project_folders/jun26_bds_int_covid/data/raw/Lung_Opacity/images/Lung_Opacity-2409.png,/Users/berfinaktas/Projects/covid_project_folders/jun26_bds_int_covid/data/raw/Lung_Opacity/masks/Lung_Opacity-2409.png,Lung_Opacity,Lung_Opacity,True,0.0848167169156524,0.413330078125,0.2052033505531673
/Users/berfinaktas/Projects/covid_project_folders/jun26_bds_int_covid/data/raw/Viral Pneumonia/images/Viral Pneumonia-323.png,/Users/berfinaktas/Projects/covid_project_folders/jun26_bds_int_covid/data/raw/Viral Pneumonia/masks/Viral Pneumonia-323.png,Viral Pneumonia,Viral Pneumonia,True,0.1799518941443845,0.33221435546875,0.541674046235825
/Users/berfinaktas/Projects/covid_project_folders/jun26_bds_int_covid/data/raw/COVID/images/COVID-1927.png,/Users/berfinaktas/Projects/covid_project_folders/jun26_bds_int_covid/data/raw/COVID/masks/COVID-1927.png,COVID,COVID,True,0.3307183729005185,0.33233642578125,0.9951312803676942
/Users/berfinaktas/Projects/covid_project_folders/jun26_bds_int_covid/data/raw/Normal/images/Normal-2496.png,/Users/berfinaktas/Projects/covid_project_folders/jun26_bds_int_covid/data/raw/Normal/masks/Normal-2496.png,Normal,Normal,True,0.12370988201652812,0.37109375,0.33336557680243367
/Users/berfinaktas/Projects/covid_project_folders/jun26_bds_int_covid/data/raw/COVID/images/COVID-2787.png,/Users/berfinaktas/Projects/covid_project_folders/jun26_bds_int_covid/data/raw/COVID/masks/COVID-2787.png,COVID,COVID,True,0.4147096771635435,0.287109375,1.4444309844063556
/Users/berfinaktas/Projects/covid_project_folders/jun26_bds_int_covid/data/raw/Lung_Opacity/images/Lung_Opacity-4441.png,/Users/berfinaktas/Projects/covid_project_folders/jun26_bds_int_covid/data/raw/Lung_Opacity/masks/Lung_Opacity-4441.png,Lung_Opacity,COVID,False,0.40928094361266804,0.4100341796875,0.9981629919842145
/Users/berfinaktas/Projects/covid_project_folders/jun26_bds_int_covid/data/raw/Normal/images/Normal-9359.png,/Users/berfinaktas/Projects/covid_project_folders/jun26_bds_int_covid/data/raw/Normal/masks/Normal-9359.png,Normal,Lung_Opacity,False,0.038275147338460436,0.30828857421875,0.12415363571438047
/Users/berfinaktas/Projects/covid_project_folders/jun26_bds_int_covid/data/raw/Normal/images/Normal-2370.png,/Users/berfinaktas/Projects/covid_project_folders/jun26_bds_int_covid/data/raw/Normal/masks/Normal-2370.png,Normal,Normal,True,0.15112492080376802,0.35418701171875,0.42668114810424523
/Users/berfinaktas/Projects/covid_project_folders/jun26_bds_int_covid/data/raw/Normal/images/Normal-1404.png,/Users/berfinaktas/Projects/covid_project_folders/jun26_bds_int_covid/data/raw/Normal/masks/Normal-1404.png,Normal,Lung_Opacity,False,0.011541501173032598,0.25567626953125,0.045141073100731934
/Users/berfinaktas/Projects/covid_project_folders/jun26_bds_int_covid/data/raw/Normal/images/Normal-1527.png,/Users/berfinaktas/Projects/covid_project_folders/jun26_bds_int_covid/data/raw/Normal/masks/Normal-1527.png,Normal,Normal,True,0.2558794949375067,0.29510498046875,0.8670795543032286
/Users/berfinaktas/Projects/covid_project_folders/jun26_bds_int_covid/data/raw/Lung_Opacity/images/Lung_Opacity-1463.png,/Users/berfinaktas/Projects/covid_project_folders/jun26_bds_int_covid/data/raw/Lung_Opacity/masks/Lung_Opacity-1463.png,Lung_Opacity,Normal,False,0.2259572861048184,0.31939697265625,0.7074496800193665
/Users/berfinaktas/Projects/covid_project_folders/jun26_bds_int_covid/data/raw/Normal/images/Normal-6047.png,/Users/berfinaktas/Projects/covid_project_folders/jun26_bds_int_covid/data/raw/Normal/masks/Normal-6047.png,Normal,Normal,True,0.1702384162435951,0.30963134765625,0.5498100161117804
/Users/berfinaktas/Projects/covid_project_folders/jun26_bds_int_covid/data/raw/COVID/images/COVID-3038.png,/Users/berfinaktas/Projects/covid_project_folders/jun26_bds_int_covid/data/raw/COVID/masks/COVID-3038.png,COVID,COVID,True,0.2784536352717515,0.34075927734375,0.8171564320781616
/Users/berfinaktas/Projects/covid_project_folders/jun26_bds_int_covid/data/raw/Normal/images/Normal-9642.png,/Users/berfinaktas/Projects/covid_project_folders/jun26_bds_int_covid/data/raw/Normal/masks/Normal-9642.png,Normal,Normal,True,0.1862267396050318,0.342041015625,0.5444573343484728
/Users/berfinaktas/Projects/covid_project_folders/jun26_bds_int_covid/data/raw/Normal/images/Normal-5729.png,/Users/berfinaktas/Projects/covid_project_folders/jun26_bds_int_covid/data/raw/Normal/masks/Normal-5729.png,Normal,Normal,True,0.22908841053295714,0.3489990234375,0.6564156205267523
/Users/berfinaktas/Projects/covid_project_folders/jun26_bds_int_covid/data/raw/Normal/images/Normal-1052.png,/Users/berfinaktas/Projects/covid_project_folders/jun26_bds_int_covid/data/raw/Normal/masks/Normal-1052.png,Normal,Normal,True,0.16121634696764836,0.349365234375,0.46145503646365316
/Users/berfinaktas/Projects/covid_project_folders/jun26_bds_int_covid/data/raw/Viral Pneumonia/images/Viral Pneumonia-200.png,/Users/berfinaktas/Projects/covid_project_folders/jun26_bds_int_covid/data/raw/Viral Pneumonia/masks/Viral Pneumonia-200.png,Viral Pneumonia,Viral Pneumonia,True,0.09924550156877227,0.271240234375,0.36589520650377244
/Users/berfinaktas/Projects/covid_project_folders/jun26_bds_int_covid/data/raw/Normal/images/Normal-7821.png,/Users/berfinaktas/Projects/covid_project_folders/jun26_bds_int_covid/data/raw/Normal/masks/Normal-7821.png,Normal,Normal,True,0.13221195604449384,0.38909912109375,0.3397899118169392
/Users/berfinaktas/Projects/covid_project_folders/jun26_bds_int_covid/data/raw/Normal/images/Normal-4381.png,/Users/berfinaktas/Projects/covid_project_folders/jun26_bds_int_covid/data/raw/Normal/masks/Normal-4381.png,Normal,Normal,True,0.25227671989507816,0.39422607421875,0.6399290569377551
/Users/berfinaktas/Projects/covid_project_folders/jun26_bds_int_covid/data/raw/Lung_Opacity/images/Lung_Opacity-1215.png,/Users/berfinaktas/Projects/covid_project_folders/jun26_bds_int_covid/data/raw/Lung_Opacity/masks/Lung_Opacity-1215.png,Lung_Opacity,Lung_Opacity,True,0.07487649241368113,0.2955322265625,0.2533615141895398
/Users/berfinaktas/Projects/covid_project_folders/jun26_bds_int_covid/data/raw/Viral Pneumonia/images/Viral Pneumonia-1014.png,/Users/berfinaktas/Projects/covid_project_folders/jun26_bds_int_covid/data/raw/Viral Pneumonia/masks/Viral Pneumonia-1014.png,Viral Pneumonia,Viral Pneumonia,True,0.157724556501556,0.25341796875,0.622389001378009
/Users/berfinaktas/Projects/covid_project_folders/jun26_bds_int_covid/data/raw/Viral Pneumonia/images/Viral Pneumonia-1335.png,/Users/berfinaktas/Projects/covid_project_folders/jun26_bds_int_covid/data/raw/Viral Pneumonia/masks/Viral Pneumonia-1335.png,Viral Pneumonia,Viral Pneumonia,True,0.1332117850235175,0.28656005859375,0.4648651514004921
/Users/berfinaktas/Projects/covid_project_folders/jun26_bds_int_covid/data/raw/Lung_Opacity/images/Lung_Opacity-1330.png,/Users/berfinaktas/Projects/covid_project_folders/jun26_bds_int_covid/data/raw/Lung_Opacity/masks/Lung_Opacity-1330.png,Lung_Opacity,Lung_Opacity,True,0.05371443063807876,0.30584716796875,0.1756250711583082
/Users/berfinaktas/Projects/covid_project_folders/jun26_bds_int_covid/data/raw/Normal/images/Normal-2844.png,/Users/berfinaktas/Projects/covid_project_folders/jun26_bds_int_covid/data/raw/Normal/masks/Normal-2844.png,Normal,Normal,True,0.24637924477324638,0.335205078125,0.7350104782164728
/Users/berfinaktas/Projects/covid_project_folders/jun26_bds_int_covid/data/raw/Normal/images/Normal-1831.png,/Users/berfinaktas/Projects/covid_project_folders/jun26_bds_int_covid/data/raw/Normal/masks/Normal-1831.png,Normal,Normal,True,0.2453290800074111,0.30938720703125,0.792951597325197
/Users/berfinaktas/Projects/covid_project_folders/jun26_bds_int_covid/data/raw/Normal/images/Normal-6341.png,/Users/berfinaktas/Projects/covid_project_folders/jun26_bds_int_covid/data/raw/Normal/masks/Normal-6341.png,Normal,Normal,True,0.2406879947715464,0.335693359375,0.7169876556976393
/Users/berfinaktas/Projects/covid_project_folders/jun26_bds_int_covid/data/raw/Lung_Opacity/images/Lung_Opacity-3622.png,/Users/berfinaktas/Projects/covid_project_folders/jun26_bds_int_covid/data/raw/Lung_Opacity/masks/Lung_Opacity-3622.png,Lung_Opacity,Normal,False,0.38928503175498264,0.47515869140625,0.8192737264320662
/Users/berfinaktas/Projects/covid_project_folders/jun26_bds_int_covid/data/raw/COVID/images/COVID-1422.png,/Users/berfinaktas/Projects/covid_project_folders/jun26_bds_int_covid/data/raw/COVID/masks/COVID-1422.png,COVID,COVID,True,0.30142853908534045,0.39141845703125,0.7700928090401088
/Users/berfinaktas/Projects/covid_project_folders/jun26_bds_int_covid/data/raw/Normal/images/Normal-5832.png,/Users/berfinaktas/Projects/covid_project_folders/jun26_bds_int_covid/data/raw/Normal/masks/Normal-5832.png,Normal,Normal,True,0.1951811679163093,0.3927001953125,0.49702335330133846
/Users/berfinaktas/Projects/covid_project_folders/jun26_bds_int_covid/data/raw/Normal/images/Normal-3511.png,/Users/berfinaktas/Projects/covid_project_folders/jun26_bds_int_covid/data/raw/Normal/masks/Normal-3511.png,Normal,Normal,True,0.2515602673271442,0.435791015625,0.5772497786957886
/Users/berfinaktas/Projects/covid_project_folders/jun26_bds_int_covid/data/raw/Normal/images/Normal-1688.png,/Users/berfinaktas/Projects/covid_project_folders/jun26_bds_int_covid/data/raw/Normal/masks/Normal-1688.png,Normal,Normal,True,0.24753462506044782,0.307373046875,0.8053231328416158
/Users/berfinaktas/Projects/covid_project_folders/jun26_bds_int_covid/data/raw/COVID/images/COVID-2829.png,/Users/berfinaktas/Projects/covid_project_folders/jun26_bds_int_covid/data/raw/COVID/masks/COVID-2829.png,COVID,COVID,True,0.30039564128347873,0.3233642578125,0.9289698351809202
/Users/berfinaktas/Projects/covid_project_folders/jun26_bds_int_covid/data/raw/Normal/images/Normal-9265.png,/Users/berfinaktas/Projects/covid_project_folders/jun26_bds_int_covid/data/raw/Normal/masks/Normal-9265.png,Normal,Normal,True,0.263765887421268,0.36279296875,0.7270424460817724
/Users/berfinaktas/Projects/covid_project_folders/jun26_bds_int_covid/data/raw/Normal/images/Normal-10102.png,/Users/berfinaktas/Projects/covid_project_folders/jun26_bds_int_covid/data/raw/Normal/masks/Normal-10102.png,Normal,Normal,True,0.261551737595694,0.40936279296875,0.6389240597536678
/Users/berfinaktas/Projects/covid_project_folders/jun26_bds_int_covid/data/raw/Normal/images/Normal-4698.png,/Users/berfinaktas/Projects/covid_project_folders/jun26_bds_int_covid/data/raw/Normal/masks/Normal-4698.png,Normal,Normal,True,0.25981073608092725,0.37921142578125,0.6851342507564642
/Users/berfinaktas/Projects/covid_project_folders/jun26_bds_int_covid/data/raw/Normal/images/Normal-7497.png,/Users/berfinaktas/Projects/covid_project_folders/jun26_bds_int_covid/data/raw/Normal/masks/Normal-7497.png,Normal,Normal,True,0.28714628828212696,0.35345458984375,0.8123993761378636
/Users/berfinaktas/Projects/covid_project_folders/jun26_bds_int_covid/data/raw/Lung_Opacity/images/Lung_Opacity-4461.png,/Users/berfinaktas/Projects/covid_project_folders/jun26_bds_int_covid/data/raw/Lung_Opacity/masks/Lung_Opacity-4461.png,Lung_Opacity,Lung_Opacity,True,0.03238553923145947,0.190673828125,0.16984784723695004
/Users/berfinaktas/Projects/covid_project_folders/jun26_bds_int_covid/data/raw/Viral Pneumonia/images/Viral Pneumonia-565.png,/Users/berfinaktas/Projects/covid_project_folders/jun26_bds_int_covid/data/raw/Viral Pneumonia/masks/Viral Pneumonia-565.png,Viral Pneumonia,Viral Pneumonia,True,0.09881305598725394,0.2630615234375,0.37562717153020153
/Users/berfinaktas/Projects/covid_project_folders/jun26_bds_int_covid/data/raw/Lung_Opacity/images/Lung_Opacity-554.png,/Users/berfinaktas/Projects/covid_project_folders/jun26_bds_int_covid/data/raw/Lung_Opacity/masks/Lung_Opacity-554.png,Lung_Opacity,Lung_Opacity,True,0.09281084337798869,0.34698486328125,0.2674780752691234
/Users/berfinaktas/Projects/covid_project_folders/jun26_bds_int_covid/data/raw/COVID/images/COVID-2874.png,/Users/berfinaktas/Projects/covid_project_folders/jun26_bds_int_covid/data/raw/COVID/masks/COVID-2874.png,COVID,COVID,True,0.26775042539752336,0.29620361328125,0.903940442965799
/Users/berfinaktas/Projects/covid_project_folders/jun26_bds_int_covid/data/raw/Lung_Opacity/images/Lung_Opacity-596.png,/Users/berfinaktas/Projects/covid_project_folders/jun26_bds_int_covid/data/raw/Lung_Opacity/masks/Lung_Opacity-596.png,Lung_Opacity,Lung_Opacity,True,0.058191898132387405,0.3353271484375,0.17353768820550333
/Users/berfinaktas/Projects/covid_project_folders/jun26_bds_int_covid/data/raw/Normal/images/Normal-2768.png,/Users/berfinaktas/Projects/covid_project_folders/jun26_bds_int_covid/data/raw/Normal/masks/Normal-2768.png,Normal,Normal,True,0.20627070919610796,0.3505859375,0.5883599058964194
/Users/berfinaktas/Projects/covid_project_folders/jun26_bds_int_covid/data/raw/Normal/images/Normal-1033.png,/Users/berfinaktas/Projects/covid_project_folders/jun26_bds_int_covid/data/raw/Normal/masks/Normal-1033.png,Normal,Normal,True,0.22776826721138174,0.38909912109375,0.5853733788221613
/Users/berfinaktas/Projects/covid_project_folders/jun26_bds_int_covid/data/raw/COVID/images/COVID-96.png,/Users/berfinaktas/Projects/covid_project_folders/jun26_bds_int_covid/data/raw/COVID/masks/COVID-96.png,COVID,Lung_Opacity,False,0.059132095708610694,0.3248291015625,0.1820406343648774
/Users/berfinaktas/Projects/covid_project_folders/jun26_bds_int_covid/data/raw/Normal/images/Normal-3989.png,/Users/berfinaktas/Projects/covid_project_folders/jun26_bds_int_covid/data/raw/Normal/masks/Normal-3989.png,Normal,Normal,True,0.2720612200059951,0.3499755859375,0.7773719966128747
/Users/berfinaktas/Projects/covid_project_folders/jun26_bds_int_covid/data/raw/COVID/images/COVID-1421.png,/Users/berfinaktas/Projects/covid_project_folders/jun26_bds_int_covid/data/raw/COVID/masks/COVID-1421.png,COVID,COVID,True,0.3043735288769313,0.3453369140625,0.8813813886743801
/Users/berfinaktas/Projects/covid_project_folders/jun26_bds_int_covid/data/raw/Viral Pneumonia/images/Viral Pneumonia-1243.png,/Users/berfinaktas/Projects/covid_project_folders/jun26_bds_int_covid/data/raw/Viral Pneumonia/masks/Viral Pneumonia-1243.png,Viral Pneumonia,Viral Pneumonia,True,0.1423686729797257,0.2529296875,0.5628784599661741
/Users/berfinaktas/Projects/covid_project_folders/jun26_bds_int_covid/data/raw/Lung_Opacity/images/Lung_Opacity-2136.png,/Users/berfinaktas/Projects/covid_project_folders/jun26_bds_int_covid/data/raw/Lung_Opacity/masks/Lung_Opacity-2136.png,Lung_Opacity,Lung_Opacity,True,0.041121900305160594,0.279541015625,0.147105068689902
/Users/berfinaktas/Projects/covid_project_folders/jun26_bds_int_covid/data/raw/Lung_Opacity/images/Lung_Opacity-5996.png,/Users/berfinaktas/Projects/covid_project_folders/jun26_bds_int_covid/data/raw/Lung_Opacity/masks/Lung_Opacity-5996.png,Lung_Opacity,Lung_Opacity,True,0.06124705967507873,0.32684326171875,0.1873896966790831
/Users/berfinaktas/Projects/covid_project_folders/jun26_bds_int_covid/data/raw/COVID/images/COVID-2064.png,/Users/berfinaktas/Projects/covid_project_folders/jun26_bds_int_covid/data/raw/COVID/masks/COVID-2064.png,COVID,Lung_Opacity,False,0.08022115377590572,0.24798583984375,0.32349086474635474
/Users/berfinaktas/Projects/covid_project_folders/jun26_bds_int_covid/data/raw/Normal/images/Normal-8633.png,/Users/berfinaktas/Projects/covid_project_folders/jun26_bds_int_covid/data/raw/Normal/masks/Normal-8633.png,Normal,COVID,False,0.18996963834941796,0.270263671875,0.7029048226551183
/Users/berfinaktas/Projects/covid_project_folders/jun26_bds_int_covid/data/raw/Normal/images/Normal-6036.png,/Users/berfinaktas/Projects/covid_project_folders/jun26_bds_int_covid/data/raw/Normal/masks/Normal-6036.png,Normal,Normal,True,0.22927824350074896,0.272216796875,0.8422633949588052
/Users/berfinaktas/Projects/covid_project_folders/jun26_bds_int_covid/data/raw/Lung_Opacity/images/Lung_Opacity-707.png,/Users/berfinaktas/Projects/covid_project_folders/jun26_bds_int_covid/data/raw/Lung_Opacity/masks/Lung_Opacity-707.png,Lung_Opacity,Normal,False,0.14976704364723842,0.42779541015625,0.35009034714172554
/Users/berfinaktas/Projects/covid_project_folders/jun26_bds_int_covid/data/raw/Normal/images/Normal-7299.png,/Users/berfinaktas/Projects/covid_project_folders/jun26_bds_int_covid/data/raw/Normal/masks/Normal-7299.png,Normal,Normal,True,0.26010369010602097,0.38385009765625,0.6776178818090393
/Users/berfinaktas/Projects/covid_project_folders/jun26_bds_int_covid/data/raw/Normal/images/Normal-5280.png,/Users/berfinaktas/Projects/covid_project_folders/jun26_bds_int_covid/data/raw/Normal/masks/Normal-5280.png,Normal,Normal,True,0.2465374396642066,0.25537109375,0.9654085591439677
/Users/berfinaktas/Projects/covid_project_folders/jun26_bds_int_covid/data/raw/Normal/images/Normal-2602.png,/Users/berfinaktas/Projects/covid_project_folders/jun26_bds_int_covid/data/raw/Normal/masks/Normal-2602.png,Normal,Normal,True,0.26486921282561005,0.38897705078125,0.6809378915635956
/Users/berfinaktas/Projects/covid_project_folders/jun26_bds_int_covid/data/raw/Lung_Opacity/images/Lung_Opacity-1644.png,/Users/berfinaktas/Projects/covid_project_folders/jun26_bds_int_covid/data/raw/Lung_Opacity/masks/Lung_Opacity-1644.png,Lung_Opacity,Normal,False,0.25307829019375555,0.3138427734375,0.8063855905356847
/Users/berfinaktas/Projects/covid_project_folders/jun26_bds_int_covid/data/raw/Viral Pneumonia/images/Viral Pneumonia-468.png,/Users/berfinaktas/Projects/covid_project_folders/jun26_bds_int_covid/data/raw/Viral Pneumonia/masks/Viral Pneumonia-468.png,Viral Pneumonia,Viral Pneumonia,True,0.15387339626022067,0.31744384765625,0.48472634576570955
/Users/berfinaktas/Projects/covid_project_folders/jun26_bds_int_covid/data/raw/Viral Pneumonia/images/Viral Pneumonia-798.png,/Users/berfinaktas/Projects/covid_project_folders/jun26_bds_int_covid/data/raw/Viral Pneumonia/masks/Viral Pneumonia-798.png,Viral Pneumonia,Viral Pneumonia,True,0.11555763103698939,0.24835205078125,0.46529767188745
/Users/berfinaktas/Projects/covid_project_folders/jun26_bds_int_covid/data/raw/Normal/images/Normal-892.png,/Users/berfinaktas/Projects/covid_project_folders/jun26_bds_int_covid/data/raw/Normal/masks/Normal-892.png,Normal,Viral Pneumonia,False,0.11554361117174813,0.34112548828125,0.33871292278366816
/Users/berfinaktas/Projects/covid_project_folders/jun26_bds_int_covid/data/raw/Normal/images/Normal-3707.png,/Users/berfinaktas/Projects/covid_project_folders/jun26_bds_int_covid/data/raw/Normal/masks/Normal-3707.png,Normal,Normal,True,0.15514103727097378,0.290283203125,0.5344471729704866
/Users/berfinaktas/Projects/covid_project_folders/jun26_bds_int_covid/data/raw/Normal/images/Normal-1588.png,/Users/berfinaktas/Projects/covid_project_folders/jun26_bds_int_covid/data/raw/Normal/masks/Normal-1588.png,Normal,Normal,True,0.2739982601182721,0.446044921875,0.6142840029799904
/Users/berfinaktas/Projects/covid_project_folders/jun26_bds_int_covid/data/raw/Normal/images/Normal-5553.png,/Users/berfinaktas/Projects/covid_project_folders/jun26_bds_int_covid/data/raw/Normal/masks/Normal-5553.png,Normal,Normal,True,0.11051551797010006,0.37103271484375,0.2978592279029642
/Users/berfinaktas/Projects/covid_project_folders/jun26_bds_int_covid/data/raw/COVID/images/COVID-3005.png,/Users/berfinaktas/Projects/covid_project_folders/jun26_bds_int_covid/data/raw/COVID/masks/COVID-3005.png,COVID,Normal,False,0.17159820170007214,0.40618896484375,0.4224590438247907
/Users/berfinaktas/Projects/covid_project_folders/jun26_bds_int_covid/data/raw/Lung_Opacity/images/Lung_Opacity-5468.png,/Users/berfinaktas/Projects/covid_project_folders/jun26_bds_int_covid/data/raw/Lung_Opacity/masks/Lung_Opacity-5468.png,Lung_Opacity,Lung_Opacity,True,0.013265356317709602,0.35675048828125,0.037183849086288134
/Users/berfinaktas/Projects/covid_project_folders/jun26_bds_int_covid/data/raw/COVID/images/COVID-3329.png,/Users/berfinaktas/Projects/covid_project_folders/jun26_bds_int_covid/data/raw/COVID/masks/COVID-3329.png,COVID,COVID,True,0.3780677492061045,0.31158447265625,1.213371597060297
/Users/berfinaktas/Projects/covid_project_folders/jun26_bds_int_covid/data/raw/Normal/images/Normal-3505.png,/Users/berfinaktas/Projects/covid_project_folders/jun26_bds_int_covid/data/raw/Normal/masks/Normal-3505.png,Normal,Normal,True,0.08608259959298756,0.37957763671875,0.22678522459101272
/Users/berfinaktas/Projects/covid_project_folders/jun26_bds_int_covid/data/raw/Normal/images/Normal-525.png,/Users/berfinaktas/Projects/covid_project_folders/jun26_bds_int_covid/data/raw/Normal/masks/Normal-525.png,Normal,Normal,True,0.18859172814262415,0.2474365234375,0.7621822579893325
/Users/berfinaktas/Projects/covid_project_folders/jun26_bds_int_covid/data/raw/Lung_Opacity/images/Lung_Opacity-31.png,/Users/berfinaktas/Projects/covid_project_folders/jun26_bds_int_covid/data/raw/Lung_Opacity/masks/Lung_Opacity-31.png,Lung_Opacity,Lung_Opacity,True,0.008082582930625255,0.2852783203125,0.028332271873205857
/Users/berfinaktas/Projects/covid_project_folders/jun26_bds_int_covid/data/raw/Normal/images/Normal-3455.png,/Users/berfinaktas/Projects/covid_project_folders/jun26_bds_int_covid/data/raw/Normal/masks/Normal-3455.png,Normal,Normal,True,0.2831811868363391,0.3603515625,0.7858469791881063
/Users/berfinaktas/Projects/covid_project_folders/jun26_bds_int_covid/data/raw/Normal/images/Normal-9604.png,/Users/berfinaktas/Projects/covid_project_folders/jun26_bds_int_covid/data/raw/Normal/masks/Normal-9604.png,Normal,COVID,False,0.3811975041744302,0.36944580078125,1.0318090051864968
/Users/berfinaktas/Projects/covid_project_folders/jun26_bds_int_covid/data/raw/Normal/images/Normal-3273.png,/Users/berfinaktas/Projects/covid_project_folders/jun26_bds_int_covid/data/raw/Normal/masks/Normal-3273.png,Normal,Normal,True,0.144594683352082,0.360107421875,0.4015320833966969
/Users/berfinaktas/Projects/covid_project_folders/jun26_bds_int_covid/data/raw/Lung_Opacity/images/Lung_Opacity-506.png,/Users/berfinaktas/Projects/covid_project_folders/jun26_bds_int_covid/data/raw/Lung_Opacity/masks/Lung_Opacity-506.png,Lung_Opacity,Normal,False,0.14458284565254031,0.3323974609375,0.43496976554741473
/Users/berfinaktas/Projects/covid_project_folders/jun26_bds_int_covid/data/raw/Lung_Opacity/images/Lung_Opacity-490.png,/Users/berfinaktas/Projects/covid_project_folders/jun26_bds_int_covid/data/raw/Lung_Opacity/masks/Lung_Opacity-490.png,Lung_Opacity,COVID,False,0.3618089879440191,0.33660888671875,1.0748646343562664
/Users/berfinaktas/Projects/covid_project_folders/jun26_bds_int_covid/data/raw/Normal/images/Normal-6876.png,/Users/berfinaktas/Projects/covid_project_folders/jun26_bds_int_covid/data/raw/Normal/masks/Normal-6876.png,Normal,Normal,True,0.3113093623671329,0.43292236328125,0.7190881986498104
/Users/berfinaktas/Projects/covid_project_folders/jun26_bds_int_covid/data/raw/Normal/images/Normal-7183.png,/Users/berfinaktas/Projects/covid_project_folders/jun26_bds_int_covid/data/raw/Normal/masks/Normal-7183.png,Normal,Normal,True,0.21141482273072962,0.32635498046875,0.6478063317038104
/Users/berfinaktas/Projects/covid_project_folders/jun26_bds_int_covid/data/raw/Lung_Opacity/images/Lung_Opacity-2550.png,/Users/berfinaktas/Projects/covid_project_folders/jun26_bds_int_covid/data/raw/Lung_Opacity/masks/Lung_Opacity-2550.png,Lung_Opacity,COVID,False,0.33647212147668865,0.339111328125,0.9922172855064915
/Users/berfinaktas/Projects/covid_project_folders/jun26_bds_int_covid/data/raw/COVID/images/COVID-222.png,/Users/berfinaktas/Projects/covid_project_folders/jun26_bds_int_covid/data/raw/COVID/masks/COVID-222.png,COVID,Lung_Opacity,False,0.07475911416463721,0.3480224609375,0.21481117616159523
/Users/berfinaktas/Projects/covid_project_folders/jun26_bds_int_covid/data/raw/Normal/images/Normal-8680.png,/Users/berfinaktas/Projects/covid_project_folders/jun26_bds_int_covid/data/raw/Normal/masks/Normal-8680.png,Normal,Normal,True,0.28556820595945237,0.40411376953125,0.7066529959884712
/Users/berfinaktas/Projects/covid_project_folders/jun26_bds_int_covid/data/raw/Lung_Opacity/images/Lung_Opacity-718.png,/Users/berfinaktas/Projects/covid_project_folders/jun26_bds_int_covid/data/raw/Lung_Opacity/masks/Lung_Opacity-718.png,Lung_Opacity,Lung_Opacity,True,0.01743339785706964,0.388916015625,0.04482561056029959
/Users/berfinaktas/Projects/covid_project_folders/jun26_bds_int_covid/data/raw/Normal/images/Normal-5375.png,/Users/berfinaktas/Projects/covid_project_folders/jun26_bds_int_covid/data/raw/Normal/masks/Normal-5375.png,Normal,Normal,True,0.2086029194247694,0.3714599609375,0.561575785714003
/Users/berfinaktas/Projects/covid_project_folders/jun26_bds_int_covid/data/raw/Lung_Opacity/images/Lung_Opacity-2219.png,/Users/berfinaktas/Projects/covid_project_folders/jun26_bds_int_covid/data/raw/Lung_Opacity/masks/Lung_Opacity-2219.png,Lung_Opacity,Lung_Opacity,True,0.06842597223155655,0.34552001953125,0.19803764865603649
/Users/berfinaktas/Projects/covid_project_folders/jun26_bds_int_covid/data/raw/Normal/images/Normal-6394.png,/Users/berfinaktas/Projects/covid_project_folders/jun26_bds_int_covid/data/raw/Normal/masks/Normal-6394.png,Normal,Viral Pneumonia,False,0.18614580722341167,0.39898681640625,0.4665462606009449
/Users/berfinaktas/Projects/covid_project_folders/jun26_bds_int_covid/data/raw/Lung_Opacity/images/Lung_Opacity-3147.png,/Users/berfinaktas/Projects/covid_project_folders/jun26_bds_int_covid/data/raw/Lung_Opacity/masks/Lung_Opacity-3147.png,Lung_Opacity,Lung_Opacity,True,0.0073378325925667395,0.25091552734375,0.029244234783900137
/Users/berfinaktas/Projects/covid_project_folders/jun26_bds_int_covid/data/raw/Lung_Opacity/images/Lung_Opacity-647.png,/Users/berfinaktas/Projects/covid_project_folders/jun26_bds_int_covid/data/raw/Lung_Opacity/masks/Lung_Opacity-647.png,Lung_Opacity,Lung_Opacity,True,0.003541300161878005,0.33245849609375,0.01065185640760221
/Users/berfinaktas/Projects/covid_project_folders/jun26_bds_int_covid/data/raw/Normal/images/Normal-2893.png,/Users/berfinaktas/Projects/covid_project_folders/jun26_bds_int_covid/data/raw/Normal/masks/Normal-2893.png,Normal,COVID,False,0.3574607729775392,0.3980712890625,0.8979818007457838
/Users/berfinaktas/Projects/covid_project_folders/jun26_bds_int_covid/data/raw/Normal/images/Normal-5030.png,/Users/berfinaktas/Projects/covid_project_folders/jun26_bds_int_covid/data/raw/Normal/masks/Normal-5030.png,Normal,Normal,True,0.1243013402829696,0.3138427734375,0.39606245803115014
/Users/berfinaktas/Projects/covid_project_folders/jun26_bds_int_covid/data/raw/Normal/images/Normal-9.png,/Users/berfinaktas/Projects/covid_project_folders/jun26_bds_int_covid/data/raw/Normal/masks/Normal-9.png,Normal,Normal,True,0.2751609942382921,0.34295654296875,0.8023202935754009
/Users/berfinaktas/Projects/covid_project_folders/jun26_bds_int_covid/data/raw/Lung_Opacity/images/Lung_Opacity-3929.png,/Users/berfinaktas/Projects/covid_project_folders/jun26_bds_int_covid/data/raw/Lung_Opacity/masks/Lung_Opacity-3929.png,Lung_Opacity,Lung_Opacity,True,0.08161841418743608,0.36419677734375,0.22410526194854244
/Users/berfinaktas/Projects/covid_project_folders/jun26_bds_int_covid/data/raw/COVID/images/COVID-1561.png,/Users/berfinaktas/Projects/covid_project_folders/jun26_bds_int_covid/data/raw/COVID/masks/COVID-1561.png,COVID,Lung_Opacity,False,0.038168682966485665,0.2503662109375,0.15245141436443227
/Users/berfinaktas/Projects/covid_project_folders/jun26_bds_int_covid/data/raw/Lung_Opacity/images/Lung_Opacity-2183.png,/Users/berfinaktas/Projects/covid_project_folders/jun26_bds_int_covid/data/raw/Lung_Opacity/masks/Lung_Opacity-2183.png,Lung_Opacity,Normal,False,0.2570774302835684,0.38580322265625,0.6663433978430603
/Users/berfinaktas/Projects/covid_project_folders/jun26_bds_int_covid/data/raw/Viral Pneumonia/images/Viral Pneumonia-229.png,/Users/berfinaktas/Projects/covid_project_folders/jun26_bds_int_covid/data/raw/Viral Pneumonia/masks/Viral Pneumonia-229.png,Viral Pneumonia,Viral Pneumonia,True,0.07544170415127734,0.26165771484375,0.28832210889072263
/Users/berfinaktas/Projects/covid_project_folders/jun26_bds_int_covid/data/raw/COVID/images/COVID-1172.png,/Users/berfinaktas/Projects/covid_project_folders/jun26_bds_int_covid/data/raw/COVID/masks/COVID-1172.png,COVID,COVID,True,0.3054318282839814,0.30963134765625,0.986437034221319
/Users/berfinaktas/Projects/covid_project_folders/jun26_bds_int_covid/data/raw/Normal/images/Normal-6443.png,/Users/berfinaktas/Projects/covid_project_folders/jun26_bds_int_covid/data/raw/Normal/masks/Normal-6443.png,Normal,Lung_Opacity,False,0.08612696944996132,0.38104248046875,0.22602983621146344
/Users/berfinaktas/Projects/covid_project_folders/jun26_bds_int_covid/data/raw/Lung_Opacity/images/Lung_Opacity-1176.png,/Users/berfinaktas/Projects/covid_project_folders/jun26_bds_int_covid/data/raw/Lung_Opacity/masks/Lung_Opacity-1176.png,Lung_Opacity,Lung_Opacity,True,0.0753398123982194,0.30645751953125,0.2458409652125924
/Users/berfinaktas/Projects/covid_project_folders/jun26_bds_int_covid/data/raw/Normal/images/Normal-8065.png,/Users/berfinaktas/Projects/covid_project_folders/jun26_bds_int_covid/data/raw/Normal/masks/Normal-8065.png,Normal,Normal,True,0.1264313108658352,0.259521484375,0.4871708836373104
/Users/berfinaktas/Projects/covid_project_folders/jun26_bds_int_covid/data/raw/Lung_Opacity/images/Lung_Opacity-90.png,/Users/berfinaktas/Projects/covid_project_folders/jun26_bds_int_covid/data/raw/Lung_Opacity/masks/Lung_Opacity-90.png,Lung_Opacity,Lung_Opacity,True,0.0650351032740117,0.385986328125,0.16849069134114605
/Users/berfinaktas/Projects/covid_project_folders/jun26_bds_int_covid/data/raw/COVID/images/COVID-3316.png,/Users/berfinaktas/Projects/covid_project_folders/jun26_bds_int_covid/data/raw/COVID/masks/COVID-3316.png,COVID,Normal,False,0.23026335776898796,0.36834716796875,0.6251259078189062
/Users/berfinaktas/Projects/covid_project_folders/jun26_bds_int_covid/data/raw/Lung_Opacity/images/Lung_Opacity-4202.png,/Users/berfinaktas/Projects/covid_project_folders/jun26_bds_int_covid/data/raw/Lung_Opacity/masks/Lung_Opacity-4202.png,Lung_Opacity,Normal,False,0.29577803584418294,0.3173828125,0.9319283344752103
/Users/berfinaktas/Projects/covid_project_folders/jun26_bds_int_covid/data/raw/Normal/images/Normal-4254.png,/Users/berfinaktas/Projects/covid_project_folders/jun26_bds_int_covid/data/raw/Normal/masks/Normal-4254.png,Normal,Normal,True,0.27466724098642326,0.3521728515625,0.7799216770054694
/Users/berfinaktas/Projects/covid_project_folders/jun26_bds_int_covid/data/raw/Lung_Opacity/images/Lung_Opacity-5598.png,/Users/berfinaktas/Projects/covid_project_folders/jun26_bds_int_covid/data/raw/Lung_Opacity/masks/Lung_Opacity-5598.png,Lung_Opacity,Normal,False,0.135161420410913,0.39776611328125,0.3398012447464169
/Users/berfinaktas/Projects/covid_project_folders/jun26_bds_int_covid/data/raw/Viral Pneumonia/images/Viral Pneumonia-351.png,/Users/berfinaktas/Projects/covid_project_folders/jun26_bds_int_covid/data/raw/Viral Pneumonia/masks/Viral Pneumonia-351.png,Viral Pneumonia,Viral Pneumonia,True,0.1124150839219943,0.22882080078125,0.4912800039951866
/Users/berfinaktas/Projects/covid_project_folders/jun26_bds_int_covid/data/raw/Lung_Opacity/images/Lung_Opacity-4711.png,/Users/berfinaktas/Projects/covid_project_folders/jun26_bds_int_covid/data/raw/Lung_Opacity/masks/Lung_Opacity-4711.png,Lung_Opacity,Normal,False,0.24883699738610246,0.276611328125,0.8995907690145416
/Users/berfinaktas/Projects/covid_project_folders/jun26_bds_int_covid/data/raw/Normal/images/Normal-8323.png,/Users/berfinaktas/Projects/covid_project_folders/jun26_bds_int_covid/data/raw/Normal/masks/Normal-8323.png,Normal,Normal,True,0.19789844268625348,0.31719970703125,0.6238922618763858
/Users/berfinaktas/Projects/covid_project_folders/jun26_bds_int_covid/data/raw/COVID/images/COVID-3490.png,/Users/berfinaktas/Projects/covid_project_folders/jun26_bds_int_covid/data/raw/COVID/masks/COVID-3490.png,COVID,Lung_Opacity,False,0.07520964064487709,0.39501953125,0.19039473923449726
/Users/berfinaktas/Projects/covid_project_folders/jun26_bds_int_covid/data/raw/Normal/images/Normal-8907.png,/Users/berfinaktas/Projects/covid_project_folders/jun26_bds_int_covid/data/raw/Normal/masks/Normal-8907.png,Normal,Normal,True,0.14798539520396894,0.34246826171875,0.4321141890967434
/Users/berfinaktas/Projects/covid_project_folders/jun26_bds_int_covid/data/raw/COVID/images/COVID-2542.png,/Users/berfinaktas/Projects/covid_project_folders/jun26_bds_int_covid/data/raw/COVID/masks/COVID-2542.png,COVID,COVID,True,0.30476700990485445,0.33538818359375,0.9086993066935642
/Users/berfinaktas/Projects/covid_project_folders/jun26_bds_int_covid/data/raw/Normal/images/Normal-3841.png,/Users/berfinaktas/Projects/covid_project_folders/jun26_bds_int_covid/data/raw/Normal/masks/Normal-3841.png,Normal,Normal,True,0.3460411150414132,0.3817138671875,0.9065458312821417
/Users/berfinaktas/Projects/covid_project_folders/jun26_bds_int_covid/data/raw/Normal/images/Normal-9076.png,/Users/berfinaktas/Projects/covid_project_folders/jun26_bds_int_covid/data/raw/Normal/masks/Normal-9076.png,Normal,Normal,True,0.170565287613195,0.384765625,0.4432965850657657
/Users/berfinaktas/Projects/covid_project_folders/jun26_bds_int_covid/data/raw/Normal/images/Normal-2289.png,/Users/berfinaktas/Projects/covid_project_folders/jun26_bds_int_covid/data/raw/Normal/masks/Normal-2289.png,Normal,Normal,True,0.25225246250557704,0.33966064453125,0.7426602597828166
/Users/berfinaktas/Projects/covid_project_folders/jun26_bds_int_covid/data/raw/Lung_Opacity/images/Lung_Opacity-1441.png,/Users/berfinaktas/Projects/covid_project_folders/jun26_bds_int_covid/data/raw/Lung_Opacity/masks/Lung_Opacity-1441.png,Lung_Opacity,Lung_Opacity,True,0.041546373222902694,0.29144287109375,0.14255408981864665
/Users/berfinaktas/Projects/covid_project_folders/jun26_bds_int_covid/data/raw/Normal/images/Normal-3345.png,/Users/berfinaktas/Projects/covid_project_folders/jun26_bds_int_covid/data/raw/Normal/masks/Normal-3345.png,Normal,Normal,True,0.19191286581997935,0.32000732421875,0.599713979323773
/Users/berfinaktas/Projects/covid_project_folders/jun26_bds_int_covid/data/raw/COVID/images/COVID-2521.png,/Users/berfinaktas/Projects/covid_project_folders/jun26_bds_int_covid/data/raw/COVID/masks/COVID-2521.png,COVID,COVID,True,0.3999477740189425,0.35687255859375,1.1207019547676336
/Users/berfinaktas/Projects/covid_project_folders/jun26_bds_int_covid/data/raw/Normal/images/Normal-8442.png,/Users/berfinaktas/Projects/covid_project_folders/jun26_bds_int_covid/data/raw/Normal/masks/Normal-8442.png,Normal,Normal,True,0.2668126853142333,0.36700439453125,0.7270013364690501
/Users/berfinaktas/Projects/covid_project_folders/jun26_bds_int_covid/data/raw/Normal/images/Normal-10130.png,/Users/berfinaktas/Projects/covid_project_folders/jun26_bds_int_covid/data/raw/Normal/masks/Normal-10130.png,Normal,Normal,True,0.28571726242809936,0.33538818359375,0.8519002052087316
/Users/berfinaktas/Projects/covid_project_folders/jun26_bds_int_covid/data/raw/Lung_Opacity/images/Lung_Opacity-1690.png,/Users/berfinaktas/Projects/covid_project_folders/jun26_bds_int_covid/data/raw/Lung_Opacity/masks/Lung_Opacity-1690.png,Lung_Opacity,Lung_Opacity,True,0.02645226600249698,0.2840576171875,0.09312288916736366
/Users/berfinaktas/Projects/covid_project_folders/jun26_bds_int_covid/data/raw/Viral Pneumonia/images/Viral Pneumonia-68.png,/Users/berfinaktas/Projects/covid_project_folders/jun26_bds_int_covid/data/raw/Viral Pneumonia/masks/Viral Pneumonia-68.png,Viral Pneumonia,Viral Pneumonia,True,0.2274101710592468,0.3115234375,0.72999377794567
/Users/berfinaktas/Projects/covid_project_folders/jun26_bds_int_covid/data/raw/Normal/images/Normal-4019.png,/Users/berfinaktas/Projects/covid_project_folders/jun26_bds_int_covid/data/raw/Normal/masks/Normal-4019.png,Normal,Normal,True,0.25702580497796684,0.3028564453125,0.8486720654492158
/Users/berfinaktas/Projects/covid_project_folders/jun26_bds_int_covid/data/raw/Normal/images/Normal-3542.png,/Users/berfinaktas/Projects/covid_project_folders/jun26_bds_int_covid/data/raw/Normal/masks/Normal-3542.png,Normal,Normal,True,0.13863900223526354,0.2100830078125,0.659924872929273
/Users/berfinaktas/Projects/covid_project_folders/jun26_bds_int_covid/data/raw/Lung_Opacity/images/Lung_Opacity-670.png,/Users/berfinaktas/Projects/covid_project_folders/jun26_bds_int_covid/data/raw/Lung_Opacity/masks/Lung_Opacity-670.png,Lung_Opacity,Normal,False,0.39090389250442503,0.363525390625,1.0753138641357454
/Users/berfinaktas/Projects/covid_project_folders/jun26_bds_int_covid/data/raw/COVID/images/COVID-3032.png,/Users/berfinaktas/Projects/covid_project_folders/jun26_bds_int_covid/data/raw/COVID/masks/COVID-3032.png,COVID,COVID,True,0.3423622491176237,0.408935546875,0.8372034462004696
/Users/berfinaktas/Projects/covid_project_folders/jun26_bds_int_covid/data/raw/Normal/images/Normal-1824.png,/Users/berfinaktas/Projects/covid_project_folders/jun26_bds_int_covid/data/raw/Normal/masks/Normal-1824.png,Normal,Normal,True,0.21307354227294314,0.310302734375,0.6866634375688239
/Users/berfinaktas/Projects/covid_project_folders/jun26_bds_int_covid/data/raw/Lung_Opacity/images/Lung_Opacity-763.png,/Users/berfinaktas/Projects/covid_project_folders/jun26_bds_int_covid/data/raw/Lung_Opacity/masks/Lung_Opacity-763.png,Lung_Opacity,Lung_Opacity,True,0.03582762784669854,0.3592529296875,0.0997281438396719
/Users/berfinaktas/Projects/covid_project_folders/jun26_bds_int_covid/data/raw/Lung_Opacity/images/Lung_Opacity-4583.png,/Users/berfinaktas/Projects/covid_project_folders/jun26_bds_int_covid/data/raw/Lung_Opacity/masks/Lung_Opacity-4583.png,Lung_Opacity,Lung_Opacity,True,0.039247928008136874,0.31451416015625,0.12478906510485437
/Users/berfinaktas/Projects/covid_project_folders/jun26_bds_int_covid/data/raw/Viral Pneumonia/images/Viral Pneumonia-551.png,/Users/berfinaktas/Projects/covid_project_folders/jun26_bds_int_covid/data/raw/Viral Pneumonia/masks/Viral Pneumonia-551.png,Viral Pneumonia,Viral Pneumonia,True,0.08952656226871664,0.23699951171875,0.37774998614747707
/Users/berfinaktas/Projects/covid_project_folders/jun26_bds_int_covid/data/raw/Normal/images/Normal-3223.png,/Users/berfinaktas/Projects/covid_project_folders/jun26_bds_int_covid/data/raw/Normal/masks/Normal-3223.png,Normal,Normal,True,0.23897530527624203,0.3797607421875,0.6292785923571118
/Users/berfinaktas/Projects/covid_project_folders/jun26_bds_int_covid/data/raw/COVID/images/COVID-2250.png,/Users/berfinaktas/Projects/covid_project_folders/jun26_bds_int_covid/data/raw/COVID/masks/COVID-2250.png,COVID,COVID,True,0.2768537387664203,0.40673828125,0.6806680155985939
/Users/berfinaktas/Projects/covid_project_folders/jun26_bds_int_covid/data/raw/Lung_Opacity/images/Lung_Opacity-586.png,/Users/berfinaktas/Projects/covid_project_folders/jun26_bds_int_covid/data/raw/Lung_Opacity/masks/Lung_Opacity-586.png,Lung_Opacity,COVID,False,0.3787751418547925,0.39044189453125,0.970119106479431
/Users/berfinaktas/Projects/covid_project_folders/jun26_bds_int_covid/data/raw/Lung_Opacity/images/Lung_Opacity-5952.png,/Users/berfinaktas/Projects/covid_project_folders/jun26_bds_int_covid/data/raw/Lung_Opacity/masks/Lung_Opacity-5952.png,Lung_Opacity,Lung_Opacity,True,0.04756283012012533,0.33563232421875,0.141711112691059
/Users/berfinaktas/Projects/covid_project_folders/jun26_bds_int_covid/data/raw/Normal/images/Normal-7129.png,/Users/berfinaktas/Projects/covid_project_folders/jun26_bds_int_covid/data/raw/Normal/masks/Normal-7129.png,Normal,Normal,True,0.2469598390715066,0.3231201171875,0.7642973183505032
/Users/berfinaktas/Projects/covid_project_folders/jun26_bds_int_covid/data/raw/Normal/images/Normal-7370.png,/Users/berfinaktas/Projects/covid_project_folders/jun26_bds_int_covid/data/raw/Normal/masks/Normal-7370.png,Normal,Normal,True,0.24605757422059046,0.43792724609375,0.5618686126871295
/Users/berfinaktas/Projects/covid_project_folders/jun26_bds_int_covid/data/raw/Viral Pneumonia/images/Viral Pneumonia-439.png,/Users/berfinaktas/Projects/covid_project_folders/jun26_bds_int_covid/data/raw/Viral Pneumonia/masks/Viral Pneumonia-439.png,Viral Pneumonia,Viral Pneumonia,True,0.13083083327600278,0.293212890625,0.4461974130711968
/Users/berfinaktas/Projects/covid_project_folders/jun26_bds_int_covid/data/raw/Viral Pneumonia/images/Viral Pneumonia-1265.png,/Users/berfinaktas/Projects/covid_project_folders/jun26_bds_int_covid/data/raw/Viral Pneumonia/masks/Viral Pneumonia-1265.png,Viral Pneumonia,Viral Pneumonia,True,0.06532737659751665,0.29986572265625,0.2178554321542261
/Users/berfinaktas/Projects/covid_project_folders/jun26_bds_int_covid/data/raw/Lung_Opacity/images/Lung_Opacity-5259.png,/Users/berfinaktas/Projects/covid_project_folders/jun26_bds_int_covid/data/raw/Lung_Opacity/masks/Lung_Opacity-5259.png,Lung_Opacity,Lung_Opacity,True,0.053507351250247706,0.2972412109375,0.18001323262506333
/Users/berfinaktas/Projects/covid_project_folders/jun26_bds_int_covid/data/raw/COVID/images/COVID-3579.png,/Users/berfinaktas/Projects/covid_project_folders/jun26_bds_int_covid/data/raw/COVID/masks/COVID-3579.png,COVID,Normal,False,0.20750176494399772,0.40399169921875,0.513628783327158
/Users/berfinaktas/Projects/covid_project_folders/jun26_bds_int_covid/data/raw/Normal/images/Normal-8330.png,/Users/berfinaktas/Projects/covid_project_folders/jun26_bds_int_covid/data/raw/Normal/masks/Normal-8330.png,Normal,Normal,True,0.21427815428808183,0.36138916015625,0.5929291133011202
/Users/berfinaktas/Projects/covid_project_folders/jun26_bds_int_covid/data/raw/Lung_Opacity/images/Lung_Opacity-2743.png,/Users/berfinaktas/Projects/covid_project_folders/jun26_bds_int_covid/data/raw/Lung_Opacity/masks/Lung_Opacity-2743.png,Lung_Opacity,Lung_Opacity,True,0.07140074169086981,0.33148193359375,0.21539859176269766
/Users/berfinaktas/Projects/covid_project_folders/jun26_bds_int_covid/data/raw/COVID/images/COVID-1239.png,/Users/berfinaktas/Projects/covid_project_folders/jun26_bds_int_covid/data/raw/COVID/masks/COVID-1239.png,COVID,COVID,True,0.2544771157692819,0.3590087890625,0.7088325509629232
/Users/berfinaktas/Projects/covid_project_folders/jun26_bds_int_covid/data/raw/COVID/images/COVID-1419.png,/Users/berfinaktas/Projects/covid_project_folders/jun26_bds_int_covid/data/raw/COVID/masks/COVID-1419.png,COVID,COVID,True,0.4556841026986438,0.3778076171875,1.2061273568036477
/Users/berfinaktas/Projects/covid_project_folders/jun26_bds_int_covid/data/raw/Viral Pneumonia/images/Viral Pneumonia-278.png,/Users/berfinaktas/Projects/covid_project_folders/jun26_bds_int_covid/data/raw/Viral Pneumonia/masks/Viral Pneumonia-278.png,Viral Pneumonia,Viral Pneumonia,True,0.14154698229108825,0.29388427734375,0.4816419019433416
/Users/berfinaktas/Projects/covid_project_folders/jun26_bds_int_covid/data/raw/Lung_Opacity/images/Lung_Opacity-1879.png,/Users/berfinaktas/Projects/covid_project_folders/jun26_bds_int_covid/data/raw/Lung_Opacity/masks/Lung_Opacity-1879.png,Lung_Opacity,Lung_Opacity,True,0.07238453348540097,0.33404541015625,0.2166906991823149
/Users/berfinaktas/Projects/covid_project_folders/jun26_bds_int_covid/data/raw/Lung_Opacity/images/Lung_Opacity-1223.png,/Users/berfinaktas/Projects/covid_project_folders/jun26_bds_int_covid/data/raw/Lung_Opacity/masks/Lung_Opacity-1223.png,Lung_Opacity,Lung_Opacity,True,0.006311727083625926,0.29888916015625,0.0211172833445226
/Users/berfinaktas/Projects/covid_project_folders/jun26_bds_int_covid/data/raw/Lung_Opacity/images/Lung_Opacity-1824.png,/Users/berfinaktas/Projects/covid_project_folders/jun26_bds_int_covid/data/raw/Lung_Opacity/masks/Lung_Opacity-1824.png,Lung_Opacity,Normal,False,0.4021995467183656,0.366943359375,1.0960807341040755
/Users/berfinaktas/Projects/covid_project_folders/jun26_bds_int_covid/data/raw/Normal/images/Normal-3565.png,/Users/berfinaktas/Projects/covid_project_folders/jun26_bds_int_covid/data/raw/Normal/masks/Normal-3565.png,Normal,Normal,True,0.11564117300126343,0.35089111328125,0.32956426829930424
/Users/berfinaktas/Projects/covid_project_folders/jun26_bds_int_covid/data/raw/Lung_Opacity/images/Lung_Opacity-837.png,/Users/berfinaktas/Projects/covid_project_folders/jun26_bds_int_covid/data/raw/Lung_Opacity/masks/Lung_Opacity-837.png,Lung_Opacity,COVID,False,0.41470702501594836,0.39666748046875,1.0454777500940604
/Users/berfinaktas/Projects/covid_project_folders/jun26_bds_int_covid/data/raw/Lung_Opacity/images/Lung_Opacity-5517.png,/Users/berfinaktas/Projects/covid_project_folders/jun26_bds_int_covid/data/raw/Lung_Opacity/masks/Lung_Opacity-5517.png,Lung_Opacity,Lung_Opacity,True,0.02508561732626435,0.3282470703125,0.076422974018876
/Users/berfinaktas/Projects/covid_project_folders/jun26_bds_int_covid/data/raw/Normal/images/Normal-1360.png,/Users/berfinaktas/Projects/covid_project_folders/jun26_bds_int_covid/data/raw/Normal/masks/Normal-1360.png,Normal,Normal,True,0.19629752946237325,0.27203369140625,0.7215927131953159
/Users/berfinaktas/Projects/covid_project_folders/jun26_bds_int_covid/data/raw/Normal/images/Normal-6587.png,/Users/berfinaktas/Projects/covid_project_folders/jun26_bds_int_covid/data/raw/Normal/masks/Normal-6587.png,Normal,Lung_Opacity,False,0.05744737484813747,0.3587646484375,0.1601255170996741
/Users/berfinaktas/Projects/covid_project_folders/jun26_bds_int_covid/data/raw/Normal/images/Normal-7789.png,/Users/berfinaktas/Projects/covid_project_folders/jun26_bds_int_covid/data/raw/Normal/masks/Normal-7789.png,Normal,Normal,True,0.21900531381144842,0.33660888671875,0.650622495283186
/Users/berfinaktas/Projects/covid_project_folders/jun26_bds_int_covid/data/raw/Lung_Opacity/images/Lung_Opacity-5083.png,/Users/berfinaktas/Projects/covid_project_folders/jun26_bds_int_covid/data/raw/Lung_Opacity/masks/Lung_Opacity-5083.png,Lung_Opacity,Lung_Opacity,True,0.06448058918791842,0.34954833984375,0.18446830334465783
/Users/berfinaktas/Projects/covid_project_folders/jun26_bds_int_covid/data/raw/Normal/images/Normal-4333.png,/Users/berfinaktas/Projects/covid_project_folders/jun26_bds_int_covid/data/raw/Normal/masks/Normal-4333.png,Normal,Lung_Opacity,False,0.22285676878122773,0.33416748046875,0.6669014246048649
/Users/berfinaktas/Projects/covid_project_folders/jun26_bds_int_covid/data/raw/Normal/images/Normal-4163.png,/Users/berfinaktas/Projects/covid_project_folders/jun26_bds_int_covid/data/raw/Normal/masks/Normal-4163.png,Normal,COVID,False,0.3035149614378805,0.3935546875,0.7712141948198253
/Users/berfinaktas/Projects/covid_project_folders/jun26_bds_int_covid/data/raw/Normal/images/Normal-1423.png,/Users/berfinaktas/Projects/covid_project_folders/jun26_bds_int_covid/data/raw/Normal/masks/Normal-1423.png,Normal,Normal,True,0.21002255024196745,0.32958984375,0.6372239746600731
/Users/berfinaktas/Projects/covid_project_folders/jun26_bds_int_covid/data/raw/Lung_Opacity/images/Lung_Opacity-5141.png,/Users/berfinaktas/Projects/covid_project_folders/jun26_bds_int_covid/data/raw/Lung_Opacity/masks/Lung_Opacity-5141.png,Lung_Opacity,Lung_Opacity,True,0.006564383909492413,0.30865478515625,0.021267721173249692
/Users/berfinaktas/Projects/covid_project_folders/jun26_bds_int_covid/data/raw/Normal/images/Normal-91.png,/Users/berfinaktas/Projects/covid_project_folders/jun26_bds_int_covid/data/raw/Normal/masks/Normal-91.png,Normal,Normal,True,0.21932156439775502,0.298095703125,0.735742119388374
/Users/berfinaktas/Projects/covid_project_folders/jun26_bds_int_covid/data/raw/Normal/images/Normal-8247.png,/Users/berfinaktas/Projects/covid_project_folders/jun26_bds_int_covid/data/raw/Normal/masks/Normal-8247.png,Normal,Normal,True,0.24315188481166172,0.33892822265625,0.7174140970203972
/Users/berfinaktas/Projects/covid_project_folders/jun26_bds_int_covid/data/raw/Lung_Opacity/images/Lung_Opacity-2661.png,/Users/berfinaktas/Projects/covid_project_folders/jun26_bds_int_covid/data/raw/Lung_Opacity/masks/Lung_Opacity-2661.png,Lung_Opacity,Lung_Opacity,True,0.025699678557401174,0.38836669921875,0.06617374406482175
/Users/berfinaktas/Projects/covid_project_folders/jun26_bds_int_covid/data/raw/Lung_Opacity/images/Lung_Opacity-4317.png,/Users/berfinaktas/Projects/covid_project_folders/jun26_bds_int_covid/data/raw/Lung_Opacity/masks/Lung_Opacity-4317.png,Lung_Opacity,Normal,False,0.15736109928285197,0.4007568359375,0.3926598005863915
/Users/berfinaktas/Projects/covid_project_folders/jun26_bds_int_covid/data/raw/Lung_Opacity/images/Lung_Opacity-2573.png,/Users/berfinaktas/Projects/covid_project_folders/jun26_bds_int_covid/data/raw/Lung_Opacity/masks/Lung_Opacity-2573.png,Lung_Opacity,Lung_Opacity,True,0.03268585904125503,0.34967041015625,0.09347619384393828
/Users/berfinaktas/Projects/covid_project_folders/jun26_bds_int_covid/data/raw/Normal/images/Normal-856.png,/Users/berfinaktas/Projects/covid_project_folders/jun26_bds_int_covid/data/raw/Normal/masks/Normal-856.png,Normal,Normal,True,0.25185251514149376,0.2960205078125,0.8507941459955121
/Users/berfinaktas/Projects/covid_project_folders/jun26_bds_int_covid/data/raw/COVID/images/COVID-59.png,/Users/berfinaktas/Projects/covid_project_folders/jun26_bds_int_covid/data/raw/COVID/masks/COVID-59.png,COVID,COVID,True,0.30041050236021194,0.226806640625,1.3245225163266179
/Users/berfinaktas/Projects/covid_project_folders/jun26_bds_int_covid/data/raw/Normal/images/Normal-8403.png,/Users/berfinaktas/Projects/covid_project_folders/jun26_bds_int_covid/data/raw/Normal/masks/Normal-8403.png,Normal,COVID,False,0.32289950986558436,0.3895263671875,0.8289541788840072
/Users/berfinaktas/Projects/covid_project_folders/jun26_bds_int_covid/data/raw/COVID/images/COVID-2276.png,/Users/berfinaktas/Projects/covid_project_folders/jun26_bds_int_covid/data/raw/COVID/masks/COVID-2276.png,COVID,COVID,True,0.3108459885057286,0.3463134765625,0.8975855967003625
/Users/berfinaktas/Projects/covid_project_folders/jun26_bds_int_covid/data/raw/Lung_Opacity/images/Lung_Opacity-4220.png,/Users/berfinaktas/Projects/covid_project_folders/jun26_bds_int_covid/data/raw/Lung_Opacity/masks/Lung_Opacity-4220.png,Lung_Opacity,Lung_Opacity,True,0.0030958380357562587,0.37249755859375,0.008311029064039086
/Users/berfinaktas/Projects/covid_project_folders/jun26_bds_int_covid/data/raw/COVID/images/COVID-2604.png,/Users/berfinaktas/Projects/covid_project_folders/jun26_bds_int_covid/data/raw/COVID/masks/COVID-2604.png,COVID,Viral Pneumonia,False,0.1986201103314228,0.34796142578125,0.5708107152552239
/Users/berfinaktas/Projects/covid_project_folders/jun26_bds_int_covid/data/raw/Lung_Opacity/images/Lung_Opacity-4821.png,/Users/berfinaktas/Projects/covid_project_folders/jun26_bds_int_covid/data/raw/Lung_Opacity/masks/Lung_Opacity-4821.png,Lung_Opacity,Lung_Opacity,True,0.1272071962309091,0.31787109375,0.4001848508155174
/Users/berfinaktas/Projects/covid_project_folders/jun26_bds_int_covid/data/raw/Lung_Opacity/images/Lung_Opacity-973.png,/Users/berfinaktas/Projects/covid_project_folders/jun26_bds_int_covid/data/raw/Lung_Opacity/masks/Lung_Opacity-973.png,Lung_Opacity,Normal,False,0.266643976193992,0.32354736328125,0.8241265621509838
/Users/berfinaktas/Projects/covid_project_folders/jun26_bds_int_covid/data/raw/Normal/images/Normal-9708.png,/Users/berfinaktas/Projects/covid_project_folders/jun26_bds_int_covid/data/raw/Normal/masks/Normal-9708.png,Normal,Normal,True,0.15823545232469402,0.40850830078125,0.3873494174343025
/Users/berfinaktas/Projects/covid_project_folders/jun26_bds_int_covid/data/raw/Lung_Opacity/images/Lung_Opacity-138.png,/Users/berfinaktas/Projects/covid_project_folders/jun26_bds_int_covid/data/raw/Lung_Opacity/masks/Lung_Opacity-138.png,Lung_Opacity,Lung_Opacity,True,0.041532524555580555,0.3333740234375,0.12458236585840934
/Users/berfinaktas/Projects/covid_project_folders/jun26_bds_int_covid/data/raw/Lung_Opacity/images/Lung_Opacity-1811.png,/Users/berfinaktas/Projects/covid_project_folders/jun26_bds_int_covid/data/raw/Lung_Opacity/masks/Lung_Opacity-1811.png,Lung_Opacity,Lung_Opacity,True,0.04613393987469903,0.3853759765625,0.11971150948797417
/Users/berfinaktas/Projects/covid_project_folders/jun26_bds_int_covid/data/raw/Normal/images/Normal-5347.png,/Users/berfinaktas/Projects/covid_project_folders/jun26_bds_int_covid/data/raw/Normal/masks/Normal-5347.png,Normal,Normal,True,0.25371701100352595,0.3116455078125,0.814120546079469
/Users/berfinaktas/Projects/covid_project_folders/jun26_bds_int_covid/data/raw/COVID/images/COVID-1446.png,/Users/berfinaktas/Projects/covid_project_folders/jun26_bds_int_covid/data/raw/COVID/masks/COVID-1446.png,COVID,COVID,True,0.31729314227189886,0.3834228515625,0.827527991560457
/Users/berfinaktas/Projects/covid_project_folders/jun26_bds_int_covid/data/raw/Lung_Opacity/images/Lung_Opacity-2470.png,/Users/berfinaktas/Projects/covid_project_folders/jun26_bds_int_covid/data/raw/Lung_Opacity/masks/Lung_Opacity-2470.png,Lung_Opacity,COVID,False,0.40059611272820383,0.4195556640625,0.9548104031042903
/Users/berfinaktas/Projects/covid_project_folders/jun26_bds_int_covid/data/raw/Normal/images/Normal-4483.png,/Users/berfinaktas/Projects/covid_project_folders/jun26_bds_int_covid/data/raw/Normal/masks/Normal-4483.png,Normal,Normal,True,0.2648107822204234,0.4173583984375,0.634492520605355
/Users/berfinaktas/Projects/covid_project_folders/jun26_bds_int_covid/data/raw/COVID/images/COVID-1166.png,/Users/berfinaktas/Projects/covid_project_folders/jun26_bds_int_covid/data/raw/COVID/masks/COVID-1166.png,COVID,COVID,True,0.34553095650943927,0.3443603515625,1.00339936041309
/Users/berfinaktas/Projects/covid_project_folders/jun26_bds_int_covid/data/raw/Normal/images/Normal-3003.png,/Users/berfinaktas/Projects/covid_project_folders/jun26_bds_int_covid/data/raw/Normal/masks/Normal-3003.png,Normal,Normal,True,0.18412664574588514,0.332763671875,0.5533255619773628
/Users/berfinaktas/Projects/covid_project_folders/jun26_bds_int_covid/data/raw/Lung_Opacity/images/Lung_Opacity-2796.png,/Users/berfinaktas/Projects/covid_project_folders/jun26_bds_int_covid/data/raw/Lung_Opacity/masks/Lung_Opacity-2796.png,Lung_Opacity,Normal,False,0.17742030377282322,0.280029296875,0.6335776497414856
/Users/berfinaktas/Projects/covid_project_folders/jun26_bds_int_covid/data/raw/Lung_Opacity/images/Lung_Opacity-3416.png,/Users/berfinaktas/Projects/covid_project_folders/jun26_bds_int_covid/data/raw/Lung_Opacity/masks/Lung_Opacity-3416.png,Lung_Opacity,Lung_Opacity,True,0.18796752079388288,0.39862060546875,0.47154491818817595
/Users/berfinaktas/Projects/covid_project_folders/jun26_bds_int_covid/data/raw/Normal/images/Normal-6093.png,/Users/berfinaktas/Projects/covid_project_folders/jun26_bds_int_covid/data/raw/Normal/masks/Normal-6093.png,Normal,Normal,True,0.2708485910991952,0.3570556640625,0.7585612506955921
/Users/berfinaktas/Projects/covid_project_folders/jun26_bds_int_covid/data/raw/Lung_Opacity/images/Lung_Opacity-1363.png,/Users/berfinaktas/Projects/covid_project_folders/jun26_bds_int_covid/data/raw/Lung_Opacity/masks/Lung_Opacity-1363.png,Lung_Opacity,Lung_Opacity,True,0.030304556665513,0.339599609375,0.08923613522785136
/Users/berfinaktas/Projects/covid_project_folders/jun26_bds_int_covid/data/raw/Normal/images/Normal-3779.png,/Users/berfinaktas/Projects/covid_project_folders/jun26_bds_int_covid/data/raw/Normal/masks/Normal-3779.png,Normal,Normal,True,0.21251573632558127,0.32159423828125,0.6608194769326862
/Users/berfinaktas/Projects/covid_project_folders/jun26_bds_int_covid/data/raw/Normal/images/Normal-3066.png,/Users/berfinaktas/Projects/covid_project_folders/jun26_bds_int_covid/data/raw/Normal/masks/Normal-3066.png,Normal,Normal,True,0.23031627087902207,0.3514404296875,0.65534938903819
/Users/berfinaktas/Projects/covid_project_folders/jun26_bds_int_covid/data/raw/Normal/images/Normal-833.png,/Users/berfinaktas/Projects/covid_project_folders/jun26_bds_int_covid/data/raw/Normal/masks/Normal-833.png,Normal,Normal,True,0.18147725083492114,0.23095703125,0.7857619655600814
/Users/berfinaktas/Projects/covid_project_folders/jun26_bds_int_covid/data/raw/Normal/images/Normal-5945.png,/Users/berfinaktas/Projects/covid_project_folders/jun26_bds_int_covid/data/raw/Normal/masks/Normal-5945.png,Normal,Normal,True,0.08454360111891397,0.3355712890625,0.2519393162481423
/Users/berfinaktas/Projects/covid_project_folders/jun26_bds_int_covid/data/raw/Normal/images/Normal-3147.png,/Users/berfinaktas/Projects/covid_project_folders/jun26_bds_int_covid/data/raw/Normal/masks/Normal-3147.png,Normal,Normal,True,0.23125176970891345,0.26995849609375,0.8566197139748672
/Users/berfinaktas/Projects/covid_project_folders/jun26_bds_int_covid/data/raw/Lung_Opacity/images/Lung_Opacity-5748.png,/Users/berfinaktas/Projects/covid_project_folders/jun26_bds_int_covid/data/raw/Lung_Opacity/masks/Lung_Opacity-5748.png,Lung_Opacity,Lung_Opacity,True,0.08411853330992021,0.311279296875,0.27023491171563385
/Users/berfinaktas/Projects/covid_project_folders/jun26_bds_int_covid/data/raw/Normal/images/Normal-7025.png,/Users/berfinaktas/Projects/covid_project_folders/jun26_bds_int_covid/data/raw/Normal/masks/Normal-7025.png,Normal,Normal,True,0.1828271286142466,0.3800048828125,0.48111784054221274
/Users/berfinaktas/Projects/covid_project_folders/jun26_bds_int_covid/data/raw/Lung_Opacity/images/Lung_Opacity-4205.png,/Users/berfinaktas/Projects/covid_project_folders/jun26_bds_int_covid/data/raw/Lung_Opacity/masks/Lung_Opacity-4205.png,Lung_Opacity,Lung_Opacity,True,0.20007166481200775,0.34295654296875,0.5833732258907163
/Users/berfinaktas/Projects/covid_project_folders/jun26_bds_int_covid/data/raw/COVID/images/COVID-1583.png,/Users/berfinaktas/Projects/covid_project_folders/jun26_bds_int_covid/data/raw/COVID/masks/COVID-1583.png,COVID,Normal,False,0.17104546488906808,0.28082275390625,0.6090869151798504
/Users/berfinaktas/Projects/covid_project_folders/jun26_bds_int_covid/data/raw/Normal/images/Normal-2189.png,/Users/berfinaktas/Projects/covid_project_folders/jun26_bds_int_covid/data/raw/Normal/masks/Normal-2189.png,Normal,Normal,True,0.22130850660780724,0.37506103515625,0.5900599792127443
/Users/berfinaktas/Projects/covid_project_folders/jun26_bds_int_covid/data/raw/COVID/images/COVID-3451.png,/Users/berfinaktas/Projects/covid_project_folders/jun26_bds_int_covid/data/raw/COVID/masks/COVID-3451.png,COVID,COVID,True,0.20586782230825332,0.35650634765625,0.5774590653481292
/Users/berfinaktas/Projects/covid_project_folders/jun26_bds_int_covid/data/raw/Lung_Opacity/images/Lung_Opacity-4021.png,/Users/berfinaktas/Projects/covid_project_folders/jun26_bds_int_covid/data/raw/Lung_Opacity/masks/Lung_Opacity-4021.png,Lung_Opacity,Lung_Opacity,True,0.05334905297420032,0.373291015625,0.14291544864769426
/Users/berfinaktas/Projects/covid_project_folders/jun26_bds_int_covid/data/raw/Lung_Opacity/images/Lung_Opacity-5863.png,/Users/berfinaktas/Projects/covid_project_folders/jun26_bds_int_covid/data/raw/Lung_Opacity/masks/Lung_Opacity-5863.png,Lung_Opacity,Normal,False,0.22089682301650995,0.326416015625,0.6767340217469145
/Users/berfinaktas/Projects/covid_project_folders/jun26_bds_int_covid/data/raw/Normal/images/Normal-2521.png,/Users/berfinaktas/Projects/covid_project_folders/jun26_bds_int_covid/data/raw/Normal/masks/Normal-2521.png,Normal,Normal,True,0.13928463548066836,0.361083984375,0.3857402751378077
/Users/berfinaktas/Projects/covid_project_folders/jun26_bds_int_covid/data/raw/Lung_Opacity/images/Lung_Opacity-866.png,/Users/berfinaktas/Projects/covid_project_folders/jun26_bds_int_covid/data/raw/Lung_Opacity/masks/Lung_Opacity-866.png,Lung_Opacity,Lung_Opacity,True,0.12291267462488115,0.38031005859375,0.3231907015012121
/Users/berfinaktas/Projects/covid_project_folders/jun26_bds_int_covid/data/raw/Normal/images/Normal-925.png,/Users/berfinaktas/Projects/covid_project_folders/jun26_bds_int_covid/data/raw/Normal/masks/Normal-925.png,Normal,Normal,True,0.20284609112521662,0.23211669921875,0.8738970173535496
/Users/berfinaktas/Projects/covid_project_folders/jun26_bds_int_covid/data/raw/Normal/images/Normal-4320.png,/Users/berfinaktas/Projects/covid_project_folders/jun26_bds_int_covid/data/raw/Normal/masks/Normal-4320.png,Normal,Normal,True,0.2346270349943266,0.4383544921875,0.5352449653783135
/Users/berfinaktas/Projects/covid_project_folders/jun26_bds_int_covid/data/raw/COVID/images/COVID-3002.png,/Users/berfinaktas/Projects/covid_project_folders/jun26_bds_int_covid/data/raw/COVID/masks/COVID-3002.png,COVID,Normal,False,0.20904139922990797,0.388916015625,0.537497533738671
/Users/berfinaktas/Projects/covid_project_folders/jun26_bds_int_covid/data/raw/Lung_Opacity/images/Lung_Opacity-1183.png,/Users/berfinaktas/Projects/covid_project_folders/jun26_bds_int_covid/data/raw/Lung_Opacity/masks/Lung_Opacity-1183.png,Lung_Opacity,Viral Pneumonia,False,0.16566299225111,0.3759765625,0.44062053003931595
/Users/berfinaktas/Projects/covid_project_folders/jun26_bds_int_covid/data/raw/Normal/images/Normal-8876.png,/Users/berfinaktas/Projects/covid_project_folders/jun26_bds_int_covid/data/raw/Normal/masks/Normal-8876.png,Normal,Normal,True,0.27241452189347776,0.395263671875,0.6891969621221031
/Users/berfinaktas/Projects/covid_project_folders/jun26_bds_int_covid/data/raw/Lung_Opacity/images/Lung_Opacity-1311.png,/Users/berfinaktas/Projects/covid_project_folders/jun26_bds_int_covid/data/raw/Lung_Opacity/masks/Lung_Opacity-1311.png,Lung_Opacity,COVID,False,0.28136926748371394,0.36346435546875,0.7741316672465439
/Users/berfinaktas/Projects/covid_project_folders/jun26_bds_int_covid/data/raw/Normal/images/Normal-1853.png,/Users/berfinaktas/Projects/covid_project_folders/jun26_bds_int_covid/data/raw/Normal/masks/Normal-1853.png,Normal,Normal,True,0.19870680970119212,0.39276123046875,0.5059226682430974
/Users/berfinaktas/Projects/covid_project_folders/jun26_bds_int_covid/data/raw/Normal/images/Normal-836.png,/Users/berfinaktas/Projects/covid_project_folders/jun26_bds_int_covid/data/raw/Normal/masks/Normal-836.png,Normal,Normal,True,0.1643611687792596,0.2388916015625,0.6880156845374015
/Users/berfinaktas/Projects/covid_project_folders/jun26_bds_int_covid/data/raw/Lung_Opacity/images/Lung_Opacity-766.png,/Users/berfinaktas/Projects/covid_project_folders/jun26_bds_int_covid/data/raw/Lung_Opacity/masks/Lung_Opacity-766.png,Lung_Opacity,Lung_Opacity,True,0.07330841427639913,0.438232421875,0.1672820417137219
/Users/berfinaktas/Projects/covid_project_folders/jun26_bds_int_covid/data/raw/Normal/images/Normal-9369.png,/Users/berfinaktas/Projects/covid_project_folders/jun26_bds_int_covid/data/raw/Normal/masks/Normal-9369.png,Normal,Normal,True,0.16134390437810608,0.41229248046875,0.39133360907933235
/Users/berfinaktas/Projects/covid_project_folders/jun26_bds_int_covid/data/raw/Lung_Opacity/images/Lung_Opacity-5260.png,/Users/berfinaktas/Projects/covid_project_folders/jun26_bds_int_covid/data/raw/Lung_Opacity/masks/Lung_Opacity-5260.png,Lung_Opacity,Normal,False,0.17158064229072714,0.37286376953125,0.46016978937490155
/Users/berfinaktas/Projects/covid_project_folders/jun26_bds_int_covid/data/raw/Normal/images/Normal-9087.png,/Users/berfinaktas/Projects/covid_project_folders/jun26_bds_int_covid/data/raw/Normal/masks/Normal-9087.png,Normal,Normal,True,0.11483180257146913,0.36614990234375,0.3136196454960744
/Users/berfinaktas/Projects/covid_project_folders/jun26_bds_int_covid/data/raw/Lung_Opacity/images/Lung_Opacity-5846.png,/Users/berfinaktas/Projects/covid_project_folders/jun26_bds_int_covid/data/raw/Lung_Opacity/masks/Lung_Opacity-5846.png,Lung_Opacity,Lung_Opacity,True,0.024062491715895487,0.27752685546875,0.08670329102116377
/Users/berfinaktas/Projects/covid_project_folders/jun26_bds_int_covid/data/raw/Normal/images/Normal-1575.png,/Users/berfinaktas/Projects/covid_project_folders/jun26_bds_int_covid/data/raw/Normal/masks/Normal-1575.png,Normal,Normal,True,0.22868876740944477,0.42254638671875,0.5412157684871216
/Users/berfinaktas/Projects/covid_project_folders/jun26_bds_int_covid/data/raw/Lung_Opacity/images/Lung_Opacity-3612.png,/Users/berfinaktas/Projects/covid_project_folders/jun26_bds_int_covid/data/raw/Lung_Opacity/masks/Lung_Opacity-3612.png,Lung_Opacity,Viral Pneumonia,False,0.15696164013055222,0.37469482421875,0.418905279670788
/Users/berfinaktas/Projects/covid_project_folders/jun26_bds_int_covid/data/raw/COVID/images/COVID-2801.png,/Users/berfinaktas/Projects/covid_project_folders/jun26_bds_int_covid/data/raw/COVID/masks/COVID-2801.png,COVID,COVID,True,0.37278678796863385,0.2706298828125,1.3774782891470674
/Users/berfinaktas/Projects/covid_project_folders/jun26_bds_int_covid/data/raw/Lung_Opacity/images/Lung_Opacity-2561.png,/Users/berfinaktas/Projects/covid_project_folders/jun26_bds_int_covid/data/raw/Lung_Opacity/masks/Lung_Opacity-2561.png,Lung_Opacity,Lung_Opacity,True,0.007181800276878628,0.18560791015625,0.03869339550686598
/Users/berfinaktas/Projects/covid_project_folders/jun26_bds_int_covid/data/raw/Normal/images/Normal-9716.png,/Users/berfinaktas/Projects/covid_project_folders/jun26_bds_int_covid/data/raw/Normal/masks/Normal-9716.png,Normal,Normal,True,0.36368269160774624,0.359130859375,1.0126745783992717
/Users/berfinaktas/Projects/covid_project_folders/jun26_bds_int_covid/data/raw/Normal/images/Normal-6837.png,/Users/berfinaktas/Projects/covid_project_folders/jun26_bds_int_covid/data/raw/Normal/masks/Normal-6837.png,Normal,Normal,True,0.19771337843508532,0.32916259765625,0.6006556633191986
/Users/berfinaktas/Projects/covid_project_folders/jun26_bds_int_covid/data/raw/Normal/images/Normal-5363.png,/Users/berfinaktas/Projects/covid_project_folders/jun26_bds_int_covid/data/raw/Normal/masks/Normal-5363.png,Normal,Normal,True,0.14317923798750987,0.2359619140625,0.6067896107572068
/Users/berfinaktas/Projects/covid_project_folders/jun26_bds_int_covid/data/raw/Lung_Opacity/images/Lung_Opacity-5057.png,/Users/berfinaktas/Projects/covid_project_folders/jun26_bds_int_covid/data/raw/Lung_Opacity/masks/Lung_Opacity-5057.png,Lung_Opacity,Lung_Opacity,True,0.07721745604404548,0.372314453125,0.20739849177469527
/Users/berfinaktas/Projects/covid_project_folders/jun26_bds_int_covid/data/raw/Lung_Opacity/images/Lung_Opacity-2302.png,/Users/berfinaktas/Projects/covid_project_folders/jun26_bds_int_covid/data/raw/Lung_Opacity/masks/Lung_Opacity-2302.png,Lung_Opacity,Lung_Opacity,True,0.021096617308186367,0.32794189453125,0.06433035138234235
/Users/berfinaktas/Projects/covid_project_folders/jun26_bds_int_covid/data/raw/Lung_Opacity/images/Lung_Opacity-363.png,/Users/berfinaktas/Projects/covid_project_folders/jun26_bds_int_covid/data/raw/Lung_Opacity/masks/Lung_Opacity-363.png,Lung_Opacity,Lung_Opacity,True,0.048200581594072575,0.35919189453125,0.13419172962400766
/Users/berfinaktas/Projects/covid_project_folders/jun26_bds_int_covid/data/raw/COVID/images/COVID-3598.png,/Users/berfinaktas/Projects/covid_project_folders/jun26_bds_int_covid/data/raw/COVID/masks/COVID-3598.png,COVID,COVID,True,0.39707757787290565,0.30242919921875,1.3129604512350528
/Users/berfinaktas/Projects/covid_project_folders/jun26_bds_int_covid/data/raw/Normal/images/Normal-2884.png,/Users/berfinaktas/Projects/covid_project_folders/jun26_bds_int_covid/data/raw/Normal/masks/Normal-2884.png,Normal,Normal,True,0.1543133626281622,0.39501953125,0.3906474247991053
/Users/berfinaktas/Projects/covid_project_folders/jun26_bds_int_covid/data/raw/Normal/images/Normal-7028.png,/Users/berfinaktas/Projects/covid_project_folders/jun26_bds_int_covid/data/raw/Normal/masks/Normal-7028.png,Normal,Normal,True,0.1533651505017448,0.34600830078125,0.4432412463962933
/Users/berfinaktas/Projects/covid_project_folders/jun26_bds_int_covid/data/raw/COVID/images/COVID-782.png,/Users/berfinaktas/Projects/covid_project_folders/jun26_bds_int_covid/data/raw/COVID/masks/COVID-782.png,COVID,COVID,True,0.3533980632067304,0.33746337890625,1.047219002998566
/Users/berfinaktas/Projects/covid_project_folders/jun26_bds_int_covid/data/raw/COVID/images/COVID-2038.png,/Users/berfinaktas/Projects/covid_project_folders/jun26_bds_int_covid/data/raw/COVID/masks/COVID-2038.png,COVID,Normal,False,0.24855923549119366,0.42095947265625,0.5904588247481103
/Users/berfinaktas/Projects/covid_project_folders/jun26_bds_int_covid/data/raw/Normal/images/Normal-6792.png,/Users/berfinaktas/Projects/covid_project_folders/jun26_bds_int_covid/data/raw/Normal/masks/Normal-6792.png,Normal,Normal,True,0.13158756953496156,0.31329345703125,0.4200137812703702
/Users/berfinaktas/Projects/covid_project_folders/jun26_bds_int_covid/data/raw/Normal/images/Normal-9709.png,/Users/berfinaktas/Projects/covid_project_folders/jun26_bds_int_covid/data/raw/Normal/masks/Normal-9709.png,Normal,Normal,True,0.11126553818047523,0.3387451171875,0.32846388784664976
/Users/berfinaktas/Projects/covid_project_folders/jun26_bds_int_covid/data/raw/Normal/images/Normal-7499.png,/Users/berfinaktas/Projects/covid_project_folders/jun26_bds_int_covid/data/raw/Normal/masks/Normal-7499.png,Normal,Normal,True,0.0840751128677078,0.32281494140625,0.2604436848599971
/Users/berfinaktas/Projects/covid_project_folders/jun26_bds_int_covid/data/raw/Normal/images/Normal-4762.png,/Users/berfinaktas/Projects/covid_project_folders/jun26_bds_int_covid/data/raw/Normal/masks/Normal-4762.png,Normal,Normal,True,0.1749891702539527,0.3427734375,0.5105097160685116
/Users/berfinaktas/Projects/covid_project_folders/jun26_bds_int_covid/data/raw/COVID/images/COVID-1860.png,/Users/berfinaktas/Projects/covid_project_folders/jun26_bds_int_covid/data/raw/COVID/masks/COVID-1860.png,COVID,COVID,True,0.22788384669548603,0.32958984375,0.691416471159045
/Users/berfinaktas/Projects/covid_project_folders/jun26_bds_int_covid/data/raw/Normal/images/Normal-6164.png,/Users/berfinaktas/Projects/covid_project_folders/jun26_bds_int_covid/data/raw/Normal/masks/Normal-6164.png,Normal,Normal,True,0.13393064937091922,0.431640625,0.3102827713932608
/Users/berfinaktas/Projects/covid_project_folders/jun26_bds_int_covid/data/raw/Normal/images/Normal-2090.png,/Users/berfinaktas/Projects/covid_project_folders/jun26_bds_int_covid/data/raw/Normal/masks/Normal-2090.png,Normal,Normal,True,0.11532515749628926,0.328125,0.3514671466553577
/Users/berfinaktas/Projects/covid_project_folders/jun26_bds_int_covid/data/raw/Normal/images/Normal-7596.png,/Users/berfinaktas/Projects/covid_project_folders/jun26_bds_int_covid/data/raw/Normal/masks/Normal-7596.png,Normal,Normal,True,0.14051689318018634,0.30889892578125,0.4548960240790699
/Users/berfinaktas/Projects/covid_project_folders/jun26_bds_int_covid/data/raw/Lung_Opacity/images/Lung_Opacity-4848.png,/Users/berfinaktas/Projects/covid_project_folders/jun26_bds_int_covid/data/raw/Lung_Opacity/masks/Lung_Opacity-4848.png,Lung_Opacity,Normal,False,0.21940986515582978,0.3265380859375,0.6719273328435729
/Users/berfinaktas/Projects/covid_project_folders/jun26_bds_int_covid/data/raw/COVID/images/COVID-799.png,/Users/berfinaktas/Projects/covid_project_folders/jun26_bds_int_covid/data/raw/COVID/masks/COVID-799.png,COVID,COVID,True,0.26270729115418084,0.3616943359375,0.7263240395325851
/Users/berfinaktas/Projects/covid_project_folders/jun26_bds_int_covid/data/raw/Viral Pneumonia/images/Viral Pneumonia-309.png,/Users/berfinaktas/Projects/covid_project_folders/jun26_bds_int_covid/data/raw/Viral Pneumonia/masks/Viral Pneumonia-309.png,Viral Pneumonia,Viral Pneumonia,True,0.08903838991303217,0.3218994140625,0.2766031437874704
/Users/berfinaktas/Projects/covid_project_folders/jun26_bds_int_covid/data/raw/Normal/images/Normal-4928.png,/Users/berfinaktas/Projects/covid_project_folders/jun26_bds_int_covid/data/raw/Normal/masks/Normal-4928.png,Normal,Normal,True,0.1861194722580924,0.34637451171875,0.5373359354143763
/Users/berfinaktas/Projects/covid_project_folders/jun26_bds_int_covid/data/raw/Normal/images/Normal-2994.png,/Users/berfinaktas/Projects/covid_project_folders/jun26_bds_int_covid/data/raw/Normal/masks/Normal-2994.png,Normal,Normal,True,0.25476970062227405,0.43280029296875,0.588654177830396
/Users/berfinaktas/Projects/covid_project_folders/jun26_bds_int_covid/data/raw/Normal/images/Normal-9806.png,/Users/berfinaktas/Projects/covid_project_folders/jun26_bds_int_covid/data/raw/Normal/masks/Normal-9806.png,Normal,Normal,True,0.2953462527052512,0.33880615234375,0.8717263563903506
/Users/berfinaktas/Projects/covid_project_folders/jun26_bds_int_covid/data/raw/Lung_Opacity/images/Lung_Opacity-689.png,/Users/berfinaktas/Projects/covid_project_folders/jun26_bds_int_covid/data/raw/Lung_Opacity/masks/Lung_Opacity-689.png,Lung_Opacity,Lung_Opacity,True,0.052211095623578736,0.36724853515625,0.14216828829927106
/Users/berfinaktas/Projects/covid_project_folders/jun26_bds_int_covid/data/raw/Viral Pneumonia/images/Viral Pneumonia-99.png,/Users/berfinaktas/Projects/covid_project_folders/jun26_bds_int_covid/data/raw/Viral Pneumonia/masks/Viral Pneumonia-99.png,Viral Pneumonia,Viral Pneumonia,True,0.10875185134128601,0.24285888671875,0.44779852535200554
/Users/berfinaktas/Projects/covid_project_folders/jun26_bds_int_covid/data/raw/COVID/images/COVID-299.png,/Users/berfinaktas/Projects/covid_project_folders/jun26_bds_int_covid/data/raw/COVID/masks/COVID-299.png,COVID,COVID,True,0.3553379168381675,0.302978515625,1.1728155579122757
/Users/berfinaktas/Projects/covid_project_folders/jun26_bds_int_covid/data/raw/Lung_Opacity/images/Lung_Opacity-3840.png,/Users/berfinaktas/Projects/covid_project_folders/jun26_bds_int_covid/data/raw/Lung_Opacity/masks/Lung_Opacity-3840.png,Lung_Opacity,Lung_Opacity,True,0.05283494769794836,0.223388671875,0.23651578772764642
/Users/berfinaktas/Projects/covid_project_folders/jun26_bds_int_covid/data/raw/Normal/images/Normal-6311.png,/Users/berfinaktas/Projects/covid_project_folders/jun26_bds_int_covid/data/raw/Normal/masks/Normal-6311.png,Normal,Normal,True,0.263604146866777,0.4290771484375,0.6143514000377347
/Users/berfinaktas/Projects/covid_project_folders/jun26_bds_int_covid/data/raw/Normal/images/Normal-2159.png,/Users/berfinaktas/Projects/covid_project_folders/jun26_bds_int_covid/data/raw/Normal/masks/Normal-2159.png,Normal,Normal,True,0.3011501545579148,0.434814453125,0.6925946283375738
/Users/berfinaktas/Projects/covid_project_folders/jun26_bds_int_covid/data/raw/Lung_Opacity/images/Lung_Opacity-1726.png,/Users/berfinaktas/Projects/covid_project_folders/jun26_bds_int_covid/data/raw/Lung_Opacity/masks/Lung_Opacity-1726.png,Lung_Opacity,Lung_Opacity,True,0.11252877866546508,0.39837646484375,0.28246844027194423
/Users/berfinaktas/Projects/covid_project_folders/jun26_bds_int_covid/data/raw/Normal/images/Normal-1054.png,/Users/berfinaktas/Projects/covid_project_folders/jun26_bds_int_covid/data/raw/Normal/masks/Normal-1054.png,Normal,Normal,True,0.21797688441232987,0.32208251953125,0.6767734080370689
/Users/berfinaktas/Projects/covid_project_folders/jun26_bds_int_covid/data/raw/Normal/images/Normal-270.png,/Users/berfinaktas/Projects/covid_project_folders/jun26_bds_int_covid/data/raw/Normal/masks/Normal-270.png,Normal,Normal,True,0.2518865232470919,0.31744384765625,0.793483714070439
/Users/berfinaktas/Projects/covid_project_folders/jun26_bds_int_covid/data/raw/Lung_Opacity/images/Lung_Opacity-2367.png,/Users/berfinaktas/Projects/covid_project_folders/jun26_bds_int_covid/data/raw/Lung_Opacity/masks/Lung_Opacity-2367.png,Lung_Opacity,Lung_Opacity,True,0.144464236752331,0.34429931640625,0.41958908969157793
/Users/berfinaktas/Projects/covid_project_folders/jun26_bds_int_covid/data/raw/Normal/images/Normal-7334.png,/Users/berfinaktas/Projects/covid_project_folders/jun26_bds_int_covid/data/raw/Normal/masks/Normal-7334.png,Normal,COVID,False,0.29594142819481833,0.3785400390625,0.7817968977013711
/Users/berfinaktas/Projects/covid_project_folders/jun26_bds_int_covid/data/raw/Normal/images/Normal-1446.png,/Users/berfinaktas/Projects/covid_project_folders/jun26_bds_int_covid/data/raw/Normal/masks/Normal-1446.png,Normal,Normal,True,0.25412294445420236,0.42169189453125,0.6026270548469607
/Users/berfinaktas/Projects/covid_project_folders/jun26_bds_int_covid/data/raw/COVID/images/COVID-3357.png,/Users/berfinaktas/Projects/covid_project_folders/jun26_bds_int_covid/data/raw/COVID/masks/COVID-3357.png,COVID,COVID,True,0.44522727232316694,0.29852294921875,1.4914339868621482
/Users/berfinaktas/Projects/covid_project_folders/jun26_bds_int_covid/data/raw/Normal/images/Normal-1981.png,/Users/berfinaktas/Projects/covid_project_folders/jun26_bds_int_covid/data/raw/Normal/masks/Normal-1981.png,Normal,Normal,True,0.10008126590696799,0.3641357421875,0.2748460376499771
/Users/berfinaktas/Projects/covid_project_folders/jun26_bds_int_covid/data/raw/Lung_Opacity/images/Lung_Opacity-4454.png,/Users/berfinaktas/Projects/covid_project_folders/jun26_bds_int_covid/data/raw/Lung_Opacity/masks/Lung_Opacity-4454.png,Lung_Opacity,Lung_Opacity,True,0.023954822854135954,0.3316650390625,0.07222595098309964
/Users/berfinaktas/Projects/covid_project_folders/jun26_bds_int_covid/data/raw/Lung_Opacity/images/Lung_Opacity-2257.png,/Users/berfinaktas/Projects/covid_project_folders/jun26_bds_int_covid/data/raw/Lung_Opacity/masks/Lung_Opacity-2257.png,Lung_Opacity,Normal,False,0.3446812765854058,0.3394775390625,1.0153286651519757
/Users/berfinaktas/Projects/covid_project_folders/jun26_bds_int_covid/data/raw/COVID/images/COVID-644.png,/Users/berfinaktas/Projects/covid_project_folders/jun26_bds_int_covid/data/raw/COVID/masks/COVID-644.png,COVID,COVID,True,0.2908645900279191,0.3572998046875,0.8140631095007561
/Users/berfinaktas/Projects/covid_project_folders/jun26_bds_int_covid/data/raw/COVID/images/COVID-3236.png,/Users/berfinaktas/Projects/covid_project_folders/jun26_bds_int_covid/data/raw/COVID/masks/COVID-3236.png,COVID,Lung_Opacity,False,0.014578783092226264,0.26861572265625,0.0542737519161634
/Users/berfinaktas/Projects/covid_project_folders/jun26_bds_int_covid/data/raw/Normal/images/Normal-9372.png,/Users/berfinaktas/Projects/covid_project_folders/jun26_bds_int_covid/data/raw/Normal/masks/Normal-9372.png,Normal,Normal,True,0.19371907929813229,0.37579345703125,0.5154934863116127
/Users/berfinaktas/Projects/covid_project_folders/jun26_bds_int_covid/data/raw/Normal/images/Normal-8438.png,/Users/berfinaktas/Projects/covid_project_folders/jun26_bds_int_covid/data/raw/Normal/masks/Normal-8438.png,Normal,Normal,True,0.18763783828348826,0.33935546875,0.5529241623087539
/Users/berfinaktas/Projects/covid_project_folders/jun26_bds_int_covid/data/raw/Lung_Opacity/images/Lung_Opacity-1984.png,/Users/berfinaktas/Projects/covid_project_folders/jun26_bds_int_covid/data/raw/Lung_Opacity/masks/Lung_Opacity-1984.png,Lung_Opacity,Lung_Opacity,True,0.0040861263699656794,0.28924560546875,0.014126839933639522
/Users/berfinaktas/Projects/covid_project_folders/jun26_bds_int_covid/data/raw/Normal/images/Normal-6417.png,/Users/berfinaktas/Projects/covid_project_folders/jun26_bds_int_covid/data/raw/Normal/masks/Normal-6417.png,Normal,Normal,True,0.19973990449461246,0.35693359375,0.55959962298901
/Users/berfinaktas/Projects/covid_project_folders/jun26_bds_int_covid/data/raw/COVID/images/COVID-409.png,/Users/berfinaktas/Projects/covid_project_folders/jun26_bds_int_covid/data/raw/COVID/masks/COVID-409.png,COVID,Lung_Opacity,False,0.062401709265412164,0.38702392578125,0.1612347586507669
/Users/berfinaktas/Projects/covid_project_folders/jun26_bds_int_covid/data/raw/Normal/images/Normal-10135.png,/Users/berfinaktas/Projects/covid_project_folders/jun26_bds_int_covid/data/raw/Normal/masks/Normal-10135.png,Normal,Normal,True,0.1870046391292428,0.4012451171875,0.46606084689587984
/Users/berfinaktas/Projects/covid_project_folders/jun26_bds_int_covid/data/raw/Normal/images/Normal-3492.png,/Users/berfinaktas/Projects/covid_project_folders/jun26_bds_int_covid/data/raw/Normal/masks/Normal-3492.png,Normal,Normal,True,0.22561341180627328,0.4058837890625,0.5558571637645084
/Users/berfinaktas/Projects/covid_project_folders/jun26_bds_int_covid/data/raw/Normal/images/Normal-1901.png,/Users/berfinaktas/Projects/covid_project_folders/jun26_bds_int_covid/data/raw/Normal/masks/Normal-1901.png,Normal,Normal,True,0.15773414050184356,0.3212890625,0.49094151937351915
/Users/berfinaktas/Projects/covid_project_folders/jun26_bds_int_covid/data/raw/COVID/images/COVID-753.png,/Users/berfinaktas/Projects/covid_project_folders/jun26_bds_int_covid/data/raw/COVID/masks/COVID-753.png,COVID,COVID,True,0.3823191217679812,0.333251953125,1.147237452572638
/Users/berfinaktas/Projects/covid_project_folders/jun26_bds_int_covid/data/raw/COVID/images/COVID-2817.png,/Users/berfinaktas/Projects/covid_project_folders/jun26_bds_int_covid/data/raw/COVID/masks/COVID-2817.png,COVID,Normal,False,0.32677440029771426,0.35491943359375,0.9207002191707223
/Users/berfinaktas/Projects/covid_project_folders/jun26_bds_int_covid/data/raw/Lung_Opacity/images/Lung_Opacity-1351.png,/Users/berfinaktas/Projects/covid_project_folders/jun26_bds_int_covid/data/raw/Lung_Opacity/masks/Lung_Opacity-1351.png,Lung_Opacity,Lung_Opacity,True,0.09121987807851954,0.37432861328125,0.24368930090305954
/Users/berfinaktas/Projects/covid_project_folders/jun26_bds_int_covid/data/raw/Lung_Opacity/images/Lung_Opacity-964.png,/Users/berfinaktas/Projects/covid_project_folders/jun26_bds_int_covid/data/raw/Lung_Opacity/masks/Lung_Opacity-964.png,Lung_Opacity,Lung_Opacity,True,0.010922401951496779,0.30621337890625,0.035669251260379356
/Users/berfinaktas/Projects/covid_project_folders/jun26_bds_int_covid/data/raw/Normal/images/Normal-5638.png,/Users/berfinaktas/Projects/covid_project_folders/jun26_bds_int_covid/data/raw/Normal/masks/Normal-5638.png,Normal,Normal,True,0.18536172567558565,0.24835205078125,0.7463668010491018
/Users/berfinaktas/Projects/covid_project_folders/jun26_bds_int_covid/data/raw/Normal/images/Normal-7699.png,/Users/berfinaktas/Projects/covid_project_folders/jun26_bds_int_covid/data/raw/Normal/masks/Normal-7699.png,Normal,Normal,True,0.2377105371863812,0.40350341796875,0.5891165392923414
/Users/berfinaktas/Projects/covid_project_folders/jun26_bds_int_covid/data/raw/COVID/images/COVID-2586.png,/Users/berfinaktas/Projects/covid_project_folders/jun26_bds_int_covid/data/raw/COVID/masks/COVID-2586.png,COVID,COVID,True,0.22890928159522617,0.3095703125,0.7394419695694372
/Users/berfinaktas/Projects/covid_project_folders/jun26_bds_int_covid/data/raw/Lung_Opacity/images/Lung_Opacity-3335.png,/Users/berfinaktas/Projects/covid_project_folders/jun26_bds_int_covid/data/raw/Lung_Opacity/masks/Lung_Opacity-3335.png,Lung_Opacity,Normal,False,0.17867681075050096,0.36248779296875,0.49291814570402553
/Users/berfinaktas/Projects/covid_project_folders/jun26_bds_int_covid/data/raw/Lung_Opacity/images/Lung_Opacity-4160.png,/Users/berfinaktas/Projects/covid_project_folders/jun26_bds_int_covid/data/raw/Lung_Opacity/masks/Lung_Opacity-4160.png,Lung_Opacity,COVID,False,0.35299457080340757,0.375244140625,0.9407064164025748
/Users/berfinaktas/Projects/covid_project_folders/jun26_bds_int_covid/data/raw/Normal/images/Normal-8436.png,/Users/berfinaktas/Projects/covid_project_folders/jun26_bds_int_covid/data/raw/Normal/masks/Normal-8436.png,Normal,Normal,True,0.1745970869036812,0.373779296875,0.46711278116099164
/Users/berfinaktas/Projects/covid_project_folders/jun26_bds_int_covid/data/raw/Normal/images/Normal-2163.png,/Users/berfinaktas/Projects/covid_project_folders/jun26_bds_int_covid/data/raw/Normal/masks/Normal-2163.png,Normal,Normal,True,0.2006819020547232,0.35321044921875,0.5681652468056998
/Users/berfinaktas/Projects/covid_project_folders/jun26_bds_int_covid/data/raw/Normal/images/Normal-7371.png,/Users/berfinaktas/Projects/covid_project_folders/jun26_bds_int_covid/data/raw/Normal/masks/Normal-7371.png,Normal,Normal,True,0.22499196669801977,0.3675537109375,0.6121335739588768
/Users/berfinaktas/Projects/covid_project_folders/jun26_bds_int_covid/data/raw/Viral Pneumonia/images/Viral Pneumonia-986.png,/Users/berfinaktas/Projects/covid_project_folders/jun26_bds_int_covid/data/raw/Viral Pneumonia/masks/Viral Pneumonia-986.png,Viral Pneumonia,Viral Pneumonia,True,0.11296739451421253,0.23748779296875,0.475676636268532
/Users/berfinaktas/Projects/covid_project_folders/jun26_bds_int_covid/data/raw/Lung_Opacity/images/Lung_Opacity-3109.png,/Users/berfinaktas/Projects/covid_project_folders/jun26_bds_int_covid/data/raw/Lung_Opacity/masks/Lung_Opacity-3109.png,Lung_Opacity,Lung_Opacity,True,0.06663431022621102,0.33746337890625,0.19745641865549673
/Users/berfinaktas/Projects/covid_project_folders/jun26_bds_int_covid/data/raw/COVID/images/COVID-3541.png,/Users/berfinaktas/Projects/covid_project_folders/jun26_bds_int_covid/data/raw/COVID/masks/COVID-3541.png,COVID,COVID,True,0.330363855822166,0.31982421875,1.0329544682806044
/Users/berfinaktas/Projects/covid_project_folders/jun26_bds_int_covid/data/raw/Normal/images/Normal-8849.png,/Users/berfinaktas/Projects/covid_project_folders/jun26_bds_int_covid/data/raw/Normal/masks/Normal-8849.png,Normal,Normal,True,0.14490171935172189,0.30267333984375,0.4787396188462616
/Users/berfinaktas/Projects/covid_project_folders/jun26_bds_int_covid/data/raw/Normal/images/Normal-9109.png,/Users/berfinaktas/Projects/covid_project_folders/jun26_bds_int_covid/data/raw/Normal/masks/Normal-9109.png,Normal,Normal,True,0.26546182523270195,0.4405517578125,0.6025667144101675
/Users/berfinaktas/Projects/covid_project_folders/jun26_bds_int_covid/data/raw/Normal/images/Normal-5746.png,/Users/berfinaktas/Projects/covid_project_folders/jun26_bds_int_covid/data/raw/Normal/masks/Normal-5746.png,Normal,Normal,True,0.20646894027376567,0.4046630859375,0.5102243012738125
/Users/berfinaktas/Projects/covid_project_folders/jun26_bds_int_covid/data/raw/Lung_Opacity/images/Lung_Opacity-5094.png,/Users/berfinaktas/Projects/covid_project_folders/jun26_bds_int_covid/data/raw/Lung_Opacity/masks/Lung_Opacity-5094.png,Lung_Opacity,Lung_Opacity,True,0.1267606284831633,0.30194091796875,0.41981931212212403
/Users/berfinaktas/Projects/covid_project_folders/jun26_bds_int_covid/data/raw/Lung_Opacity/images/Lung_Opacity-3026.png,/Users/berfinaktas/Projects/covid_project_folders/jun26_bds_int_covid/data/raw/Lung_Opacity/masks/Lung_Opacity-3026.png,Lung_Opacity,Lung_Opacity,True,0.029874198421093078,0.3919677734375,0.07621595561058689
/Users/berfinaktas/Projects/covid_project_folders/jun26_bds_int_covid/data/raw/COVID/images/COVID-3127.png,/Users/berfinaktas/Projects/covid_project_folders/jun26_bds_int_covid/data/raw/COVID/masks/COVID-3127.png,COVID,COVID,True,0.2502857765196067,0.37725830078125,0.6634334513019311
/Users/berfinaktas/Projects/covid_project_folders/jun26_bds_int_covid/data/raw/Normal/images/Normal-2655.png,/Users/berfinaktas/Projects/covid_project_folders/jun26_bds_int_covid/data/raw/Normal/masks/Normal-2655.png,Normal,Normal,True,0.19454744976027624,0.3809814453125,0.510648096262795
/Users/berfinaktas/Projects/covid_project_folders/jun26_bds_int_covid/data/raw/Normal/images/Normal-4561.png,/Users/berfinaktas/Projects/covid_project_folders/jun26_bds_int_covid/data/raw/Normal/masks/Normal-4561.png,Normal,Normal,True,0.23843759663552133,0.31439208984375,0.7584083834743509
/Users/berfinaktas/Projects/covid_project_folders/jun26_bds_int_covid/data/raw/Normal/images/Normal-1705.png,/Users/berfinaktas/Projects/covid_project_folders/jun26_bds_int_covid/data/raw/Normal/masks/Normal-1705.png,Normal,Lung_Opacity,False,0.020040925307570963,0.31170654296875,0.06429420799671876
/Users/berfinaktas/Projects/covid_project_folders/jun26_bds_int_covid/data/raw/Normal/images/Normal-9865.png,/Users/berfinaktas/Projects/covid_project_folders/jun26_bds_int_covid/data/raw/Normal/masks/Normal-9865.png,Normal,Normal,True,0.2026406829298499,0.30419921875,0.6661446527132144
/Users/berfinaktas/Projects/covid_project_folders/jun26_bds_int_covid/data/raw/Normal/images/Normal-9290.png,/Users/berfinaktas/Projects/covid_project_folders/jun26_bds_int_covid/data/raw/Normal/masks/Normal-9290.png,Normal,COVID,False,0.34668475478995137,0.3416748046875,1.0146629193423657
/Users/berfinaktas/Projects/covid_project_folders/jun26_bds_int_covid/data/raw/COVID/images/COVID-901.png,/Users/berfinaktas/Projects/covid_project_folders/jun26_bds_int_covid/data/raw/COVID/masks/COVID-901.png,COVID,Lung_Opacity,False,0.041376416607535924,0.29034423828125,0.14250813741809304
/Users/berfinaktas/Projects/covid_project_folders/jun26_bds_int_covid/data/raw/Normal/images/Normal-2196.png,/Users/berfinaktas/Projects/covid_project_folders/jun26_bds_int_covid/data/raw/Normal/masks/Normal-2196.png,Normal,Normal,True,0.22935917248521343,0.27880859375,0.8226402543777882
/Users/berfinaktas/Projects/covid_project_folders/jun26_bds_int_covid/data/raw/Lung_Opacity/images/Lung_Opacity-162.png,/Users/berfinaktas/Projects/covid_project_folders/jun26_bds_int_covid/data/raw/Lung_Opacity/masks/Lung_Opacity-162.png,Lung_Opacity,Normal,False,0.34579949007318,0.3944091796875,0.8767531484616189
/Users/berfinaktas/Projects/covid_project_folders/jun26_bds_int_covid/data/raw/Lung_Opacity/images/Lung_Opacity-5873.png,/Users/berfinaktas/Projects/covid_project_folders/jun26_bds_int_covid/data/raw/Lung_Opacity/masks/Lung_Opacity-5873.png,Lung_Opacity,Lung_Opacity,True,0.04635697841556543,0.33624267578125,0.13786762286451698
/Users/berfinaktas/Projects/covid_project_folders/jun26_bds_int_covid/data/raw/Normal/images/Normal-7593.png,/Users/berfinaktas/Projects/covid_project_folders/jun26_bds_int_covid/data/raw/Normal/masks/Normal-7593.png,Normal,Normal,True,0.29272320833197296,0.299072265625,0.9787708255736827
/Users/berfinaktas/Projects/covid_project_folders/jun26_bds_int_covid/data/raw/Lung_Opacity/images/Lung_Opacity-3271.png,/Users/berfinaktas/Projects/covid_project_folders/jun26_bds_int_covid/data/raw/Lung_Opacity/masks/Lung_Opacity-3271.png,Lung_Opacity,Lung_Opacity,True,0.06874272748781489,0.2978515625,0.23079525556564737
/Users/berfinaktas/Projects/covid_project_folders/jun26_bds_int_covid/data/raw/Normal/images/Normal-1321.png,/Users/berfinaktas/Projects/covid_project_folders/jun26_bds_int_covid/data/raw/Normal/masks/Normal-1321.png,Normal,Normal,True,0.24556109215814967,0.2847900390625,0.8622530934245872
/Users/berfinaktas/Projects/covid_project_folders/jun26_bds_int_covid/data/raw/Viral Pneumonia/images/Viral Pneumonia-580.png,/Users/berfinaktas/Projects/covid_project_folders/jun26_bds_int_covid/data/raw/Viral Pneumonia/masks/Viral Pneumonia-580.png,Viral Pneumonia,Viral Pneumonia,True,0.10129162194324151,0.23797607421875,0.4256378389120464
/Users/berfinaktas/Projects/covid_project_folders/jun26_bds_int_covid/data/raw/Normal/images/Normal-3873.png,/Users/berfinaktas/Projects/covid_project_folders/jun26_bds_int_covid/data/raw/Normal/masks/Normal-3873.png,Normal,Lung_Opacity,False,0.0169261320284041,0.30633544921875,0.055253585804617006
/Users/berfinaktas/Projects/covid_project_folders/jun26_bds_int_covid/data/raw/COVID/images/COVID-2117.png,/Users/berfinaktas/Projects/covid_project_folders/jun26_bds_int_covid/data/raw/COVID/masks/COVID-2117.png,COVID,COVID,True,0.3756851488851818,0.29901123046875,1.2564248784108631
/Users/berfinaktas/Projects/covid_project_folders/jun26_bds_int_covid/data/raw/Normal/images/Normal-1519.png,/Users/berfinaktas/Projects/covid_project_folders/jun26_bds_int_covid/data/raw/Normal/masks/Normal-1519.png,Normal,Normal,True,0.09273096035732645,0.2900390625,0.31971886668653965
/Users/berfinaktas/Projects/covid_project_folders/jun26_bds_int_covid/data/raw/Normal/images/Normal-5456.png,/Users/berfinaktas/Projects/covid_project_folders/jun26_bds_int_covid/data/raw/Normal/masks/Normal-5456.png,Normal,COVID,False,0.37792839991427485,0.392822265625,0.9620849757917153
/Users/berfinaktas/Projects/covid_project_folders/jun26_bds_int_covid/data/raw/Viral Pneumonia/images/Viral Pneumonia-702.png,/Users/berfinaktas/Projects/covid_project_folders/jun26_bds_int_covid/data/raw/Viral Pneumonia/masks/Viral Pneumonia-702.png,Viral Pneumonia,Normal,False,0.22564224457106566,0.22991943359375,0.9813970095705706
/Users/berfinaktas/Projects/covid_project_folders/jun26_bds_int_covid/data/raw/Normal/images/Normal-6793.png,/Users/berfinaktas/Projects/covid_project_folders/jun26_bds_int_covid/data/raw/Normal/masks/Normal-6793.png,Normal,Normal,True,0.17296983317117884,0.3299560546875,0.524220818845097
/Users/berfinaktas/Projects/covid_project_folders/jun26_bds_int_covid/data/raw/Normal/images/Normal-8173.png,/Users/berfinaktas/Projects/covid_project_folders/jun26_bds_int_covid/data/raw/Normal/masks/Normal-8173.png,Normal,Normal,True,0.22278190885752536,0.322509765625,0.6907756992281785
/Users/berfinaktas/Projects/covid_project_folders/jun26_bds_int_covid/data/raw/Normal/images/Normal-8071.png,/Users/berfinaktas/Projects/covid_project_folders/jun26_bds_int_covid/data/raw/Normal/masks/Normal-8071.png,Normal,Normal,True,0.22423825382752235,0.40625,0.5519710863446704
/Users/berfinaktas/Projects/covid_project_folders/jun26_bds_int_covid/data/raw/Lung_Opacity/images/Lung_Opacity-4277.png,/Users/berfinaktas/Projects/covid_project_folders/jun26_bds_int_covid/data/raw/Lung_Opacity/masks/Lung_Opacity-4277.png,Lung_Opacity,Lung_Opacity,True,0.03276920160649321,0.36676025390625,0.08934774490277662
/Users/berfinaktas/Projects/covid_project_folders/jun26_bds_int_covid/data/raw/Normal/images/Normal-8211.png,/Users/berfinaktas/Projects/covid_project_folders/jun26_bds_int_covid/data/raw/Normal/masks/Normal-8211.png,Normal,Lung_Opacity,False,0.025961613003638292,0.34576416015625,0.07508474270990464
/Users/berfinaktas/Projects/covid_project_folders/jun26_bds_int_covid/data/raw/Normal/images/Normal-3806.png,/Users/berfinaktas/Projects/covid_project_folders/jun26_bds_int_covid/data/raw/Normal/masks/Normal-3806.png,Normal,Normal,True,0.22015990829144166,0.392333984375,0.5611543150975389
/Users/berfinaktas/Projects/covid_project_folders/jun26_bds_int_covid/data/raw/Normal/images/Normal-1424.png,/Users/berfinaktas/Projects/covid_project_folders/jun26_bds_int_covid/data/raw/Normal/masks/Normal-1424.png,Normal,Normal,True,0.27245061148633154,0.46905517578125,0.5808498137400203
/Users/berfinaktas/Projects/covid_project_folders/jun26_bds_int_covid/data/raw/Lung_Opacity/images/Lung_Opacity-5548.png,/Users/berfinaktas/Projects/covid_project_folders/jun26_bds_int_covid/data/raw/Lung_Opacity/masks/Lung_Opacity-5548.png,Lung_Opacity,Lung_Opacity,True,0.01263109804676976,0.35968017578125,0.035117581944387535
/Users/berfinaktas/Projects/covid_project_folders/jun26_bds_int_covid/data/raw/COVID/images/COVID-1091.png,/Users/berfinaktas/Projects/covid_project_folders/jun26_bds_int_covid/data/raw/COVID/masks/COVID-1091.png,COVID,COVID,True,0.37560241334371186,0.33203125,1.1312260919528263
/Users/berfinaktas/Projects/covid_project_folders/jun26_bds_int_covid/data/raw/Lung_Opacity/images/Lung_Opacity-2335.png,/Users/berfinaktas/Projects/covid_project_folders/jun26_bds_int_covid/data/raw/Lung_Opacity/masks/Lung_Opacity-2335.png,Lung_Opacity,Lung_Opacity,True,0.05977850706241593,0.28851318359375,0.2071950623462286
/Users/berfinaktas/Projects/covid_project_folders/jun26_bds_int_covid/data/raw/Normal/images/Normal-9185.png,/Users/berfinaktas/Projects/covid_project_folders/jun26_bds_int_covid/data/raw/Normal/masks/Normal-9185.png,Normal,Normal,True,0.2968104249414665,0.3292236328125,0.9015465336004795
/Users/berfinaktas/Projects/covid_project_folders/jun26_bds_int_covid/data/raw/Normal/images/Normal-1816.png,/Users/berfinaktas/Projects/covid_project_folders/jun26_bds_int_covid/data/raw/Normal/masks/Normal-1816.png,Normal,Normal,True,0.28037378221220693,0.3037109375,0.9231599774446942
/Users/berfinaktas/Projects/covid_project_folders/jun26_bds_int_covid/data/raw/Normal/images/Normal-9565.png,/Users/berfinaktas/Projects/covid_project_folders/jun26_bds_int_covid/data/raw/Normal/masks/Normal-9565.png,Normal,Normal,True,0.20059649486918102,0.41888427734375,0.4788828459764916
/Users/berfinaktas/Projects/covid_project_folders/jun26_bds_int_covid/data/raw/Viral Pneumonia/images/Viral Pneumonia-841.png,/Users/berfinaktas/Projects/covid_project_folders/jun26_bds_int_covid/data/raw/Viral Pneumonia/masks/Viral Pneumonia-841.png,Viral Pneumonia,Viral Pneumonia,True,0.1736844054198253,0.3472900390625,0.5001134092088607
/Users/berfinaktas/Projects/covid_project_folders/jun26_bds_int_covid/data/raw/COVID/images/COVID-2298.png,/Users/berfinaktas/Projects/covid_project_folders/jun26_bds_int_covid/data/raw/COVID/masks/COVID-2298.png,COVID,COVID,True,0.3669673419508789,0.3232421875,1.1352705684522657
/Users/berfinaktas/Projects/covid_project_folders/jun26_bds_int_covid/data/raw/Normal/images/Normal-6475.png,/Users/berfinaktas/Projects/covid_project_folders/jun26_bds_int_covid/data/raw/Normal/masks/Normal-6475.png,Normal,Lung_Opacity,False,0.015031353380526715,0.3406982421875,0.044119257217224955
/Users/berfinaktas/Projects/covid_project_folders/jun26_bds_int_covid/data/raw/Lung_Opacity/images/Lung_Opacity-2609.png,/Users/berfinaktas/Projects/covid_project_folders/jun26_bds_int_covid/data/raw/Lung_Opacity/masks/Lung_Opacity-2609.png,Lung_Opacity,Lung_Opacity,True,0.03771013863459368,0.34918212890625,0.10799561464589807
/Users/berfinaktas/Projects/covid_project_folders/jun26_bds_int_covid/data/raw/Normal/images/Normal-5225.png,/Users/berfinaktas/Projects/covid_project_folders/jun26_bds_int_covid/data/raw/Normal/masks/Normal-5225.png,Normal,Normal,True,0.2511268663322703,0.42608642578125,0.5893801143085399
/Users/berfinaktas/Projects/covid_project_folders/jun26_bds_int_covid/data/raw/Lung_Opacity/images/Lung_Opacity-3157.png,/Users/berfinaktas/Projects/covid_project_folders/jun26_bds_int_covid/data/raw/Lung_Opacity/masks/Lung_Opacity-3157.png,Lung_Opacity,Lung_Opacity,True,0.013964927243457756,0.38336181640625,0.036427538283205205
/Users/berfinaktas/Projects/covid_project_folders/jun26_bds_int_covid/data/raw/Normal/images/Normal-5524.png,/Users/berfinaktas/Projects/covid_project_folders/jun26_bds_int_covid/data/raw/Normal/masks/Normal-5524.png,Normal,Normal,True,0.20091733028330983,0.345703125,0.581184593813868
/Users/berfinaktas/Projects/covid_project_folders/jun26_bds_int_covid/data/raw/COVID/images/COVID-2006.png,/Users/berfinaktas/Projects/covid_project_folders/jun26_bds_int_covid/data/raw/COVID/masks/COVID-2006.png,COVID,COVID,True,0.35172050043975306,0.323974609375,1.0856421776949725
/Users/berfinaktas/Projects/covid_project_folders/jun26_bds_int_covid/data/raw/COVID/images/COVID-3408.png,/Users/berfinaktas/Projects/covid_project_folders/jun26_bds_int_covid/data/raw/COVID/masks/COVID-3408.png,COVID,Lung_Opacity,False,0.017883040540773276,0.2674560546875,0.06686347243724997
/Users/berfinaktas/Projects/covid_project_folders/jun26_bds_int_covid/data/raw/Normal/images/Normal-1642.png,/Users/berfinaktas/Projects/covid_project_folders/jun26_bds_int_covid/data/raw/Normal/masks/Normal-1642.png,Normal,Normal,True,0.3827539174719939,0.437255859375,0.8753545761950234
/Users/berfinaktas/Projects/covid_project_folders/jun26_bds_int_covid/data/raw/COVID/images/COVID-1442.png,/Users/berfinaktas/Projects/covid_project_folders/jun26_bds_int_covid/data/raw/COVID/masks/COVID-1442.png,COVID,COVID,True,0.31914308774846084,0.42071533203125,0.7585725155477705
/Users/berfinaktas/Projects/covid_project_folders/jun26_bds_int_covid/data/raw/Normal/images/Normal-3459.png,/Users/berfinaktas/Projects/covid_project_folders/jun26_bds_int_covid/data/raw/Normal/masks/Normal-3459.png,Normal,Normal,True,0.23005178400116427,0.3193359375,0.7204068098385084
/Users/berfinaktas/Projects/covid_project_folders/jun26_bds_int_covid/data/raw/Viral Pneumonia/images/Viral Pneumonia-800.png,/Users/berfinaktas/Projects/covid_project_folders/jun26_bds_int_covid/data/raw/Viral Pneumonia/masks/Viral Pneumonia-800.png,Viral Pneumonia,Viral Pneumonia,True,0.10821666751798131,0.266845703125,0.40554022886884855
/Users/berfinaktas/Projects/covid_project_folders/jun26_bds_int_covid/data/raw/Normal/images/Normal-8954.png,/Users/berfinaktas/Projects/covid_project_folders/jun26_bds_int_covid/data/raw/Normal/masks/Normal-8954.png,Normal,Normal,True,0.23189090192685236,0.29571533203125,0.7841693575169347
/Users/berfinaktas/Projects/covid_project_folders/jun26_bds_int_covid/data/raw/Lung_Opacity/images/Lung_Opacity-3487.png,/Users/berfinaktas/Projects/covid_project_folders/jun26_bds_int_covid/data/raw/Lung_Opacity/masks/Lung_Opacity-3487.png,Lung_Opacity,Lung_Opacity,True,0.017150446183117746,0.34075927734375,0.050330093187211385
/Users/berfinaktas/Projects/covid_project_folders/jun26_bds_int_covid/data/raw/Normal/images/Normal-10109.png,/Users/berfinaktas/Projects/covid_project_folders/jun26_bds_int_covid/data/raw/Normal/masks/Normal-10109.png,Normal,Lung_Opacity,False,0.026783597705265214,0.25128173828125,0.10658791955381716
/Users/berfinaktas/Projects/covid_project_folders/jun26_bds_int_covid/data/raw/Normal/images/Normal-3876.png,/Users/berfinaktas/Projects/covid_project_folders/jun26_bds_int_covid/data/raw/Normal/masks/Normal-3876.png,Normal,Normal,True,0.2701733558941665,0.3741455078125,0.7221077101093025
/Users/berfinaktas/Projects/covid_project_folders/jun26_bds_int_covid/data/raw/Normal/images/Normal-5018.png,/Users/berfinaktas/Projects/covid_project_folders/jun26_bds_int_covid/data/raw/Normal/masks/Normal-5018.png,Normal,Normal,True,0.18361456777568483,0.25433349609375,0.7219441032965731
/Users/berfinaktas/Projects/covid_project_folders/jun26_bds_int_covid/data/raw/Normal/images/Normal-7240.png,/Users/berfinaktas/Projects/covid_project_folders/jun26_bds_int_covid/data/raw/Normal/masks/Normal-7240.png,Normal,Normal,True,0.32241828081480717,0.33770751953125,0.9547263894577627
/Users/berfinaktas/Projects/covid_project_folders/jun26_bds_int_covid/data/raw/Normal/images/Normal-6761.png,/Users/berfinaktas/Projects/covid_project_folders/jun26_bds_int_covid/data/raw/Normal/masks/Normal-6761.png,Normal,Normal,True,0.20337506508536488,0.39373779296875,0.5165241150765181
/Users/berfinaktas/Projects/covid_project_folders/jun26_bds_int_covid/data/raw/Lung_Opacity/images/Lung_Opacity-875.png,/Users/berfinaktas/Projects/covid_project_folders/jun26_bds_int_covid/data/raw/Lung_Opacity/masks/Lung_Opacity-875.png,Lung_Opacity,Normal,False,0.24636881292072413,0.3486328125,0.7066713289378753
/Users/berfinaktas/Projects/covid_project_folders/jun26_bds_int_covid/data/raw/Lung_Opacity/images/Lung_Opacity-1143.png,/Users/berfinaktas/Projects/covid_project_folders/jun26_bds_int_covid/data/raw/Lung_Opacity/masks/Lung_Opacity-1143.png,Lung_Opacity,Lung_Opacity,True,0.10655611963784554,0.3284912109375,0.32438042812085865
/Users/berfinaktas/Projects/covid_project_folders/jun26_bds_int_covid/data/raw/COVID/images/COVID-1359.png,/Users/berfinaktas/Projects/covid_project_folders/jun26_bds_int_covid/data/raw/COVID/masks/COVID-1359.png,COVID,COVID,True,0.4104558797961106,0.4093017578125,1.0028197337577507
/Users/berfinaktas/Projects/covid_project_folders/jun26_bds_int_covid/data/raw/Normal/images/Normal-7918.png,/Users/berfinaktas/Projects/covid_project_folders/jun26_bds_int_covid/data/raw/Normal/masks/Normal-7918.png,Normal,Normal,True,0.29655424359485955,0.40350341796875,0.7349485292781998
/Users/berfinaktas/Projects/covid_project_folders/jun26_bds_int_covid/data/raw/COVID/images/COVID-2369.png,/Users/berfinaktas/Projects/covid_project_folders/jun26_bds_int_covid/data/raw/COVID/masks/COVID-2369.png,COVID,COVID,True,0.30865950549757065,0.35321044921875,0.8738685567776391
/Users/berfinaktas/Projects/covid_project_folders/jun26_bds_int_covid/data/raw/Normal/images/Normal-3671.png,/Users/berfinaktas/Projects/covid_project_folders/jun26_bds_int_covid/data/raw/Normal/masks/Normal-3671.png,Normal,Normal,True,0.11690735656656208,0.3231201171875,0.36180773139149097
/Users/berfinaktas/Projects/covid_project_folders/jun26_bds_int_covid/data/raw/Normal/images/Normal-979.png,/Users/berfinaktas/Projects/covid_project_folders/jun26_bds_int_covid/data/raw/Normal/masks/Normal-979.png,Normal,Viral Pneumonia,False,0.12174818640595263,0.3291015625,0.3699410767943486
/Users/berfinaktas/Projects/covid_project_folders/jun26_bds_int_covid/data/raw/Viral Pneumonia/images/Viral Pneumonia-698.png,/Users/berfinaktas/Projects/covid_project_folders/jun26_bds_int_covid/data/raw/Viral Pneumonia/masks/Viral Pneumonia-698.png,Viral Pneumonia,Viral Pneumonia,True,0.1669240312348886,0.270263671875,0.6176339945240323
/Users/berfinaktas/Projects/covid_project_folders/jun26_bds_int_covid/data/raw/Normal/images/Normal-7597.png,/Users/berfinaktas/Projects/covid_project_folders/jun26_bds_int_covid/data/raw/Normal/masks/Normal-7597.png,Normal,Normal,True,0.26978771304411825,0.30804443359375,0.8758077849246747
/Users/berfinaktas/Projects/covid_project_folders/jun26_bds_int_covid/data/raw/Normal/images/Normal-6529.png,/Users/berfinaktas/Projects/covid_project_folders/jun26_bds_int_covid/data/raw/Normal/masks/Normal-6529.png,Normal,Normal,True,0.20812855709053266,0.325439453125,0.6395308100846375
/Users/berfinaktas/Projects/covid_project_folders/jun26_bds_int_covid/data/raw/Normal/images/Normal-3100.png,/Users/berfinaktas/Projects/covid_project_folders/jun26_bds_int_covid/data/raw/Normal/masks/Normal-3100.png,Normal,Normal,True,0.22284431728924264,0.2930908203125,0.7603251342080282
/Users/berfinaktas/Projects/covid_project_folders/jun26_bds_int_covid/data/raw/Lung_Opacity/images/Lung_Opacity-5829.png,/Users/berfinaktas/Projects/covid_project_folders/jun26_bds_int_covid/data/raw/Lung_Opacity/masks/Lung_Opacity-5829.png,Lung_Opacity,Lung_Opacity,True,0.17024373549963914,0.34344482421875,0.49569457302756137
/Users/berfinaktas/Projects/covid_project_folders/jun26_bds_int_covid/data/raw/Lung_Opacity/images/Lung_Opacity-5224.png,/Users/berfinaktas/Projects/covid_project_folders/jun26_bds_int_covid/data/raw/Lung_Opacity/masks/Lung_Opacity-5224.png,Lung_Opacity,Lung_Opacity,True,0.02881960841284941,0.26806640625,0.10750921316851657
/Users/berfinaktas/Projects/covid_project_folders/jun26_bds_int_covid/data/raw/Lung_Opacity/images/Lung_Opacity-4006.png,/Users/berfinaktas/Projects/covid_project_folders/jun26_bds_int_covid/data/raw/Lung_Opacity/masks/Lung_Opacity-4006.png,Lung_Opacity,Lung_Opacity,True,0.013302699496223893,0.2249755859375,0.05912952483617261
/Users/berfinaktas/Projects/covid_project_folders/jun26_bds_int_covid/data/raw/Viral Pneumonia/images/Viral Pneumonia-1158.png,/Users/berfinaktas/Projects/covid_project_folders/jun26_bds_int_covid/data/raw/Viral Pneumonia/masks/Viral Pneumonia-1158.png,Viral Pneumonia,Viral Pneumonia,True,0.14646976328340963,0.19854736328125,0.7377069171950149
/Users/berfinaktas/Projects/covid_project_folders/jun26_bds_int_covid/data/raw/Lung_Opacity/images/Lung_Opacity-1267.png,/Users/berfinaktas/Projects/covid_project_folders/jun26_bds_int_covid/data/raw/Lung_Opacity/masks/Lung_Opacity-1267.png,Lung_Opacity,COVID,False,0.25295007742478254,0.327880859375,0.7714694840892846
/Users/berfinaktas/Projects/covid_project_folders/jun26_bds_int_covid/data/raw/Normal/images/Normal-2154.png,/Users/berfinaktas/Projects/covid_project_folders/jun26_bds_int_covid/data/raw/Normal/masks/Normal-2154.png,Normal,Normal,True,0.20324522459846128,0.3580322265625,0.5676729900820303
/Users/berfinaktas/Projects/covid_project_folders/jun26_bds_int_covid/data/raw/Lung_Opacity/images/Lung_Opacity-1877.png,/Users/berfinaktas/Projects/covid_project_folders/jun26_bds_int_covid/data/raw/Lung_Opacity/masks/Lung_Opacity-1877.png,Lung_Opacity,Lung_Opacity,True,0.014954605764606456,0.24053955078125,0.06217108877120329
/Users/berfinaktas/Projects/covid_project_folders/jun26_bds_int_covid/data/raw/Lung_Opacity/images/Lung_Opacity-3403.png,/Users/berfinaktas/Projects/covid_project_folders/jun26_bds_int_covid/data/raw/Lung_Opacity/masks/Lung_Opacity-3403.png,Lung_Opacity,Normal,False,0.29038114321853664,0.3447265625,0.8423520981750184
/Users/berfinaktas/Projects/covid_project_folders/jun26_bds_int_covid/data/raw/COVID/images/COVID-3466.png,/Users/berfinaktas/Projects/covid_project_folders/jun26_bds_int_covid/data/raw/COVID/masks/COVID-3466.png,COVID,Normal,False,0.09094556032828481,0.24530029296875,0.3707519433736298
/Users/berfinaktas/Projects/covid_project_folders/jun26_bds_int_covid/data/raw/Viral Pneumonia/images/Viral Pneumonia-887.png,/Users/berfinaktas/Projects/covid_project_folders/jun26_bds_int_covid/data/raw/Viral Pneumonia/masks/Viral Pneumonia-887.png,Viral Pneumonia,Viral Pneumonia,True,0.07906855263110099,0.23773193359375,0.3325954213884361
/Users/berfinaktas/Projects/covid_project_folders/jun26_bds_int_covid/data/raw/Normal/images/Normal-8653.png,/Users/berfinaktas/Projects/covid_project_folders/jun26_bds_int_covid/data/raw/Normal/masks/Normal-8653.png,Normal,Normal,True,0.23643847097101614,0.35736083984375,0.6616238955404148
/Users/berfinaktas/Projects/covid_project_folders/jun26_bds_int_covid/data/raw/Normal/images/Normal-8967.png,/Users/berfinaktas/Projects/covid_project_folders/jun26_bds_int_covid/data/raw/Normal/masks/Normal-8967.png,Normal,Normal,True,0.18184974695115771,0.28131103515625,0.6464365923297392
/Users/berfinaktas/Projects/covid_project_folders/jun26_bds_int_covid/data/raw/Lung_Opacity/images/Lung_Opacity-3064.png,/Users/berfinaktas/Projects/covid_project_folders/jun26_bds_int_covid/data/raw/Lung_Opacity/masks/Lung_Opacity-3064.png,Lung_Opacity,Lung_Opacity,True,0.016078238806311547,0.3245849609375,0.04953476205389402
/Users/berfinaktas/Projects/covid_project_folders/jun26_bds_int_covid/data/raw/Normal/images/Normal-2306.png,/Users/berfinaktas/Projects/covid_project_folders/jun26_bds_int_covid/data/raw/Normal/masks/Normal-2306.png,Normal,Normal,True,0.268469265278235,0.421875,0.6363715917706311
/Users/berfinaktas/Projects/covid_project_folders/jun26_bds_int_covid/data/raw/Lung_Opacity/images/Lung_Opacity-4508.png,/Users/berfinaktas/Projects/covid_project_folders/jun26_bds_int_covid/data/raw/Lung_Opacity/masks/Lung_Opacity-4508.png,Lung_Opacity,Normal,False,0.14505279984334535,0.35101318359375,0.41324031866342725
/Users/berfinaktas/Projects/covid_project_folders/jun26_bds_int_covid/data/raw/Viral Pneumonia/images/Viral Pneumonia-163.png,/Users/berfinaktas/Projects/covid_project_folders/jun26_bds_int_covid/data/raw/Viral Pneumonia/masks/Viral Pneumonia-163.png,Viral Pneumonia,Viral Pneumonia,True,0.10882062689593232,0.34539794921875,0.31505869430340255
/Users/berfinaktas/Projects/covid_project_folders/jun26_bds_int_covid/data/raw/Viral Pneumonia/images/Viral Pneumonia-894.png,/Users/berfinaktas/Projects/covid_project_folders/jun26_bds_int_covid/data/raw/Viral Pneumonia/masks/Viral Pneumonia-894.png,Viral Pneumonia,Normal,False,0.15045809398797397,0.29248046875,0.5144209958052933
/Users/berfinaktas/Projects/covid_project_folders/jun26_bds_int_covid/data/raw/Lung_Opacity/images/Lung_Opacity-3932.png,/Users/berfinaktas/Projects/covid_project_folders/jun26_bds_int_covid/data/raw/Lung_Opacity/masks/Lung_Opacity-3932.png,Lung_Opacity,Lung_Opacity,True,0.039325875288404165,0.272705078125,0.14420661162157875
/Users/berfinaktas/Projects/covid_project_folders/jun26_bds_int_covid/data/raw/COVID/images/COVID-712.png,/Users/berfinaktas/Projects/covid_project_folders/jun26_bds_int_covid/data/raw/COVID/masks/COVID-712.png,COVID,COVID,True,0.5590119963375954,0.4912109375,1.1380283981107309
/Users/berfinaktas/Projects/covid_project_folders/jun26_bds_int_covid/data/raw/COVID/images/COVID-1678.png,/Users/berfinaktas/Projects/covid_project_folders/jun26_bds_int_covid/data/raw/COVID/masks/COVID-1678.png,COVID,COVID,True,0.38150595086921724,0.33795166015625,1.1288772799424336
/Users/berfinaktas/Projects/covid_project_folders/jun26_bds_int_covid/data/raw/Normal/images/Normal-9864.png,/Users/berfinaktas/Projects/covid_project_folders/jun26_bds_int_covid/data/raw/Normal/masks/Normal-9864.png,Normal,Normal,True,0.19989382386559038,0.36767578125,0.5436687267951249
/Users/berfinaktas/Projects/covid_project_folders/jun26_bds_int_covid/data/raw/Lung_Opacity/images/Lung_Opacity-5369.png,/Users/berfinaktas/Projects/covid_project_folders/jun26_bds_int_covid/data/raw/Lung_Opacity/masks/Lung_Opacity-5369.png,Lung_Opacity,Normal,False,0.27674197777084236,0.4036865234375,0.6855368254910011
/Users/berfinaktas/Projects/covid_project_folders/jun26_bds_int_covid/data/raw/COVID/images/COVID-1693.png,/Users/berfinaktas/Projects/covid_project_folders/jun26_bds_int_covid/data/raw/COVID/masks/COVID-1693.png,COVID,COVID,True,0.35328258796587064,0.27813720703125,1.2701737812668037
/Users/berfinaktas/Projects/covid_project_folders/jun26_bds_int_covid/data/raw/COVID/images/COVID-832.png,/Users/berfinaktas/Projects/covid_project_folders/jun26_bds_int_covid/data/raw/COVID/masks/COVID-832.png,COVID,COVID,True,0.3738947393296095,0.27691650390625,1.3502074959612789
/Users/berfinaktas/Projects/covid_project_folders/jun26_bds_int_covid/data/raw/Normal/images/Normal-446.png,/Users/berfinaktas/Projects/covid_project_folders/jun26_bds_int_covid/data/raw/Normal/masks/Normal-446.png,Normal,Normal,True,0.22408165538333719,0.3173828125,0.7060295849616531
/Users/berfinaktas/Projects/covid_project_folders/jun26_bds_int_covid/data/raw/Lung_Opacity/images/Lung_Opacity-856.png,/Users/berfinaktas/Projects/covid_project_folders/jun26_bds_int_covid/data/raw/Lung_Opacity/masks/Lung_Opacity-856.png,Lung_Opacity,Lung_Opacity,True,0.013395144053882252,0.35479736328125,0.03775435062425715
/Users/berfinaktas/Projects/covid_project_folders/jun26_bds_int_covid/data/raw/Lung_Opacity/images/Lung_Opacity-2594.png,/Users/berfinaktas/Projects/covid_project_folders/jun26_bds_int_covid/data/raw/Lung_Opacity/masks/Lung_Opacity-2594.png,Lung_Opacity,Lung_Opacity,True,0.014170560877471074,0.26092529296875,0.054308881734850545
/Users/berfinaktas/Projects/covid_project_folders/jun26_bds_int_covid/data/raw/COVID/images/COVID-2096.png,/Users/berfinaktas/Projects/covid_project_folders/jun26_bds_int_covid/data/raw/COVID/masks/COVID-2096.png,COVID,COVID,True,0.2732728823652595,0.36663818359375,0.7453475786036976
/Users/berfinaktas/Projects/covid_project_folders/jun26_bds_int_covid/data/raw/Lung_Opacity/images/Lung_Opacity-3031.png,/Users/berfinaktas/Projects/covid_project_folders/jun26_bds_int_covid/data/raw/Lung_Opacity/masks/Lung_Opacity-3031.png,Lung_Opacity,Normal,False,0.12449268108909073,0.2049560546875,0.6074115803941817
/Users/berfinaktas/Projects/covid_project_folders/jun26_bds_int_covid/data/raw/Normal/images/Normal-8577.png,/Users/berfinaktas/Projects/covid_project_folders/jun26_bds_int_covid/data/raw/Normal/masks/Normal-8577.png,Normal,COVID,False,0.31043518434828843,0.28216552734375,1.1001882025443126
/Users/berfinaktas/Projects/covid_project_folders/jun26_bds_int_covid/data/raw/Normal/images/Normal-9655.png,/Users/berfinaktas/Projects/covid_project_folders/jun26_bds_int_covid/data/raw/Normal/masks/Normal-9655.png,Normal,Normal,True,0.1359644775950944,0.36358642578125,0.3739536681077768
/Users/berfinaktas/Projects/covid_project_folders/jun26_bds_int_covid/data/raw/Lung_Opacity/images/Lung_Opacity-3923.png,/Users/berfinaktas/Projects/covid_project_folders/jun26_bds_int_covid/data/raw/Lung_Opacity/masks/Lung_Opacity-3923.png,Lung_Opacity,Lung_Opacity,True,0.04417380041675254,0.272705078125,0.1619837838021651
/Users/berfinaktas/Projects/covid_project_folders/jun26_bds_int_covid/data/raw/Lung_Opacity/images/Lung_Opacity-4589.png,/Users/berfinaktas/Projects/covid_project_folders/jun26_bds_int_covid/data/raw/Lung_Opacity/masks/Lung_Opacity-4589.png,Lung_Opacity,Normal,False,0.3266472312765593,0.3756103515625,0.8696438474545252
/Users/berfinaktas/Projects/covid_project_folders/jun26_bds_int_covid/data/raw/Normal/images/Normal-9821.png,/Users/berfinaktas/Projects/covid_project_folders/jun26_bds_int_covid/data/raw/Normal/masks/Normal-9821.png,Normal,Normal,True,0.2850182113947595,0.3690185546875,0.7723682394131227
/Users/berfinaktas/Projects/covid_project_folders/jun26_bds_int_covid/data/raw/Normal/images/Normal-9589.png,/Users/berfinaktas/Projects/covid_project_folders/jun26_bds_int_covid/data/raw/Normal/masks/Normal-9589.png,Normal,Normal,True,0.21335422731815026,0.35626220703125,0.5988685386980596
/Users/berfinaktas/Projects/covid_project_folders/jun26_bds_int_covid/data/raw/Lung_Opacity/images/Lung_Opacity-1793.png,/Users/berfinaktas/Projects/covid_project_folders/jun26_bds_int_covid/data/raw/Lung_Opacity/masks/Lung_Opacity-1793.png,Lung_Opacity,Lung_Opacity,True,0.030414753816314914,0.204345703125,0.14883970326359128
/Users/berfinaktas/Projects/covid_project_folders/jun26_bds_int_covid/data/raw/Normal/images/Normal-9859.png,/Users/berfinaktas/Projects/covid_project_folders/jun26_bds_int_covid/data/raw/Normal/masks/Normal-9859.png,Normal,Normal,True,0.24618593304811034,0.4244384765625,0.5800273694363302
/Users/berfinaktas/Projects/covid_project_folders/jun26_bds_int_covid/data/raw/COVID/images/COVID-1030.png,/Users/berfinaktas/Projects/covid_project_folders/jun26_bds_int_covid/data/raw/COVID/masks/COVID-1030.png,COVID,COVID,True,0.24392785109502135,0.3828125,0.637199284493117
/Users/berfinaktas/Projects/covid_project_folders/jun26_bds_int_covid/data/raw/Viral Pneumonia/images/Viral Pneumonia-130.png,/Users/berfinaktas/Projects/covid_project_folders/jun26_bds_int_covid/data/raw/Viral Pneumonia/masks/Viral Pneumonia-130.png,Viral Pneumonia,Viral Pneumonia,True,0.12257173901807623,0.32159423828125,0.381137857671695
/Users/berfinaktas/Projects/covid_project_folders/jun26_bds_int_covid/data/raw/Normal/images/Normal-5075.png,/Users/berfinaktas/Projects/covid_project_folders/jun26_bds_int_covid/data/raw/Normal/masks/Normal-5075.png,Normal,Normal,True,0.1954306932768,0.37615966796875,0.5195418592644964
/Users/berfinaktas/Projects/covid_project_folders/jun26_bds_int_covid/data/raw/Normal/images/Normal-2908.png,/Users/berfinaktas/Projects/covid_project_folders/jun26_bds_int_covid/data/raw/Normal/masks/Normal-2908.png,Normal,Normal,True,0.1211278755070514,0.399658203125,0.3030786671208812
/Users/berfinaktas/Projects/covid_project_folders/jun26_bds_int_covid/data/raw/Lung_Opacity/images/Lung_Opacity-5788.png,/Users/berfinaktas/Projects/covid_project_folders/jun26_bds_int_covid/data/raw/Lung_Opacity/masks/Lung_Opacity-5788.png,Lung_Opacity,Lung_Opacity,True,0.06306521759701056,0.33843994140625,0.18634094231008494
/Users/berfinaktas/Projects/covid_project_folders/jun26_bds_int_covid/data/raw/COVID/images/COVID-476.png,/Users/berfinaktas/Projects/covid_project_folders/jun26_bds_int_covid/data/raw/COVID/masks/COVID-476.png,COVID,COVID,True,0.2863251709877206,0.266845703125,1.0729989939301954
/Users/berfinaktas/Projects/covid_project_folders/jun26_bds_int_covid/data/raw/Lung_Opacity/images/Lung_Opacity-5072.png,/Users/berfinaktas/Projects/covid_project_folders/jun26_bds_int_covid/data/raw/Lung_Opacity/masks/Lung_Opacity-5072.png,Lung_Opacity,Lung_Opacity,True,0.00230387860280307,0.33734130859375,0.006829518188587932
/Users/berfinaktas/Projects/covid_project_folders/jun26_bds_int_covid/data/raw/COVID/images/COVID-1761.png,/Users/berfinaktas/Projects/covid_project_folders/jun26_bds_int_covid/data/raw/COVID/masks/COVID-1761.png,COVID,COVID,True,0.3233779902656417,0.27301025390625,1.1844902733092495
/Users/berfinaktas/Projects/covid_project_folders/jun26_bds_int_covid/data/raw/Lung_Opacity/images/Lung_Opacity-5096.png,/Users/berfinaktas/Projects/covid_project_folders/jun26_bds_int_covid/data/raw/Lung_Opacity/masks/Lung_Opacity-5096.png,Lung_Opacity,Normal,False,0.31167876986743115,0.38629150390625,0.8068486278255635
/Users/berfinaktas/Projects/covid_project_folders/jun26_bds_int_covid/data/raw/Normal/images/Normal-6064.png,/Users/berfinaktas/Projects/covid_project_folders/jun26_bds_int_covid/data/raw/Normal/masks/Normal-6064.png,Normal,Normal,True,0.21401180025016614,0.371826171875,0.5755694903642026
/Users/berfinaktas/Projects/covid_project_folders/jun26_bds_int_covid/data/raw/Lung_Opacity/images/Lung_Opacity-3924.png,/Users/berfinaktas/Projects/covid_project_folders/jun26_bds_int_covid/data/raw/Lung_Opacity/masks/Lung_Opacity-3924.png,Lung_Opacity,Lung_Opacity,True,0.029482844779809562,0.31488037109375,0.09363189162093426
/Users/berfinaktas/Projects/covid_project_folders/jun26_bds_int_covid/data/raw/Lung_Opacity/images/Lung_Opacity-4305.png,/Users/berfinaktas/Projects/covid_project_folders/jun26_bds_int_covid/data/raw/Lung_Opacity/masks/Lung_Opacity-4305.png,Lung_Opacity,Lung_Opacity,True,0.02755894854492963,0.35064697265625,0.07859457144649731
/Users/berfinaktas/Projects/covid_project_folders/jun26_bds_int_covid/data/raw/Viral Pneumonia/images/Viral Pneumonia-423.png,/Users/berfinaktas/Projects/covid_project_folders/jun26_bds_int_covid/data/raw/Viral Pneumonia/masks/Viral Pneumonia-423.png,Viral Pneumonia,Viral Pneumonia,True,0.09809048949040948,0.246337890625,0.39819489093430843
/Users/berfinaktas/Projects/covid_project_folders/jun26_bds_int_covid/data/raw/Normal/images/Normal-9091.png,/Users/berfinaktas/Projects/covid_project_folders/jun26_bds_int_covid/data/raw/Normal/masks/Normal-9091.png,Normal,Normal,True,0.1607189659144049,0.29925537109375,0.5370629283176851
/Users/berfinaktas/Projects/covid_project_folders/jun26_bds_int_covid/data/raw/Normal/images/Normal-8968.png,/Users/berfinaktas/Projects/covid_project_folders/jun26_bds_int_covid/data/raw/Normal/masks/Normal-8968.png,Normal,Normal,True,0.22220224434546673,0.3001708984375,0.7402524545254426
/Users/berfinaktas/Projects/covid_project_folders/jun26_bds_int_covid/data/raw/Lung_Opacity/images/Lung_Opacity-1986.png,/Users/berfinaktas/Projects/covid_project_folders/jun26_bds_int_covid/data/raw/Lung_Opacity/masks/Lung_Opacity-1986.png,Lung_Opacity,Lung_Opacity,True,0.1714704217955794,0.3424072265625,0.5007792140283017
/Users/berfinaktas/Projects/covid_project_folders/jun26_bds_int_covid/data/raw/Normal/images/Normal-2048.png,/Users/berfinaktas/Projects/covid_project_folders/jun26_bds_int_covid/data/raw/Normal/masks/Normal-2048.png,Normal,Normal,True,0.24374790298907473,0.35357666015625,0.6893778081431038
/Users/berfinaktas/Projects/covid_project_folders/jun26_bds_int_covid/data/raw/Normal/images/Normal-2658.png,/Users/berfinaktas/Projects/covid_project_folders/jun26_bds_int_covid/data/raw/Normal/masks/Normal-2658.png,Normal,Normal,True,0.13709105983826658,0.35296630859375,0.3883970126906726
/Users/berfinaktas/Projects/covid_project_folders/jun26_bds_int_covid/data/raw/Normal/images/Normal-1602.png,/Users/berfinaktas/Projects/covid_project_folders/jun26_bds_int_covid/data/raw/Normal/masks/Normal-1602.png,Normal,Normal,True,0.1737192885198556,0.3699951171875,0.46951778672209077
/Users/berfinaktas/Projects/covid_project_folders/jun26_bds_int_covid/data/raw/Normal/images/Normal-1437.png,/Users/berfinaktas/Projects/covid_project_folders/jun26_bds_int_covid/data/raw/Normal/masks/Normal-1437.png,Normal,Normal,True,0.2304197136450899,0.37603759765625,0.6127571154619628
/Users/berfinaktas/Projects/covid_project_folders/jun26_bds_int_covid/data/raw/COVID/images/COVID-1008.png,/Users/berfinaktas/Projects/covid_project_folders/jun26_bds_int_covid/data/raw/COVID/masks/COVID-1008.png,COVID,COVID,True,0.3667909685216932,0.3115234375,1.1774105071041185
/Users/berfinaktas/Projects/covid_project_folders/jun26_bds_int_covid/data/raw/Normal/images/Normal-2245.png,/Users/berfinaktas/Projects/covid_project_folders/jun26_bds_int_covid/data/raw/Normal/masks/Normal-2245.png,Normal,Normal,True,0.1553703111094873,0.35693359375,0.43529192496885083
/Users/berfinaktas/Projects/covid_project_folders/jun26_bds_int_covid/data/raw/Lung_Opacity/images/Lung_Opacity-4612.png,/Users/berfinaktas/Projects/covid_project_folders/jun26_bds_int_covid/data/raw/Lung_Opacity/masks/Lung_Opacity-4612.png,Lung_Opacity,Lung_Opacity,True,0.028333634085904395,0.2794189453125,0.10140197921875439
/Users/berfinaktas/Projects/covid_project_folders/jun26_bds_int_covid/data/raw/Lung_Opacity/images/Lung_Opacity-5406.png,/Users/berfinaktas/Projects/covid_project_folders/jun26_bds_int_covid/data/raw/Lung_Opacity/masks/Lung_Opacity-5406.png,Lung_Opacity,COVID,False,0.40390019053009485,0.32843017578125,1.2297901359682353
/Users/berfinaktas/Projects/covid_project_folders/jun26_bds_int_covid/data/raw/Normal/images/Normal-4299.png,/Users/berfinaktas/Projects/covid_project_folders/jun26_bds_int_covid/data/raw/Normal/masks/Normal-4299.png,Normal,Normal,True,0.14703861839496873,0.3111572265625,0.47255408469658056
/Users/berfinaktas/Projects/covid_project_folders/jun26_bds_int_covid/data/raw/Normal/images/Normal-7890.png,/Users/berfinaktas/Projects/covid_project_folders/jun26_bds_int_covid/data/raw/Normal/masks/Normal-7890.png,Normal,Normal,True,0.11682086002032538,0.35101318359375,0.3328104626278927
/Users/berfinaktas/Projects/covid_project_folders/jun26_bds_int_covid/data/raw/Normal/images/Normal-5132.png,/Users/berfinaktas/Projects/covid_project_folders/jun26_bds_int_covid/data/raw/Normal/masks/Normal-5132.png,Normal,Normal,True,0.20051038238831956,0.37896728515625,0.5290968118940614
/Users/berfinaktas/Projects/covid_project_folders/jun26_bds_int_covid/data/raw/COVID/images/COVID-1449.png,/Users/berfinaktas/Projects/covid_project_folders/jun26_bds_int_covid/data/raw/COVID/masks/COVID-1449.png,COVID,COVID,True,0.31653954841143234,0.4027099609375,0.7860236376436659
/Users/berfinaktas/Projects/covid_project_folders/jun26_bds_int_covid/data/raw/Normal/images/Normal-8043.png,/Users/berfinaktas/Projects/covid_project_folders/jun26_bds_int_covid/data/raw/Normal/masks/Normal-8043.png,Normal,Normal,True,0.1511990852138178,0.24169921875,0.6255671242785836
/Users/berfinaktas/Projects/covid_project_folders/jun26_bds_int_covid/data/raw/Normal/images/Normal-8861.png,/Users/berfinaktas/Projects/covid_project_folders/jun26_bds_int_covid/data/raw/Normal/masks/Normal-8861.png,Normal,Normal,True,0.2278721700849079,0.42669677734375,0.5340377105809084
/Users/berfinaktas/Projects/covid_project_folders/jun26_bds_int_covid/data/raw/Lung_Opacity/images/Lung_Opacity-3253.png,/Users/berfinaktas/Projects/covid_project_folders/jun26_bds_int_covid/data/raw/Lung_Opacity/masks/Lung_Opacity-3253.png,Lung_Opacity,Normal,False,0.22567095991981911,0.2723388671875,0.8286402974734013
/Users/berfinaktas/Projects/covid_project_folders/jun26_bds_int_covid/data/raw/Normal/images/Normal-6863.png,/Users/berfinaktas/Projects/covid_project_folders/jun26_bds_int_covid/data/raw/Normal/masks/Normal-6863.png,Normal,Normal,True,0.29284969561616264,0.40557861328125,0.7220540877314083
/Users/berfinaktas/Projects/covid_project_folders/jun26_bds_int_covid/data/raw/Normal/images/Normal-5361.png,/Users/berfinaktas/Projects/covid_project_folders/jun26_bds_int_covid/data/raw/Normal/masks/Normal-5361.png,Normal,Normal,True,0.3084723630537948,0.39178466796875,0.7873517987651306
/Users/berfinaktas/Projects/covid_project_folders/jun26_bds_int_covid/data/raw/Normal/images/Normal-4534.png,/Users/berfinaktas/Projects/covid_project_folders/jun26_bds_int_covid/data/raw/Normal/masks/Normal-4534.png,Normal,Normal,True,0.13977456689722687,0.31231689453125,0.4475408450350137
/Users/berfinaktas/Projects/covid_project_folders/jun26_bds_int_covid/data/raw/Normal/images/Normal-7922.png,/Users/berfinaktas/Projects/covid_project_folders/jun26_bds_int_covid/data/raw/Normal/masks/Normal-7922.png,Normal,COVID,False,0.3117175649972802,0.38507080078125,0.809507146127031
/Users/berfinaktas/Projects/covid_project_folders/jun26_bds_int_covid/data/raw/Normal/images/Normal-5997.png,/Users/berfinaktas/Projects/covid_project_folders/jun26_bds_int_covid/data/raw/Normal/masks/Normal-5997.png,Normal,Normal,True,0.33140147020203425,0.44842529296875,0.7390338488893602
/Users/berfinaktas/Projects/covid_project_folders/jun26_bds_int_covid/data/raw/Lung_Opacity/images/Lung_Opacity-384.png,/Users/berfinaktas/Projects/covid_project_folders/jun26_bds_int_covid/data/raw/Lung_Opacity/masks/Lung_Opacity-384.png,Lung_Opacity,Lung_Opacity,True,0.05900114096354686,0.49468994140625,0.11926893196135123
/Users/berfinaktas/Projects/covid_project_folders/jun26_bds_int_covid/data/raw/Lung_Opacity/images/Lung_Opacity-1106.png,/Users/berfinaktas/Projects/covid_project_folders/jun26_bds_int_covid/data/raw/Lung_Opacity/masks/Lung_Opacity-1106.png,Lung_Opacity,Lung_Opacity,True,0.010493883148804062,0.2862548828125,0.03665922846695219
/Users/berfinaktas/Projects/covid_project_folders/jun26_bds_int_covid/data/raw/Normal/images/Normal-2220.png,/Users/berfinaktas/Projects/covid_project_folders/jun26_bds_int_covid/data/raw/Normal/masks/Normal-2220.png,Normal,Normal,True,0.2544271989027643,0.3702392578125,0.6871967073562297
/Users/berfinaktas/Projects/covid_project_folders/jun26_bds_int_covid/data/raw/Normal/images/Normal-8367.png,/Users/berfinaktas/Projects/covid_project_folders/jun26_bds_int_covid/data/raw/Normal/masks/Normal-8367.png,Normal,COVID,False,0.37467304848669647,0.376708984375,0.9945954676613796
/Users/berfinaktas/Projects/covid_project_folders/jun26_bds_int_covid/data/raw/Lung_Opacity/images/Lung_Opacity-882.png,/Users/berfinaktas/Projects/covid_project_folders/jun26_bds_int_covid/data/raw/Lung_Opacity/masks/Lung_Opacity-882.png,Lung_Opacity,Normal,False,0.25329881016894246,0.4376220703125,0.5788072114097563
/Users/berfinaktas/Projects/covid_project_folders/jun26_bds_int_covid/data/raw/Lung_Opacity/images/Lung_Opacity-5621.png,/Users/berfinaktas/Projects/covid_project_folders/jun26_bds_int_covid/data/raw/Lung_Opacity/masks/Lung_Opacity-5621.png,Lung_Opacity,Lung_Opacity,True,0.04826766478717325,0.3685302734375,0.13097340508000108
/Users/berfinaktas/Projects/covid_project_folders/jun26_bds_int_covid/data/raw/Normal/images/Normal-5137.png,/Users/berfinaktas/Projects/covid_project_folders/jun26_bds_int_covid/data/raw/Normal/masks/Normal-5137.png,Normal,Normal,True,0.21106526238384965,0.37762451171875,0.5589289249873918
/Users/berfinaktas/Projects/covid_project_folders/jun26_bds_int_covid/data/raw/Viral Pneumonia/images/Viral Pneumonia-1123.png,/Users/berfinaktas/Projects/covid_project_folders/jun26_bds_int_covid/data/raw/Viral Pneumonia/masks/Viral Pneumonia-1123.png,Viral Pneumonia,Viral Pneumonia,True,0.11760005316057935,0.23736572265625,0.49543822858908
/Users/berfinaktas/Projects/covid_project_folders/jun26_bds_int_covid/data/raw/Lung_Opacity/images/Lung_Opacity-5442.png,/Users/berfinaktas/Projects/covid_project_folders/jun26_bds_int_covid/data/raw/Lung_Opacity/masks/Lung_Opacity-5442.png,Lung_Opacity,Lung_Opacity,True,0.06219937921333055,0.36944580078125,0.16835860383796591
/Users/berfinaktas/Projects/covid_project_folders/jun26_bds_int_covid/data/raw/Viral Pneumonia/images/Viral Pneumonia-753.png,/Users/berfinaktas/Projects/covid_project_folders/jun26_bds_int_covid/data/raw/Viral Pneumonia/masks/Viral Pneumonia-753.png,Viral Pneumonia,Viral Pneumonia,True,0.16602748560395222,0.303955078125,0.5462237598664966
/Users/berfinaktas/Projects/covid_project_folders/jun26_bds_int_covid/data/raw/COVID/images/COVID-1592.png,/Users/berfinaktas/Projects/covid_project_folders/jun26_bds_int_covid/data/raw/COVID/masks/COVID-1592.png,COVID,Normal,False,0.35048941496474845,0.3975830078125,0.8815502878081729
/Users/berfinaktas/Projects/covid_project_folders/jun26_bds_int_covid/data/raw/Viral Pneumonia/images/Viral Pneumonia-324.png,/Users/berfinaktas/Projects/covid_project_folders/jun26_bds_int_covid/data/raw/Viral Pneumonia/masks/Viral Pneumonia-324.png,Viral Pneumonia,Normal,False,0.2650493166656523,0.28741455078125,0.9221847535039387
/Users/berfinaktas/Projects/covid_project_folders/jun26_bds_int_covid/data/raw/Lung_Opacity/images/Lung_Opacity-1890.png,/Users/berfinaktas/Projects/covid_project_folders/jun26_bds_int_covid/data/raw/Lung_Opacity/masks/Lung_Opacity-1890.png,Lung_Opacity,Normal,False,0.3825127253825977,0.33251953125,1.150346639623436
/Users/berfinaktas/Projects/covid_project_folders/jun26_bds_int_covid/data/raw/Lung_Opacity/images/Lung_Opacity-5101.png,/Users/berfinaktas/Projects/covid_project_folders/jun26_bds_int_covid/data/raw/Lung_Opacity/masks/Lung_Opacity-5101.png,Lung_Opacity,Lung_Opacity,True,0.05343080830032918,0.3486328125,0.153258116805426
/Users/berfinaktas/Projects/covid_project_folders/jun26_bds_int_covid/data/raw/Normal/images/Normal-9505.png,/Users/berfinaktas/Projects/covid_project_folders/jun26_bds_int_covid/data/raw/Normal/masks/Normal-9505.png,Normal,Normal,True,0.16334664692993248,0.28216552734375,0.5789036260653285
/Users/berfinaktas/Projects/covid_project_folders/jun26_bds_int_covid/data/raw/Normal/images/Normal-8990.png,/Users/berfinaktas/Projects/covid_project_folders/jun26_bds_int_covid/data/raw/Normal/masks/Normal-8990.png,Normal,Lung_Opacity,False,0.01379667575949155,0.3626708984375,0.03804186059298377
/Users/berfinaktas/Projects/covid_project_folders/jun26_bds_int_covid/data/raw/Viral Pneumonia/images/Viral Pneumonia-775.png,/Users/berfinaktas/Projects/covid_project_folders/jun26_bds_int_covid/data/raw/Viral Pneumonia/masks/Viral Pneumonia-775.png,Viral Pneumonia,Viral Pneumonia,True,0.22943723168279118,0.35174560546875,0.6522817289416711
/Users/berfinaktas/Projects/covid_project_folders/jun26_bds_int_covid/data/raw/Normal/images/Normal-7178.png,/Users/berfinaktas/Projects/covid_project_folders/jun26_bds_int_covid/data/raw/Normal/masks/Normal-7178.png,Normal,Normal,True,0.23822289580731024,0.4246826171875,0.5609433637405822
/Users/berfinaktas/Projects/covid_project_folders/jun26_bds_int_covid/data/raw/COVID/images/COVID-900.png,/Users/berfinaktas/Projects/covid_project_folders/jun26_bds_int_covid/data/raw/COVID/masks/COVID-900.png,COVID,COVID,True,0.41409462254142243,0.3812255859375,1.0862193877231292
/Users/berfinaktas/Projects/covid_project_folders/jun26_bds_int_covid/data/raw/COVID/images/COVID-2974.png,/Users/berfinaktas/Projects/covid_project_folders/jun26_bds_int_covid/data/raw/COVID/masks/COVID-2974.png,COVID,Normal,False,0.20435852690121684,0.35943603515625,0.5685532526319471
/Users/berfinaktas/Projects/covid_project_folders/jun26_bds_int_covid/data/raw/Normal/images/Normal-205.png,/Users/berfinaktas/Projects/covid_project_folders/jun26_bds_int_covid/data/raw/Normal/masks/Normal-205.png,Normal,Normal,True,0.23634706713907067,0.2501220703125,0.9449268784789003
/Users/berfinaktas/Projects/covid_project_folders/jun26_bds_int_covid/data/raw/Lung_Opacity/images/Lung_Opacity-5716.png,/Users/berfinaktas/Projects/covid_project_folders/jun26_bds_int_covid/data/raw/Lung_Opacity/masks/Lung_Opacity-5716.png,Lung_Opacity,Lung_Opacity,True,0.022967549978934354,0.30633544921875,0.0749751621547839
/Users/berfinaktas/Projects/covid_project_folders/jun26_bds_int_covid/data/raw/Lung_Opacity/images/Lung_Opacity-5111.png,/Users/berfinaktas/Projects/covid_project_folders/jun26_bds_int_covid/data/raw/Lung_Opacity/masks/Lung_Opacity-5111.png,Lung_Opacity,Normal,False,0.18661056294833256,0.27691650390625,0.6738874726351071
/Users/berfinaktas/Projects/covid_project_folders/jun26_bds_int_covid/data/raw/Normal/images/Normal-10056.png,/Users/berfinaktas/Projects/covid_project_folders/jun26_bds_int_covid/data/raw/Normal/masks/Normal-10056.png,Normal,Normal,True,0.20545898889743763,0.35723876953125,0.5751307148634236
/Users/berfinaktas/Projects/covid_project_folders/jun26_bds_int_covid/data/raw/Normal/images/Normal-9227.png,/Users/berfinaktas/Projects/covid_project_folders/jun26_bds_int_covid/data/raw/Normal/masks/Normal-9227.png,Normal,Lung_Opacity,False,0.037457200485723735,0.3790283203125,0.09882427902706886
/Users/berfinaktas/Projects/covid_project_folders/jun26_bds_int_covid/data/raw/Normal/images/Normal-7076.png,/Users/berfinaktas/Projects/covid_project_folders/jun26_bds_int_covid/data/raw/Normal/masks/Normal-7076.png,Normal,Normal,True,0.15641618599455534,0.39434814453125,0.3966449143065771
/Users/berfinaktas/Projects/covid_project_folders/jun26_bds_int_covid/data/raw/Lung_Opacity/images/Lung_Opacity-3565.png,/Users/berfinaktas/Projects/covid_project_folders/jun26_bds_int_covid/data/raw/Lung_Opacity/masks/Lung_Opacity-3565.png,Lung_Opacity,Normal,False,0.1780189972162475,0.260986328125,0.6821008536929372
/Users/berfinaktas/Projects/covid_project_folders/jun26_bds_int_covid/data/raw/Normal/images/Normal-997.png,/Users/berfinaktas/Projects/covid_project_folders/jun26_bds_int_covid/data/raw/Normal/masks/Normal-997.png,Normal,Normal,True,0.2501060122973129,0.37548828125,0.6660820717618944
/Users/berfinaktas/Projects/covid_project_folders/jun26_bds_int_covid/data/raw/COVID/images/COVID-2049.png,/Users/berfinaktas/Projects/covid_project_folders/jun26_bds_int_covid/data/raw/COVID/masks/COVID-2049.png,COVID,Normal,False,0.28385738549945483,0.3602294921875,0.787990410712143
/Users/berfinaktas/Projects/covid_project_folders/jun26_bds_int_covid/data/raw/Normal/images/Normal-3935.png,/Users/berfinaktas/Projects/covid_project_folders/jun26_bds_int_covid/data/raw/Normal/masks/Normal-3935.png,Normal,Normal,True,0.24701202444181594,0.35540771484375,0.6950103054189786
/Users/berfinaktas/Projects/covid_project_folders/jun26_bds_int_covid/data/raw/Normal/images/Normal-4063.png,/Users/berfinaktas/Projects/covid_project_folders/jun26_bds_int_covid/data/raw/Normal/masks/Normal-4063.png,Normal,Normal,True,0.2707362558516227,0.3555908203125,0.7613702052648449
/Users/berfinaktas/Projects/covid_project_folders/jun26_bds_int_covid/data/raw/COVID/images/COVID-1751.png,/Users/berfinaktas/Projects/covid_project_folders/jun26_bds_int_covid/data/raw/COVID/masks/COVID-1751.png,COVID,COVID,True,0.4147309289895322,0.3438720703125,1.2060616862911777
/Users/berfinaktas/Projects/covid_project_folders/jun26_bds_int_covid/data/raw/Lung_Opacity/images/Lung_Opacity-2174.png,/Users/berfinaktas/Projects/covid_project_folders/jun26_bds_int_covid/data/raw/Lung_Opacity/masks/Lung_Opacity-2174.png,Lung_Opacity,Lung_Opacity,True,0.05414461729151109,0.36614990234375,0.1478755475419433
/Users/berfinaktas/Projects/covid_project_folders/jun26_bds_int_covid/data/raw/Normal/images/Normal-956.png,/Users/berfinaktas/Projects/covid_project_folders/jun26_bds_int_covid/data/raw/Normal/masks/Normal-956.png,Normal,Normal,True,0.2009125794155952,0.26824951171875,0.7489764962787513
/Users/berfinaktas/Projects/covid_project_folders/jun26_bds_int_covid/data/raw/Lung_Opacity/images/Lung_Opacity-1346.png,/Users/berfinaktas/Projects/covid_project_folders/jun26_bds_int_covid/data/raw/Lung_Opacity/masks/Lung_Opacity-1346.png,Lung_Opacity,Lung_Opacity,True,0.06987968611897218,0.28741455078125,0.24313204021517099
/Users/berfinaktas/Projects/covid_project_folders/jun26_bds_int_covid/data/raw/Normal/images/Normal-6225.png,/Users/berfinaktas/Projects/covid_project_folders/jun26_bds_int_covid/data/raw/Normal/masks/Normal-6225.png,Normal,Normal,True,0.22566415090245776,0.36480712890625,0.6185848165276674
/Users/berfinaktas/Projects/covid_project_folders/jun26_bds_int_covid/data/raw/Normal/images/Normal-420.png,/Users/berfinaktas/Projects/covid_project_folders/jun26_bds_int_covid/data/raw/Normal/masks/Normal-420.png,Normal,Normal,True,0.24843529313682897,0.26763916015625,0.9282471705253833
/Users/berfinaktas/Projects/covid_project_folders/jun26_bds_int_covid/data/raw/Normal/images/Normal-4611.png,/Users/berfinaktas/Projects/covid_project_folders/jun26_bds_int_covid/data/raw/Normal/masks/Normal-4611.png,Normal,Normal,True,0.17835341862566215,0.357666015625,0.49865911446464994
/Users/berfinaktas/Projects/covid_project_folders/jun26_bds_int_covid/data/raw/Lung_Opacity/images/Lung_Opacity-3354.png,/Users/berfinaktas/Projects/covid_project_folders/jun26_bds_int_covid/data/raw/Lung_Opacity/masks/Lung_Opacity-3354.png,Lung_Opacity,Lung_Opacity,True,0.08929438886980921,0.36761474609375,0.24290208654208104
/Users/berfinaktas/Projects/covid_project_folders/jun26_bds_int_covid/data/raw/Normal/images/Normal-9603.png,/Users/berfinaktas/Projects/covid_project_folders/jun26_bds_int_covid/data/raw/Normal/masks/Normal-9603.png,Normal,Normal,True,0.28620671704360773,0.35882568359375,0.7976204885256793
/Users/berfinaktas/Projects/covid_project_folders/jun26_bds_int_covid/data/raw/Normal/images/Normal-9261.png,/Users/berfinaktas/Projects/covid_project_folders/jun26_bds_int_covid/data/raw/Normal/masks/Normal-9261.png,Normal,Normal,True,0.24976027099613057,0.30029296875,0.8317220081302039
/Users/berfinaktas/Projects/covid_project_folders/jun26_bds_int_covid/data/raw/Normal/images/Normal-8986.png,/Users/berfinaktas/Projects/covid_project_folders/jun26_bds_int_covid/data/raw/Normal/masks/Normal-8986.png,Normal,Normal,True,0.1681121550697327,0.39459228515625,0.42604014673820584
/Users/berfinaktas/Projects/covid_project_folders/jun26_bds_int_covid/data/raw/Lung_Opacity/images/Lung_Opacity-4345.png,/Users/berfinaktas/Projects/covid_project_folders/jun26_bds_int_covid/data/raw/Lung_Opacity/masks/Lung_Opacity-4345.png,Lung_Opacity,Lung_Opacity,True,0.033787997675129536,0.3431396484375,0.09846719208632557
/Users/berfinaktas/Projects/covid_project_folders/jun26_bds_int_covid/data/raw/Normal/images/Normal-1857.png,/Users/berfinaktas/Projects/covid_project_folders/jun26_bds_int_covid/data/raw/Normal/masks/Normal-1857.png,Normal,Normal,True,0.17700932339485695,0.2642822265625,0.6697738463051585
/Users/berfinaktas/Projects/covid_project_folders/jun26_bds_int_covid/data/raw/Normal/images/Normal-2225.png,/Users/berfinaktas/Projects/covid_project_folders/jun26_bds_int_covid/data/raw/Normal/masks/Normal-2225.png,Normal,COVID,False,0.2184936821297144,0.33599853515625,0.6502816508652571
/Users/berfinaktas/Projects/covid_project_folders/jun26_bds_int_covid/data/raw/Normal/images/Normal-1778.png,/Users/berfinaktas/Projects/covid_project_folders/jun26_bds_int_covid/data/raw/Normal/masks/Normal-1778.png,Normal,Normal,True,0.24144596474656796,0.3594970703125,0.6716215087279744
/Users/berfinaktas/Projects/covid_project_folders/jun26_bds_int_covid/data/raw/Lung_Opacity/images/Lung_Opacity-1878.png,/Users/berfinaktas/Projects/covid_project_folders/jun26_bds_int_covid/data/raw/Lung_Opacity/masks/Lung_Opacity-1878.png,Lung_Opacity,COVID,False,0.48925281134983,0.34259033203125,1.4280987103430633
/Users/berfinaktas/Projects/covid_project_folders/jun26_bds_int_covid/data/raw/Normal/images/Normal-3971.png,/Users/berfinaktas/Projects/covid_project_folders/jun26_bds_int_covid/data/raw/Normal/masks/Normal-3971.png,Normal,Normal,True,0.2106300068206438,0.38043212890625,0.5536598799533817
/Users/berfinaktas/Projects/covid_project_folders/jun26_bds_int_covid/data/raw/Normal/images/Normal-6522.png,/Users/berfinaktas/Projects/covid_project_folders/jun26_bds_int_covid/data/raw/Normal/masks/Normal-6522.png,Normal,Normal,True,0.1940375201439463,0.43505859375,0.44600318883816165
/Users/berfinaktas/Projects/covid_project_folders/jun26_bds_int_covid/data/raw/Viral Pneumonia/images/Viral Pneumonia-1270.png,/Users/berfinaktas/Projects/covid_project_folders/jun26_bds_int_covid/data/raw/Viral Pneumonia/masks/Viral Pneumonia-1270.png,Viral Pneumonia,Viral Pneumonia,True,0.10615672843174444,0.2626953125,0.40410591046136174
/Users/berfinaktas/Projects/covid_project_folders/jun26_bds_int_covid/data/raw/Normal/images/Normal-8904.png,/Users/berfinaktas/Projects/covid_project_folders/jun26_bds_int_covid/data/raw/Normal/masks/Normal-8904.png,Normal,Normal,True,0.2636456557178362,0.4473876953125,0.5893001941720366
/Users/berfinaktas/Projects/covid_project_folders/jun26_bds_int_covid/data/raw/Normal/images/Normal-2009.png,/Users/berfinaktas/Projects/covid_project_folders/jun26_bds_int_covid/data/raw/Normal/masks/Normal-2009.png,Normal,Normal,True,0.2659737918993913,0.337890625,0.7871594303612043
/Users/berfinaktas/Projects/covid_project_folders/jun26_bds_int_covid/data/raw/Lung_Opacity/images/Lung_Opacity-1853.png,/Users/berfinaktas/Projects/covid_project_folders/jun26_bds_int_covid/data/raw/Lung_Opacity/masks/Lung_Opacity-1853.png,Lung_Opacity,Lung_Opacity,True,0.1402574448896984,0.381103515625,0.3680297849251792
/Users/berfinaktas/Projects/covid_project_folders/jun26_bds_int_covid/data/raw/Lung_Opacity/images/Lung_Opacity-362.png,/Users/berfinaktas/Projects/covid_project_folders/jun26_bds_int_covid/data/raw/Lung_Opacity/masks/Lung_Opacity-362.png,Lung_Opacity,Normal,False,0.10609457495109505,0.2803955078125,0.378374731388494
/Users/berfinaktas/Projects/covid_project_folders/jun26_bds_int_covid/data/raw/Normal/images/Normal-9067.png,/Users/berfinaktas/Projects/covid_project_folders/jun26_bds_int_covid/data/raw/Normal/masks/Normal-9067.png,Normal,Viral Pneumonia,False,0.09898266757791929,0.37469482421875,0.26416876129607914
/Users/berfinaktas/Projects/covid_project_folders/jun26_bds_int_covid/data/raw/Viral Pneumonia/images/Viral Pneumonia-1275.png,/Users/berfinaktas/Projects/covid_project_folders/jun26_bds_int_covid/data/raw/Viral Pneumonia/masks/Viral Pneumonia-1275.png,Viral Pneumonia,Viral Pneumonia,True,0.12947597074683923,0.3280029296875,0.39474028744254075
/Users/berfinaktas/Projects/covid_project_folders/jun26_bds_int_covid/data/raw/Lung_Opacity/images/Lung_Opacity-3945.png,/Users/berfinaktas/Projects/covid_project_folders/jun26_bds_int_covid/data/raw/Lung_Opacity/masks/Lung_Opacity-3945.png,Lung_Opacity,Lung_Opacity,True,0.013425887219408003,0.320068359375,0.04194693672821905
/Users/berfinaktas/Projects/covid_project_folders/jun26_bds_int_covid/data/raw/Normal/images/Normal-3.png,/Users/berfinaktas/Projects/covid_project_folders/jun26_bds_int_covid/data/raw/Normal/masks/Normal-3.png,Normal,Normal,True,0.16612648555493725,0.2806396484375,0.5919565766272492
/Users/berfinaktas/Projects/covid_project_folders/jun26_bds_int_covid/data/raw/Lung_Opacity/images/Lung_Opacity-3286.png,/Users/berfinaktas/Projects/covid_project_folders/jun26_bds_int_covid/data/raw/Lung_Opacity/masks/Lung_Opacity-3286.png,Lung_Opacity,Lung_Opacity,True,0.026204546825808743,0.3048095703125,0.08597022330677823
/Users/berfinaktas/Projects/covid_project_folders/jun26_bds_int_covid/data/raw/Normal/images/Normal-8870.png,/Users/berfinaktas/Projects/covid_project_folders/jun26_bds_int_covid/data/raw/Normal/masks/Normal-8870.png,Normal,Normal,True,0.22361527612335033,0.32122802734375,0.6961262937497571
/Users/berfinaktas/Projects/covid_project_folders/jun26_bds_int_covid/data/raw/Normal/images/Normal-8214.png,/Users/berfinaktas/Projects/covid_project_folders/jun26_bds_int_covid/data/raw/Normal/masks/Normal-8214.png,Normal,COVID,False,0.5658545917157582,0.412109375,1.373068961888475
/Users/berfinaktas/Projects/covid_project_folders/jun26_bds_int_covid/data/raw/Normal/images/Normal-6406.png,/Users/berfinaktas/Projects/covid_project_folders/jun26_bds_int_covid/data/raw/Normal/masks/Normal-6406.png,Normal,Normal,True,0.1598361955343892,0.34161376953125,0.46788569369938054
/Users/berfinaktas/Projects/covid_project_folders/jun26_bds_int_covid/data/raw/Normal/images/Normal-6780.png,/Users/berfinaktas/Projects/covid_project_folders/jun26_bds_int_covid/data/raw/Normal/masks/Normal-6780.png,Normal,Normal,True,0.2200174248873594,0.35784912109375,0.6148329335416163
/Users/berfinaktas/Projects/covid_project_folders/jun26_bds_int_covid/data/raw/Normal/images/Normal-6619.png,/Users/berfinaktas/Projects/covid_project_folders/jun26_bds_int_covid/data/raw/Normal/masks/Normal-6619.png,Normal,Normal,True,0.23358744534214182,0.284912109375,0.8198579058452553
/Users/berfinaktas/Projects/covid_project_folders/jun26_bds_int_covid/data/raw/Normal/images/Normal-3534.png,/Users/berfinaktas/Projects/covid_project_folders/jun26_bds_int_covid/data/raw/Normal/masks/Normal-3534.png,Normal,Normal,True,0.10008713706845655,0.34442138671875,0.29059501217961936
/Users/berfinaktas/Projects/covid_project_folders/jun26_bds_int_covid/data/raw/COVID/images/COVID-3154.png,/Users/berfinaktas/Projects/covid_project_folders/jun26_bds_int_covid/data/raw/COVID/masks/COVID-3154.png,COVID,Normal,False,0.1936708100811294,0.29498291015625,0.656549255611261
/Users/berfinaktas/Projects/covid_project_folders/jun26_bds_int_covid/data/raw/Lung_Opacity/images/Lung_Opacity-5589.png,/Users/berfinaktas/Projects/covid_project_folders/jun26_bds_int_covid/data/raw/Lung_Opacity/masks/Lung_Opacity-5589.png,Lung_Opacity,COVID,False,0.39064597443641935,0.28741455078125,1.3591725727683786
/Users/berfinaktas/Projects/covid_project_folders/jun26_bds_int_covid/data/raw/COVID/images/COVID-662.png,/Users/berfinaktas/Projects/covid_project_folders/jun26_bds_int_covid/data/raw/COVID/masks/COVID-662.png,COVID,COVID,True,0.4086671476987773,0.32342529296875,1.2635596429320188
/Users/berfinaktas/Projects/covid_project_folders/jun26_bds_int_covid/data/raw/Lung_Opacity/images/Lung_Opacity-1523.png,/Users/berfinaktas/Projects/covid_project_folders/jun26_bds_int_covid/data/raw/Lung_Opacity/masks/Lung_Opacity-1523.png,Lung_Opacity,Lung_Opacity,True,0.013883740010541995,0.3837890625,0.036175444709402045
/Users/berfinaktas/Projects/covid_project_folders/jun26_bds_int_covid/data/raw/Lung_Opacity/images/Lung_Opacity-62.png,/Users/berfinaktas/Projects/covid_project_folders/jun26_bds_int_covid/data/raw/Lung_Opacity/masks/Lung_Opacity-62.png,Lung_Opacity,Normal,False,0.23713964793839443,0.41851806640625,0.5666174700047621
/Users/berfinaktas/Projects/covid_project_folders/jun26_bds_int_covid/data/raw/Normal/images/Normal-8333.png,/Users/berfinaktas/Projects/covid_project_folders/jun26_bds_int_covid/data/raw/Normal/masks/Normal-8333.png,Normal,Normal,True,0.34698897239866494,0.431884765625,0.8034295256896165
/Users/berfinaktas/Projects/covid_project_folders/jun26_bds_int_covid/data/raw/Lung_Opacity/images/Lung_Opacity-4964.png,/Users/berfinaktas/Projects/covid_project_folders/jun26_bds_int_covid/data/raw/Lung_Opacity/masks/Lung_Opacity-4964.png,Lung_Opacity,Lung_Opacity,True,0.057142735669551144,0.24224853515625,0.23588475213150062
/Users/berfinaktas/Projects/covid_project_folders/jun26_bds_int_covid/data/raw/Lung_Opacity/images/Lung_Opacity-1241.png,/Users/berfinaktas/Projects/covid_project_folders/jun26_bds_int_covid/data/raw/Lung_Opacity/masks/Lung_Opacity-1241.png,Lung_Opacity,Lung_Opacity,True,0.03911543555814649,0.31451416015625,0.12436780442163246
/Users/berfinaktas/Projects/covid_project_folders/jun26_bds_int_covid/data/raw/Normal/images/Normal-13.png,/Users/berfinaktas/Projects/covid_project_folders/jun26_bds_int_covid/data/raw/Normal/masks/Normal-13.png,Normal,Normal,True,0.24115338008954462,0.2890625,0.8342603419313976
/Users/berfinaktas/Projects/covid_project_folders/jun26_bds_int_covid/data/raw/Normal/images/Normal-7818.png,/Users/berfinaktas/Projects/covid_project_folders/jun26_bds_int_covid/data/raw/Normal/masks/Normal-7818.png,Normal,Normal,True,0.18313386528727452,0.3988037109375,0.4592080270686724
/Users/berfinaktas/Projects/covid_project_folders/jun26_bds_int_covid/data/raw/COVID/images/COVID-2675.png,/Users/berfinaktas/Projects/covid_project_folders/jun26_bds_int_covid/data/raw/COVID/masks/COVID-2675.png,COVID,COVID,True,0.4538935179134017,0.4150390625,1.0936163819842903
/Users/berfinaktas/Projects/covid_project_folders/jun26_bds_int_covid/data/raw/Lung_Opacity/images/Lung_Opacity-3772.png,/Users/berfinaktas/Projects/covid_project_folders/jun26_bds_int_covid/data/raw/Lung_Opacity/masks/Lung_Opacity-3772.png,Lung_Opacity,Lung_Opacity,True,0.009089881802999897,0.3177490234375,0.02860711169042457
/Users/berfinaktas/Projects/covid_project_folders/jun26_bds_int_covid/data/raw/Lung_Opacity/images/Lung_Opacity-4502.png,/Users/berfinaktas/Projects/covid_project_folders/jun26_bds_int_covid/data/raw/Lung_Opacity/masks/Lung_Opacity-4502.png,Lung_Opacity,Normal,False,0.24627123747224483,0.31842041015625,0.7734153641451522
/Users/berfinaktas/Projects/covid_project_folders/jun26_bds_int_covid/data/raw/Normal/images/Normal-5366.png,/Users/berfinaktas/Projects/covid_project_folders/jun26_bds_int_covid/data/raw/Normal/masks/Normal-5366.png,Normal,Normal,True,0.1927951524952996,0.40478515625,0.47629007516329747
/Users/berfinaktas/Projects/covid_project_folders/jun26_bds_int_covid/data/raw/Normal/images/Normal-484.png,/Users/berfinaktas/Projects/covid_project_folders/jun26_bds_int_covid/data/raw/Normal/masks/Normal-484.png,Normal,Normal,True,0.21205634897439393,0.288330078125,0.7354638487714797
/Users/berfinaktas/Projects/covid_project_folders/jun26_bds_int_covid/data/raw/Normal/images/Normal-1792.png,/Users/berfinaktas/Projects/covid_project_folders/jun26_bds_int_covid/data/raw/Normal/masks/Normal-1792.png,Normal,Normal,True,0.17288404028900578,0.427734375,0.40418551884918247
/Users/berfinaktas/Projects/covid_project_folders/jun26_bds_int_covid/data/raw/Viral Pneumonia/images/Viral Pneumonia-820.png,/Users/berfinaktas/Projects/covid_project_folders/jun26_bds_int_covid/data/raw/Viral Pneumonia/masks/Viral Pneumonia-820.png,Viral Pneumonia,Viral Pneumonia,True,0.09382448074851571,0.2630615234375,0.35666364097069175
/Users/berfinaktas/Projects/covid_project_folders/jun26_bds_int_covid/data/raw/Viral Pneumonia/images/Viral Pneumonia-857.png,/Users/berfinaktas/Projects/covid_project_folders/jun26_bds_int_covid/data/raw/Viral Pneumonia/masks/Viral Pneumonia-857.png,Viral Pneumonia,Viral Pneumonia,True,0.15304613626945604,0.268798828125,0.5693705487372316
/Users/berfinaktas/Projects/covid_project_folders/jun26_bds_int_covid/data/raw/Lung_Opacity/images/Lung_Opacity-378.png,/Users/berfinaktas/Projects/covid_project_folders/jun26_bds_int_covid/data/raw/Lung_Opacity/masks/Lung_Opacity-378.png,Lung_Opacity,Lung_Opacity,True,0.09479280316970584,0.3914794921875,0.242139895093929
/Users/berfinaktas/Projects/covid_project_folders/jun26_bds_int_covid/data/raw/Normal/images/Normal-4889.png,/Users/berfinaktas/Projects/covid_project_folders/jun26_bds_int_covid/data/raw/Normal/masks/Normal-4889.png,Normal,Normal,True,0.20297594122713603,0.324462890625,0.6255752108851386
/Users/berfinaktas/Projects/covid_project_folders/jun26_bds_int_covid/data/raw/Normal/images/Normal-5660.png,/Users/berfinaktas/Projects/covid_project_folders/jun26_bds_int_covid/data/raw/Normal/masks/Normal-5660.png,Normal,Normal,True,0.17204767925845205,0.30908203125,0.5566408327350866
/Users/berfinaktas/Projects/covid_project_folders/jun26_bds_int_covid/data/raw/Normal/images/Normal-5122.png,/Users/berfinaktas/Projects/covid_project_folders/jun26_bds_int_covid/data/raw/Normal/masks/Normal-5122.png,Normal,Normal,True,0.3454833123579469,0.384033203125,0.8996183391088051
/Users/berfinaktas/Projects/covid_project_folders/jun26_bds_int_covid/data/raw/Normal/images/Normal-3567.png,/Users/berfinaktas/Projects/covid_project_folders/jun26_bds_int_covid/data/raw/Normal/masks/Normal-3567.png,Normal,Normal,True,0.264110424074512,0.30548095703125,0.8645724651422187
/Users/berfinaktas/Projects/covid_project_folders/jun26_bds_int_covid/data/raw/Normal/images/Normal-5726.png,/Users/berfinaktas/Projects/covid_project_folders/jun26_bds_int_covid/data/raw/Normal/masks/Normal-5726.png,Normal,Normal,True,0.26374561608314623,0.364990234375,0.7226100625261317
/Users/berfinaktas/Projects/covid_project_folders/jun26_bds_int_covid/data/raw/COVID/images/COVID-2347.png,/Users/berfinaktas/Projects/covid_project_folders/jun26_bds_int_covid/data/raw/COVID/masks/COVID-2347.png,COVID,COVID,True,0.24874891533083998,0.35247802734375,0.7057146716503
/Users/berfinaktas/Projects/covid_project_folders/jun26_bds_int_covid/data/raw/COVID/images/COVID-1505.png,/Users/berfinaktas/Projects/covid_project_folders/jun26_bds_int_covid/data/raw/COVID/masks/COVID-1505.png,COVID,COVID,True,0.38904442276119283,0.3707275390625,1.0494079391701323
/Users/berfinaktas/Projects/covid_project_folders/jun26_bds_int_covid/data/raw/Lung_Opacity/images/Lung_Opacity-5249.png,/Users/berfinaktas/Projects/covid_project_folders/jun26_bds_int_covid/data/raw/Lung_Opacity/masks/Lung_Opacity-5249.png,Lung_Opacity,Normal,False,0.3074849697368699,0.39453125,0.7793678440855316
/Users/berfinaktas/Projects/covid_project_folders/jun26_bds_int_covid/data/raw/Normal/images/Normal-9238.png,/Users/berfinaktas/Projects/covid_project_folders/jun26_bds_int_covid/data/raw/Normal/masks/Normal-9238.png,Normal,Lung_Opacity,False,0.037449594840768985,0.33270263671875,0.11256176148801303
/Users/berfinaktas/Projects/covid_project_folders/jun26_bds_int_covid/data/raw/Lung_Opacity/images/Lung_Opacity-291.png,/Users/berfinaktas/Projects/covid_project_folders/jun26_bds_int_covid/data/raw/Lung_Opacity/masks/Lung_Opacity-291.png,Lung_Opacity,Normal,False,0.24519975148050774,0.3756103515625,0.6528034982542474
/Users/berfinaktas/Projects/covid_project_folders/jun26_bds_int_covid/data/raw/Normal/images/Normal-1706.png,/Users/berfinaktas/Projects/covid_project_folders/jun26_bds_int_covid/data/raw/Normal/masks/Normal-1706.png,Normal,Normal,True,0.23249285994474686,0.4381103515625,0.5306719165972044
/Users/berfinaktas/Projects/covid_project_folders/jun26_bds_int_covid/data/raw/Normal/images/Normal-3089.png,/Users/berfinaktas/Projects/covid_project_folders/jun26_bds_int_covid/data/raw/Normal/masks/Normal-3089.png,Normal,Normal,True,0.13160952511746854,0.39459228515625,0.3335329403750355
/Users/berfinaktas/Projects/covid_project_folders/jun26_bds_int_covid/data/raw/Lung_Opacity/images/Lung_Opacity-1416.png,/Users/berfinaktas/Projects/covid_project_folders/jun26_bds_int_covid/data/raw/Lung_Opacity/masks/Lung_Opacity-1416.png,Lung_Opacity,Normal,False,0.17143602214530387,0.31341552734375,0.5469927530338187
/Users/berfinaktas/Projects/covid_project_folders/jun26_bds_int_covid/data/raw/Normal/images/Normal-4650.png,/Users/berfinaktas/Projects/covid_project_folders/jun26_bds_int_covid/data/raw/Normal/masks/Normal-4650.png,Normal,Normal,True,0.2575302109780521,0.35968017578125,0.7159977900329892
/Users/berfinaktas/Projects/covid_project_folders/jun26_bds_int_covid/data/raw/Normal/images/Normal-330.png,/Users/berfinaktas/Projects/covid_project_folders/jun26_bds_int_covid/data/raw/Normal/masks/Normal-330.png,Normal,Normal,True,0.20900409149577798,0.38092041015625,0.5486817873845259
/Users/berfinaktas/Projects/covid_project_folders/jun26_bds_int_covid/data/raw/Normal/images/Normal-8997.png,/Users/berfinaktas/Projects/covid_project_folders/jun26_bds_int_covid/data/raw/Normal/masks/Normal-8997.png,Normal,Normal,True,0.27494866501753185,0.32574462890625,0.8440620063045234
/Users/berfinaktas/Projects/covid_project_folders/jun26_bds_int_covid/data/raw/COVID/images/COVID-3367.png,/Users/berfinaktas/Projects/covid_project_folders/jun26_bds_int_covid/data/raw/COVID/masks/COVID-3367.png,COVID,Normal,False,0.17494559754277,0.322998046875,0.541630512120322
/Users/berfinaktas/Projects/covid_project_folders/jun26_bds_int_covid/data/raw/Lung_Opacity/images/Lung_Opacity-4064.png,/Users/berfinaktas/Projects/covid_project_folders/jun26_bds_int_covid/data/raw/Lung_Opacity/masks/Lung_Opacity-4064.png,Lung_Opacity,Normal,False,0.20477938091998832,0.28851318359375,0.7097747782934395
/Users/berfinaktas/Projects/covid_project_folders/jun26_bds_int_covid/data/raw/Normal/images/Normal-8228.png,/Users/berfinaktas/Projects/covid_project_folders/jun26_bds_int_covid/data/raw/Normal/masks/Normal-8228.png,Normal,Normal,True,0.286149785772165,0.39324951171875,0.7276545227520024
/Users/berfinaktas/Projects/covid_project_folders/jun26_bds_int_covid/data/raw/Normal/images/Normal-2342.png,/Users/berfinaktas/Projects/covid_project_folders/jun26_bds_int_covid/data/raw/Normal/masks/Normal-2342.png,Normal,Normal,True,0.17717958675827664,0.2955322265625,0.5995271271060728
/Users/berfinaktas/Projects/covid_project_folders/jun26_bds_int_covid/data/raw/Lung_Opacity/images/Lung_Opacity-4352.png,/Users/berfinaktas/Projects/covid_project_folders/jun26_bds_int_covid/data/raw/Lung_Opacity/masks/Lung_Opacity-4352.png,Lung_Opacity,Lung_Opacity,True,0.03923061594620054,0.2900390625,0.13525976676400456
/Users/berfinaktas/Projects/covid_project_folders/jun26_bds_int_covid/data/raw/Normal/images/Normal-4605.png,/Users/berfinaktas/Projects/covid_project_folders/jun26_bds_int_covid/data/raw/Normal/masks/Normal-4605.png,Normal,COVID,False,0.35219052155456254,0.3626708984375,0.971102239170305
/Users/berfinaktas/Projects/covid_project_folders/jun26_bds_int_covid/data/raw/Viral Pneumonia/images/Viral Pneumonia-898.png,/Users/berfinaktas/Projects/covid_project_folders/jun26_bds_int_covid/data/raw/Viral Pneumonia/masks/Viral Pneumonia-898.png,Viral Pneumonia,Viral Pneumonia,True,0.0719314340183506,0.22882080078125,0.31435705920422946
/Users/berfinaktas/Projects/covid_project_folders/jun26_bds_int_covid/data/raw/Normal/images/Normal-10080.png,/Users/berfinaktas/Projects/covid_project_folders/jun26_bds_int_covid/data/raw/Normal/masks/Normal-10080.png,Normal,COVID,False,0.22271146752029714,0.32574462890625,0.6836995847578318
/Users/berfinaktas/Projects/covid_project_folders/jun26_bds_int_covid/data/raw/Normal/images/Normal-9713.png,/Users/berfinaktas/Projects/covid_project_folders/jun26_bds_int_covid/data/raw/Normal/masks/Normal-9713.png,Normal,Lung_Opacity,False,0.005508589743695246,0.18310546875,0.03008424478690097
/Users/berfinaktas/Projects/covid_project_folders/jun26_bds_int_covid/data/raw/Lung_Opacity/images/Lung_Opacity-782.png,/Users/berfinaktas/Projects/covid_project_folders/jun26_bds_int_covid/data/raw/Lung_Opacity/masks/Lung_Opacity-782.png,Lung_Opacity,Lung_Opacity,True,0.016193012011799162,0.28131103515625,0.05756266192261173
/Users/berfinaktas/Projects/covid_project_folders/jun26_bds_int_covid/data/raw/COVID/images/COVID-2645.png,/Users/berfinaktas/Projects/covid_project_folders/jun26_bds_int_covid/data/raw/COVID/masks/COVID-2645.png,COVID,Lung_Opacity,False,0.08893878035299652,0.26611328125,0.33421398562006766
/Users/berfinaktas/Projects/covid_project_folders/jun26_bds_int_covid/data/raw/Normal/images/Normal-9021.png,/Users/berfinaktas/Projects/covid_project_folders/jun26_bds_int_covid/data/raw/Normal/masks/Normal-9021.png,Normal,Normal,True,0.28267403961546084,0.3238525390625,0.8728479956765379
/Users/berfinaktas/Projects/covid_project_folders/jun26_bds_int_covid/data/raw/Normal/images/Normal-9377.png,/Users/berfinaktas/Projects/covid_project_folders/jun26_bds_int_covid/data/raw/Normal/masks/Normal-9377.png,Normal,Normal,True,0.21511407216870695,0.32415771484375,0.6636092936192985
/Users/berfinaktas/Projects/covid_project_folders/jun26_bds_int_covid/data/raw/Normal/images/Normal-6476.png,/Users/berfinaktas/Projects/covid_project_folders/jun26_bds_int_covid/data/raw/Normal/masks/Normal-6476.png,Normal,Normal,True,0.17761880538811914,0.38580322265625,0.4603870443725588
/Users/berfinaktas/Projects/covid_project_folders/jun26_bds_int_covid/data/raw/Normal/images/Normal-40.png,/Users/berfinaktas/Projects/covid_project_folders/jun26_bds_int_covid/data/raw/Normal/masks/Normal-40.png,Normal,Normal,True,0.21760283837860203,0.43328857421875,0.5022122698964665
/Users/berfinaktas/Projects/covid_project_folders/jun26_bds_int_covid/data/raw/Normal/images/Normal-702.png,/Users/berfinaktas/Projects/covid_project_folders/jun26_bds_int_covid/data/raw/Normal/masks/Normal-702.png,Normal,Normal,True,0.2004028141984116,0.325927734375,0.614868859143591
/Users/berfinaktas/Projects/covid_project_folders/jun26_bds_int_covid/data/raw/Normal/images/Normal-5886.png,/Users/berfinaktas/Projects/covid_project_folders/jun26_bds_int_covid/data/raw/Normal/masks/Normal-5886.png,Normal,Normal,True,0.3586696901672978,0.380859375,0.9417378531572128
/Users/berfinaktas/Projects/covid_project_folders/jun26_bds_int_covid/data/raw/Normal/images/Normal-6956.png,/Users/berfinaktas/Projects/covid_project_folders/jun26_bds_int_covid/data/raw/Normal/masks/Normal-6956.png,Normal,Normal,True,0.3230060327592859,0.39581298828125,0.8160571843836762
/Users/berfinaktas/Projects/covid_project_folders/jun26_bds_int_covid/data/raw/COVID/images/COVID-121.png,/Users/berfinaktas/Projects/covid_project_folders/jun26_bds_int_covid/data/raw/COVID/masks/COVID-121.png,COVID,Normal,False,0.19902791230408398,0.399169921875,0.49860448244497124
/Users/berfinaktas/Projects/covid_project_folders/jun26_bds_int_covid/data/raw/Lung_Opacity/images/Lung_Opacity-4279.png,/Users/berfinaktas/Projects/covid_project_folders/jun26_bds_int_covid/data/raw/Lung_Opacity/masks/Lung_Opacity-4279.png,Lung_Opacity,Lung_Opacity,True,0.03921699642877938,0.31658935546875,0.12387338914384448
/Users/berfinaktas/Projects/covid_project_folders/jun26_bds_int_covid/data/raw/Normal/images/Normal-3035.png,/Users/berfinaktas/Projects/covid_project_folders/jun26_bds_int_covid/data/raw/Normal/masks/Normal-3035.png,Normal,Normal,True,0.20802039690113086,0.28619384765625,0.7268513932241689
/Users/berfinaktas/Projects/covid_project_folders/jun26_bds_int_covid/data/raw/Lung_Opacity/images/Lung_Opacity-3128.png,/Users/berfinaktas/Projects/covid_project_folders/jun26_bds_int_covid/data/raw/Lung_Opacity/masks/Lung_Opacity-3128.png,Lung_Opacity,Normal,False,0.20796642548866406,0.32391357421875,0.6420429461477807
/Users/berfinaktas/Projects/covid_project_folders/jun26_bds_int_covid/data/raw/Normal/images/Normal-9774.png,/Users/berfinaktas/Projects/covid_project_folders/jun26_bds_int_covid/data/raw/Normal/masks/Normal-9774.png,Normal,Normal,True,0.34822172935010093,0.4356689453125,0.7992805847116915
/Users/berfinaktas/Projects/covid_project_folders/jun26_bds_int_covid/data/raw/COVID/images/COVID-179.png,/Users/berfinaktas/Projects/covid_project_folders/jun26_bds_int_covid/data/raw/COVID/masks/COVID-179.png,COVID,COVID,True,0.40115317661483213,0.28936767578125,1.386309564576547
/Users/berfinaktas/Projects/covid_project_folders/jun26_bds_int_covid/data/raw/Normal/images/Normal-8637.png,/Users/berfinaktas/Projects/covid_project_folders/jun26_bds_int_covid/data/raw/Normal/masks/Normal-8637.png,Normal,Normal,True,0.2982211042058453,0.41387939453125,0.7205507404967659
/Users/berfinaktas/Projects/covid_project_folders/jun26_bds_int_covid/data/raw/Normal/images/Normal-1113.png,/Users/berfinaktas/Projects/covid_project_folders/jun26_bds_int_covid/data/raw/Normal/masks/Normal-1113.png,Normal,Normal,True,0.16781552246869164,0.24945068359375,0.6727402789642877
/Users/berfinaktas/Projects/covid_project_folders/jun26_bds_int_covid/data/raw/Lung_Opacity/images/Lung_Opacity-144.png,/Users/berfinaktas/Projects/covid_project_folders/jun26_bds_int_covid/data/raw/Lung_Opacity/masks/Lung_Opacity-144.png,Lung_Opacity,COVID,False,0.4201104372708878,0.47003173828125,0.8937916380010682
/Users/berfinaktas/Projects/covid_project_folders/jun26_bds_int_covid/data/raw/COVID/images/COVID-2847.png,/Users/berfinaktas/Projects/covid_project_folders/jun26_bds_int_covid/data/raw/COVID/masks/COVID-2847.png,COVID,COVID,True,0.37243287574941564,0.38836669921875,0.9589722200657592
/Users/berfinaktas/Projects/covid_project_folders/jun26_bds_int_covid/data/raw/COVID/images/COVID-584.png,/Users/berfinaktas/Projects/covid_project_folders/jun26_bds_int_covid/data/raw/COVID/masks/COVID-584.png,COVID,Normal,False,0.19083379201723222,0.2589111328125,0.7370629062730628
/Users/berfinaktas/Projects/covid_project_folders/jun26_bds_int_covid/data/raw/Normal/images/Normal-3087.png,/Users/berfinaktas/Projects/covid_project_folders/jun26_bds_int_covid/data/raw/Normal/masks/Normal-3087.png,Normal,Normal,True,0.26887971969306973,0.27154541015625,0.9901832608341772
/Users/berfinaktas/Projects/covid_project_folders/jun26_bds_int_covid/data/raw/Lung_Opacity/images/Lung_Opacity-4754.png,/Users/berfinaktas/Projects/covid_project_folders/jun26_bds_int_covid/data/raw/Lung_Opacity/masks/Lung_Opacity-4754.png,Lung_Opacity,Lung_Opacity,True,0.05273414398740986,0.24285888671875,0.2171390336993524
/Users/berfinaktas/Projects/covid_project_folders/jun26_bds_int_covid/data/raw/Lung_Opacity/images/Lung_Opacity-4565.png,/Users/berfinaktas/Projects/covid_project_folders/jun26_bds_int_covid/data/raw/Lung_Opacity/masks/Lung_Opacity-4565.png,Lung_Opacity,Lung_Opacity,True,0.054164631851682486,0.38470458984375,0.14079538763413704
/Users/berfinaktas/Projects/covid_project_folders/jun26_bds_int_covid/data/raw/Lung_Opacity/images/Lung_Opacity-1909.png,/Users/berfinaktas/Projects/covid_project_folders/jun26_bds_int_covid/data/raw/Lung_Opacity/masks/Lung_Opacity-1909.png,Lung_Opacity,COVID,False,0.3619034449898667,0.34246826171875,1.0567503194999066
/Users/berfinaktas/Projects/covid_project_folders/jun26_bds_int_covid/data/raw/COVID/images/COVID-3462.png,/Users/berfinaktas/Projects/covid_project_folders/jun26_bds_int_covid/data/raw/COVID/masks/COVID-3462.png,COVID,COVID,True,0.46061562218538465,0.39727783203125,1.1594294598072425
/Users/berfinaktas/Projects/covid_project_folders/jun26_bds_int_covid/data/raw/Lung_Opacity/images/Lung_Opacity-5444.png,/Users/berfinaktas/Projects/covid_project_folders/jun26_bds_int_covid/data/raw/Lung_Opacity/masks/Lung_Opacity-5444.png,Lung_Opacity,Lung_Opacity,True,0.04546694659940513,0.33184814453125,0.1370113027560518
/Users/berfinaktas/Projects/covid_project_folders/jun26_bds_int_covid/data/raw/Normal/images/Normal-5004.png,/Users/berfinaktas/Projects/covid_project_folders/jun26_bds_int_covid/data/raw/Normal/masks/Normal-5004.png,Normal,Normal,True,0.3497389772904854,0.37811279296875,0.9249593872360473
/Users/berfinaktas/Projects/covid_project_folders/jun26_bds_int_covid/data/raw/Normal/images/Normal-3599.png,/Users/berfinaktas/Projects/covid_project_folders/jun26_bds_int_covid/data/raw/Normal/masks/Normal-3599.png,Normal,Normal,True,0.3316508817295153,0.38812255859375,0.8545004004177352
/Users/berfinaktas/Projects/covid_project_folders/jun26_bds_int_covid/data/raw/Normal/images/Normal-1098.png,/Users/berfinaktas/Projects/covid_project_folders/jun26_bds_int_covid/data/raw/Normal/masks/Normal-1098.png,Normal,Normal,True,0.15201731487187672,0.2210693359375,0.6876454132691409
/Users/berfinaktas/Projects/covid_project_folders/jun26_bds_int_covid/data/raw/COVID/images/COVID-1645.png,/Users/berfinaktas/Projects/covid_project_folders/jun26_bds_int_covid/data/raw/COVID/masks/COVID-1645.png,COVID,COVID,True,0.3510978540216607,0.304931640625,1.1513985669117073
/Users/berfinaktas/Projects/covid_project_folders/jun26_bds_int_covid/data/raw/Lung_Opacity/images/Lung_Opacity-1300.png,/Users/berfinaktas/Projects/covid_project_folders/jun26_bds_int_covid/data/raw/Lung_Opacity/masks/Lung_Opacity-1300.png,Lung_Opacity,Lung_Opacity,True,0.2323539010362017,0.355224609375,0.6541041777623933
/Users/berfinaktas/Projects/covid_project_folders/jun26_bds_int_covid/data/raw/Normal/images/Normal-7427.png,/Users/berfinaktas/Projects/covid_project_folders/jun26_bds_int_covid/data/raw/Normal/masks/Normal-7427.png,Normal,Normal,True,0.2406182353137264,0.28155517578125,0.8546041984348782
/Users/berfinaktas/Projects/covid_project_folders/jun26_bds_int_covid/data/raw/Lung_Opacity/images/Lung_Opacity-845.png,/Users/berfinaktas/Projects/covid_project_folders/jun26_bds_int_covid/data/raw/Lung_Opacity/masks/Lung_Opacity-845.png,Lung_Opacity,Lung_Opacity,True,0.008108589798146394,0.36285400390625,0.022346700631258286
/Users/berfinaktas/Projects/covid_project_folders/jun26_bds_int_covid/data/raw/Normal/images/Normal-3168.png,/Users/berfinaktas/Projects/covid_project_folders/jun26_bds_int_covid/data/raw/Normal/masks/Normal-3168.png,Normal,COVID,False,0.2485309904926183,0.32763671875,0.7585565849908826
/Users/berfinaktas/Projects/covid_project_folders/jun26_bds_int_covid/data/raw/Normal/images/Normal-1496.png,/Users/berfinaktas/Projects/covid_project_folders/jun26_bds_int_covid/data/raw/Normal/masks/Normal-1496.png,Normal,Normal,True,0.17737442626305003,0.33551025390625,0.5286706567025308
/Users/berfinaktas/Projects/covid_project_folders/jun26_bds_int_covid/data/raw/Normal/images/Normal-9522.png,/Users/berfinaktas/Projects/covid_project_folders/jun26_bds_int_covid/data/raw/Normal/masks/Normal-9522.png,Normal,COVID,False,0.3901931411512588,0.42529296875,0.9174690620870012
/Users/berfinaktas/Projects/covid_project_folders/jun26_bds_int_covid/data/raw/Normal/images/Normal-7012.png,/Users/berfinaktas/Projects/covid_project_folders/jun26_bds_int_covid/data/raw/Normal/masks/Normal-7012.png,Normal,Normal,True,0.24753532488533028,0.31402587890625,0.7882640938622452
/Users/berfinaktas/Projects/covid_project_folders/jun26_bds_int_covid/data/raw/Lung_Opacity/images/Lung_Opacity-2803.png,/Users/berfinaktas/Projects/covid_project_folders/jun26_bds_int_covid/data/raw/Lung_Opacity/masks/Lung_Opacity-2803.png,Lung_Opacity,Lung_Opacity,True,0.03318722679219112,0.28594970703125,0.11605966355672556
/Users/berfinaktas/Projects/covid_project_folders/jun26_bds_int_covid/data/raw/COVID/images/COVID-2153.png,/Users/berfinaktas/Projects/covid_project_folders/jun26_bds_int_covid/data/raw/COVID/masks/COVID-2153.png,COVID,COVID,True,0.30400107767418905,0.30316162109375,1.0027690067674477
/Users/berfinaktas/Projects/covid_project_folders/jun26_bds_int_covid/data/raw/Normal/images/Normal-5507.png,/Users/berfinaktas/Projects/covid_project_folders/jun26_bds_int_covid/data/raw/Normal/masks/Normal-5507.png,Normal,Normal,True,0.12840235451791,0.365966796875,0.35085793469336846
/Users/berfinaktas/Projects/covid_project_folders/jun26_bds_int_covid/data/raw/Normal/images/Normal-648.png,/Users/berfinaktas/Projects/covid_project_folders/jun26_bds_int_covid/data/raw/Normal/masks/Normal-648.png,Normal,Normal,True,0.23097499410641045,0.266357421875,0.8671618477175593
/Users/berfinaktas/Projects/covid_project_folders/jun26_bds_int_covid/data/raw/Normal/images/Normal-2103.png,/Users/berfinaktas/Projects/covid_project_folders/jun26_bds_int_covid/data/raw/Normal/masks/Normal-2103.png,Normal,COVID,False,0.19911995318554374,0.31292724609375,0.6363138897975323
/Users/berfinaktas/Projects/covid_project_folders/jun26_bds_int_covid/data/raw/Normal/images/Normal-9156.png,/Users/berfinaktas/Projects/covid_project_folders/jun26_bds_int_covid/data/raw/Normal/masks/Normal-9156.png,Normal,Normal,True,0.13692192187826757,0.23590087890625,0.5804214147615876
/Users/berfinaktas/Projects/covid_project_folders/jun26_bds_int_covid/data/raw/Normal/images/Normal-6203.png,/Users/berfinaktas/Projects/covid_project_folders/jun26_bds_int_covid/data/raw/Normal/masks/Normal-6203.png,Normal,Normal,True,0.14291420874190286,0.29388427734375,0.48629416324555275
/Users/berfinaktas/Projects/covid_project_folders/jun26_bds_int_covid/data/raw/Normal/images/Normal-865.png,/Users/berfinaktas/Projects/covid_project_folders/jun26_bds_int_covid/data/raw/Normal/masks/Normal-865.png,Normal,Normal,True,0.20201348322800486,0.2720947265625,0.7424380684629053
/Users/berfinaktas/Projects/covid_project_folders/jun26_bds_int_covid/data/raw/COVID/images/COVID-1012.png,/Users/berfinaktas/Projects/covid_project_folders/jun26_bds_int_covid/data/raw/COVID/masks/COVID-1012.png,COVID,COVID,True,0.3799968747768803,0.38189697265625,0.9950245798856332
/Users/berfinaktas/Projects/covid_project_folders/jun26_bds_int_covid/data/raw/Normal/images/Normal-2538.png,/Users/berfinaktas/Projects/covid_project_folders/jun26_bds_int_covid/data/raw/Normal/masks/Normal-2538.png,Normal,Normal,True,0.23802413144954995,0.30560302734375,0.7788670600498155
/Users/berfinaktas/Projects/covid_project_folders/jun26_bds_int_covid/data/raw/Normal/images/Normal-2075.png,/Users/berfinaktas/Projects/covid_project_folders/jun26_bds_int_covid/data/raw/Normal/masks/Normal-2075.png,Normal,Normal,True,0.23729585834527014,0.2685546875,0.8836034870747513
/Users/berfinaktas/Projects/covid_project_folders/jun26_bds_int_covid/data/raw/COVID/images/COVID-2025.png,/Users/berfinaktas/Projects/covid_project_folders/jun26_bds_int_covid/data/raw/COVID/masks/COVID-2025.png,COVID,Lung_Opacity,False,0.036862730014930796,0.31634521484375,0.11652690884905
/Users/berfinaktas/Projects/covid_project_folders/jun26_bds_int_covid/data/raw/COVID/images/COVID-2431.png,/Users/berfinaktas/Projects/covid_project_folders/jun26_bds_int_covid/data/raw/COVID/masks/COVID-2431.png,COVID,Normal,False,0.1681940180699064,0.34527587890625,0.4871293604485321
/Users/berfinaktas/Projects/covid_project_folders/jun26_bds_int_covid/data/raw/COVID/images/COVID-1953.png,/Users/berfinaktas/Projects/covid_project_folders/jun26_bds_int_covid/data/raw/COVID/masks/COVID-1953.png,COVID,Normal,False,0.24424575461955464,0.2744140625,0.8900628211047116
/Users/berfinaktas/Projects/covid_project_folders/jun26_bds_int_covid/data/raw/Lung_Opacity/images/Lung_Opacity-2944.png,/Users/berfinaktas/Projects/covid_project_folders/jun26_bds_int_covid/data/raw/Lung_Opacity/masks/Lung_Opacity-2944.png,Lung_Opacity,Lung_Opacity,True,0.05382763442017865,0.3848876953125,0.1398528325943874
/Users/berfinaktas/Projects/covid_project_folders/jun26_bds_int_covid/data/raw/Normal/images/Normal-9022.png,/Users/berfinaktas/Projects/covid_project_folders/jun26_bds_int_covid/data/raw/Normal/masks/Normal-9022.png,Normal,Normal,True,0.143741791214094,0.34716796875,0.4140410526110612
/Users/berfinaktas/Projects/covid_project_folders/jun26_bds_int_covid/data/raw/Lung_Opacity/images/Lung_Opacity-1147.png,/Users/berfinaktas/Projects/covid_project_folders/jun26_bds_int_covid/data/raw/Lung_Opacity/masks/Lung_Opacity-1147.png,Lung_Opacity,Lung_Opacity,True,0.03115615821871503,0.27044677734375,0.11520254936931325
/Users/berfinaktas/Projects/covid_project_folders/jun26_bds_int_covid/data/raw/COVID/images/COVID-434.png,/Users/berfinaktas/Projects/covid_project_folders/jun26_bds_int_covid/data/raw/COVID/masks/COVID-434.png,COVID,COVID,True,0.3144712508595798,0.29986572265625,1.0487068947859466
/Users/berfinaktas/Projects/covid_project_folders/jun26_bds_int_covid/data/raw/Lung_Opacity/images/Lung_Opacity-1259.png,/Users/berfinaktas/Projects/covid_project_folders/jun26_bds_int_covid/data/raw/Lung_Opacity/masks/Lung_Opacity-1259.png,Lung_Opacity,Lung_Opacity,True,0.030273072150788026,0.2822265625,0.1072651414616157
/Users/berfinaktas/Projects/covid_project_folders/jun26_bds_int_covid/data/raw/Viral Pneumonia/images/Viral Pneumonia-377.png,/Users/berfinaktas/Projects/covid_project_folders/jun26_bds_int_covid/data/raw/Viral Pneumonia/masks/Viral Pneumonia-377.png,Viral Pneumonia,Viral Pneumonia,True,0.043848800148023025,0.29791259765625,0.14718679402278412
/Users/berfinaktas/Projects/covid_project_folders/jun26_bds_int_covid/data/raw/Normal/images/Normal-2915.png,/Users/berfinaktas/Projects/covid_project_folders/jun26_bds_int_covid/data/raw/Normal/masks/Normal-2915.png,Normal,Normal,True,0.2465446579709699,0.372314453125,0.6621947010157985
/Users/berfinaktas/Projects/covid_project_folders/jun26_bds_int_covid/data/raw/COVID/images/COVID-1931.png,/Users/berfinaktas/Projects/covid_project_folders/jun26_bds_int_covid/data/raw/COVID/masks/COVID-1931.png,COVID,COVID,True,0.3235422834088816,0.31988525390625,1.0114323166134547
/Users/berfinaktas/Projects/covid_project_folders/jun26_bds_int_covid/data/raw/Normal/images/Normal-9274.png,/Users/berfinaktas/Projects/covid_project_folders/jun26_bds_int_covid/data/raw/Normal/masks/Normal-9274.png,Normal,Normal,True,0.1021122683570985,0.24981689453125,0.40874844973435176
/Users/berfinaktas/Projects/covid_project_folders/jun26_bds_int_covid/data/raw/Normal/images/Normal-6013.png,/Users/berfinaktas/Projects/covid_project_folders/jun26_bds_int_covid/data/raw/Normal/masks/Normal-6013.png,Normal,Normal,True,0.20241393442089606,0.39312744140625,0.5148812143381402
/Users/berfinaktas/Projects/covid_project_folders/jun26_bds_int_covid/data/raw/Normal/images/Normal-6262.png,/Users/berfinaktas/Projects/covid_project_folders/jun26_bds_int_covid/data/raw/Normal/masks/Normal-6262.png,Normal,Normal,True,0.23165164309990435,0.37164306640625,0.6233175432006623
/Users/berfinaktas/Projects/covid_project_folders/jun26_bds_int_covid/data/raw/Normal/images/Normal-9586.png,/Users/berfinaktas/Projects/covid_project_folders/jun26_bds_int_covid/data/raw/Normal/masks/Normal-9586.png,Normal,Normal,True,0.22620276360021982,0.28125,0.8042764928007816
/Users/berfinaktas/Projects/covid_project_folders/jun26_bds_int_covid/data/raw/Normal/images/Normal-9826.png,/Users/berfinaktas/Projects/covid_project_folders/jun26_bds_int_covid/data/raw/Normal/masks/Normal-9826.png,Normal,Normal,True,0.1529878718726743,0.3936767578125,0.3886129136064954
/Users/berfinaktas/Projects/covid_project_folders/jun26_bds_int_covid/data/raw/Normal/images/Normal-3457.png,/Users/berfinaktas/Projects/covid_project_folders/jun26_bds_int_covid/data/raw/Normal/masks/Normal-3457.png,Normal,Normal,True,0.17669544294692857,0.275390625,0.6416174949562229
/Users/berfinaktas/Projects/covid_project_folders/jun26_bds_int_covid/data/raw/Normal/images/Normal-7701.png,/Users/berfinaktas/Projects/covid_project_folders/jun26_bds_int_covid/data/raw/Normal/masks/Normal-7701.png,Normal,Normal,True,0.1284889064453492,0.32879638671875,0.39078564009664024
/Users/berfinaktas/Projects/covid_project_folders/jun26_bds_int_covid/data/raw/Normal/images/Normal-2516.png,/Users/berfinaktas/Projects/covid_project_folders/jun26_bds_int_covid/data/raw/Normal/masks/Normal-2516.png,Normal,Normal,True,0.16629840179173466,0.366455078125,0.453802967181176
/Users/berfinaktas/Projects/covid_project_folders/jun26_bds_int_covid/data/raw/Lung_Opacity/images/Lung_Opacity-3389.png,/Users/berfinaktas/Projects/covid_project_folders/jun26_bds_int_covid/data/raw/Lung_Opacity/masks/Lung_Opacity-3389.png,Lung_Opacity,Lung_Opacity,True,0.05449530237291767,0.20782470703125,0.26221763115356334
/Users/berfinaktas/Projects/covid_project_folders/jun26_bds_int_covid/data/raw/Viral Pneumonia/images/Viral Pneumonia-1287.png,/Users/berfinaktas/Projects/covid_project_folders/jun26_bds_int_covid/data/raw/Viral Pneumonia/masks/Viral Pneumonia-1287.png,Viral Pneumonia,Viral Pneumonia,True,0.12680105167991698,0.24957275390625,0.5080724946744338
/Users/berfinaktas/Projects/covid_project_folders/jun26_bds_int_covid/data/raw/Lung_Opacity/images/Lung_Opacity-4297.png,/Users/berfinaktas/Projects/covid_project_folders/jun26_bds_int_covid/data/raw/Lung_Opacity/masks/Lung_Opacity-4297.png,Lung_Opacity,Lung_Opacity,True,0.10744663504267961,0.358154296875,0.300000966008736
/Users/berfinaktas/Projects/covid_project_folders/jun26_bds_int_covid/data/raw/Lung_Opacity/images/Lung_Opacity-2791.png,/Users/berfinaktas/Projects/covid_project_folders/jun26_bds_int_covid/data/raw/Lung_Opacity/masks/Lung_Opacity-2791.png,Lung_Opacity,Lung_Opacity,True,0.01723762331632289,0.3914794921875,0.04403199569919461
/Users/berfinaktas/Projects/covid_project_folders/jun26_bds_int_covid/data/raw/Lung_Opacity/images/Lung_Opacity-4483.png,/Users/berfinaktas/Projects/covid_project_folders/jun26_bds_int_covid/data/raw/Lung_Opacity/masks/Lung_Opacity-4483.png,Lung_Opacity,Lung_Opacity,True,0.031741817196493674,0.31439208984375,0.10096251852986844
/Users/berfinaktas/Projects/covid_project_folders/jun26_bds_int_covid/data/raw/Normal/images/Normal-7746.png,/Users/berfinaktas/Projects/covid_project_folders/jun26_bds_int_covid/data/raw/Normal/masks/Normal-7746.png,Normal,Normal,True,0.26354497080176975,0.29376220703125,0.8971370873916883
/Users/berfinaktas/Projects/covid_project_folders/jun26_bds_int_covid/data/raw/Normal/images/Normal-159.png,/Users/berfinaktas/Projects/covid_project_folders/jun26_bds_int_covid/data/raw/Normal/masks/Normal-159.png,Normal,Viral Pneumonia,False,0.10829466527596175,0.34197998046875,0.31666960483336737
/Users/berfinaktas/Projects/covid_project_folders/jun26_bds_int_covid/data/raw/Normal/images/Normal-30.png,/Users/berfinaktas/Projects/covid_project_folders/jun26_bds_int_covid/data/raw/Normal/masks/Normal-30.png,Normal,Lung_Opacity,False,0.05980401232195688,0.324951171875,0.18403999584578165
/Users/berfinaktas/Projects/covid_project_folders/jun26_bds_int_covid/data/raw/Viral Pneumonia/images/Viral Pneumonia-150.png,/Users/berfinaktas/Projects/covid_project_folders/jun26_bds_int_covid/data/raw/Viral Pneumonia/masks/Viral Pneumonia-150.png,Viral Pneumonia,Viral Pneumonia,True,0.14263037762659095,0.26507568359375,0.5380741669431421
/Users/berfinaktas/Projects/covid_project_folders/jun26_bds_int_covid/data/raw/Normal/images/Normal-4908.png,/Users/berfinaktas/Projects/covid_project_folders/jun26_bds_int_covid/data/raw/Normal/masks/Normal-4908.png,Normal,Normal,True,0.35608764705156315,0.38970947265625,0.9137259215807064
/Users/berfinaktas/Projects/covid_project_folders/jun26_bds_int_covid/data/raw/Normal/images/Normal-1618.png,/Users/berfinaktas/Projects/covid_project_folders/jun26_bds_int_covid/data/raw/Normal/masks/Normal-1618.png,Normal,Normal,True,0.14874552512831335,0.277587890625,0.5358501943056917
/Users/berfinaktas/Projects/covid_project_folders/jun26_bds_int_covid/data/raw/Normal/images/Normal-5803.png,/Users/berfinaktas/Projects/covid_project_folders/jun26_bds_int_covid/data/raw/Normal/masks/Normal-5803.png,Normal,Normal,True,0.18909216894867745,0.3509521484375,0.5387975819226315
/Users/berfinaktas/Projects/covid_project_folders/jun26_bds_int_covid/data/raw/Normal/images/Normal-3964.png,/Users/berfinaktas/Projects/covid_project_folders/jun26_bds_int_covid/data/raw/Normal/masks/Normal-3964.png,Normal,Normal,True,0.13484254752505048,0.35455322265625,0.38031680128256623
/Users/berfinaktas/Projects/covid_project_folders/jun26_bds_int_covid/data/raw/Viral Pneumonia/images/Viral Pneumonia-90.png,/Users/berfinaktas/Projects/covid_project_folders/jun26_bds_int_covid/data/raw/Viral Pneumonia/masks/Viral Pneumonia-90.png,Viral Pneumonia,Viral Pneumonia,True,0.09841021243379651,0.2237548828125,0.43981258060974415
/Users/berfinaktas/Projects/covid_project_folders/jun26_bds_int_covid/data/raw/COVID/images/COVID-2319.png,/Users/berfinaktas/Projects/covid_project_folders/jun26_bds_int_covid/data/raw/COVID/masks/COVID-2319.png,COVID,Normal,False,0.13119436571161958,0.29974365234375,0.4376885538218642
/Users/berfinaktas/Projects/covid_project_folders/jun26_bds_int_covid/data/raw/Lung_Opacity/images/Lung_Opacity-4815.png,/Users/berfinaktas/Projects/covid_project_folders/jun26_bds_int_covid/data/raw/Lung_Opacity/masks/Lung_Opacity-4815.png,Lung_Opacity,Lung_Opacity,True,0.008997937674707789,0.24664306640625,0.03648161615006494
/Users/berfinaktas/Projects/covid_project_folders/jun26_bds_int_covid/data/raw/Normal/images/Normal-7242.png,/Users/berfinaktas/Projects/covid_project_folders/jun26_bds_int_covid/data/raw/Normal/masks/Normal-7242.png,Normal,Lung_Opacity,False,0.013825671571290754,0.25634765625,0.053933286434292314
/Users/berfinaktas/Projects/covid_project_folders/jun26_bds_int_covid/data/raw/Lung_Opacity/images/Lung_Opacity-4133.png,/Users/berfinaktas/Projects/covid_project_folders/jun26_bds_int_covid/data/raw/Lung_Opacity/masks/Lung_Opacity-4133.png,Lung_Opacity,Lung_Opacity,True,0.021216808539527794,0.3055419921875,0.06943991032992876
/Users/berfinaktas/Projects/covid_project_folders/jun26_bds_int_covid/data/raw/Normal/images/Normal-7816.png,/Users/berfinaktas/Projects/covid_project_folders/jun26_bds_int_covid/data/raw/Normal/masks/Normal-7816.png,Normal,Normal,True,0.2380058265286576,0.356201171875,0.6681781120365877
/Users/berfinaktas/Projects/covid_project_folders/jun26_bds_int_covid/data/raw/Normal/images/Normal-3917.png,/Users/berfinaktas/Projects/covid_project_folders/jun26_bds_int_covid/data/raw/Normal/masks/Normal-3917.png,Normal,Normal,True,0.2587632587680566,0.30670166015625,0.8436969615235501
/Users/berfinaktas/Projects/covid_project_folders/jun26_bds_int_covid/data/raw/Normal/images/Normal-5598.png,/Users/berfinaktas/Projects/covid_project_folders/jun26_bds_int_covid/data/raw/Normal/masks/Normal-5598.png,Normal,Normal,True,0.25530331446413235,0.39874267578125,0.6402708562957821
/Users/berfinaktas/Projects/covid_project_folders/jun26_bds_int_covid/data/raw/Normal/images/Normal-4307.png,/Users/berfinaktas/Projects/covid_project_folders/jun26_bds_int_covid/data/raw/Normal/masks/Normal-4307.png,Normal,Normal,True,0.2689673226928708,0.40289306640625,0.6675898522951061
/Users/berfinaktas/Projects/covid_project_folders/jun26_bds_int_covid/data/raw/COVID/images/COVID-2376.png,/Users/berfinaktas/Projects/covid_project_folders/jun26_bds_int_covid/data/raw/COVID/masks/COVID-2376.png,COVID,COVID,True,0.3382323627639579,0.36639404296875,0.9231382694527214
/Users/berfinaktas/Projects/covid_project_folders/jun26_bds_int_covid/data/raw/Normal/images/Normal-5233.png,/Users/berfinaktas/Projects/covid_project_folders/jun26_bds_int_covid/data/raw/Normal/masks/Normal-5233.png,Normal,Normal,True,0.23950396784774697,0.3258056640625,0.7351129653835681
/Users/berfinaktas/Projects/covid_project_folders/jun26_bds_int_covid/data/raw/Viral Pneumonia/images/Viral Pneumonia-114.png,/Users/berfinaktas/Projects/covid_project_folders/jun26_bds_int_covid/data/raw/Viral Pneumonia/masks/Viral Pneumonia-114.png,Viral Pneumonia,Viral Pneumonia,True,0.17190982118890066,0.31158447265625,0.5517278178959742
/Users/berfinaktas/Projects/covid_project_folders/jun26_bds_int_covid/data/raw/COVID/images/COVID-2519.png,/Users/berfinaktas/Projects/covid_project_folders/jun26_bds_int_covid/data/raw/COVID/masks/COVID-2519.png,COVID,COVID,True,0.22035757753497975,0.23406982421875,0.9414181356800804
/Users/berfinaktas/Projects/covid_project_folders/jun26_bds_int_covid/data/raw/Normal/images/Normal-4213.png,/Users/berfinaktas/Projects/covid_project_folders/jun26_bds_int_covid/data/raw/Normal/masks/Normal-4213.png,Normal,Normal,True,0.2614333906528494,0.2720947265625,0.9608175577515218
/Users/berfinaktas/Projects/covid_project_folders/jun26_bds_int_covid/data/raw/Normal/images/Normal-1644.png,/Users/berfinaktas/Projects/covid_project_folders/jun26_bds_int_covid/data/raw/Normal/masks/Normal-1644.png,Normal,Normal,True,0.20193556350582753,0.287109375,0.7033401939794809
/Users/berfinaktas/Projects/covid_project_folders/jun26_bds_int_covid/data/raw/Lung_Opacity/images/Lung_Opacity-1046.png,/Users/berfinaktas/Projects/covid_project_folders/jun26_bds_int_covid/data/raw/Lung_Opacity/masks/Lung_Opacity-1046.png,Lung_Opacity,Normal,False,0.2318305515846689,0.31390380859375,0.7385401044455017
/Users/berfinaktas/Projects/covid_project_folders/jun26_bds_int_covid/data/raw/COVID/images/COVID-1913.png,/Users/berfinaktas/Projects/covid_project_folders/jun26_bds_int_covid/data/raw/COVID/masks/COVID-1913.png,COVID,Lung_Opacity,False,0.006836765344253475,0.35809326171875,0.019092136253664384
/Users/berfinaktas/Projects/covid_project_folders/jun26_bds_int_covid/data/raw/Lung_Opacity/images/Lung_Opacity-2930.png,/Users/berfinaktas/Projects/covid_project_folders/jun26_bds_int_covid/data/raw/Lung_Opacity/masks/Lung_Opacity-2930.png,Lung_Opacity,Lung_Opacity,True,0.1316436003664918,0.34661865234375,0.3797937574228917
/Users/berfinaktas/Projects/covid_project_folders/jun26_bds_int_covid/data/raw/Lung_Opacity/images/Lung_Opacity-6006.png,/Users/berfinaktas/Projects/covid_project_folders/jun26_bds_int_covid/data/raw/Lung_Opacity/masks/Lung_Opacity-6006.png,Lung_Opacity,Lung_Opacity,True,0.11720244325217236,0.39739990234375,0.2949231808084153
/Users/berfinaktas/Projects/covid_project_folders/jun26_bds_int_covid/data/raw/Normal/images/Normal-3353.png,/Users/berfinaktas/Projects/covid_project_folders/jun26_bds_int_covid/data/raw/Normal/masks/Normal-3353.png,Normal,Normal,True,0.15961945500394778,0.3563232421875,0.4479625129812745
/Users/berfinaktas/Projects/covid_project_folders/jun26_bds_int_covid/data/raw/Normal/images/Normal-2157.png,/Users/berfinaktas/Projects/covid_project_folders/jun26_bds_int_covid/data/raw/Normal/masks/Normal-2157.png,Normal,Normal,True,0.2383402129256144,0.3441162109375,0.6926154750928106
/Users/berfinaktas/Projects/covid_project_folders/jun26_bds_int_covid/data/raw/Normal/images/Normal-2927.png,/Users/berfinaktas/Projects/covid_project_folders/jun26_bds_int_covid/data/raw/Normal/masks/Normal-2927.png,Normal,Lung_Opacity,False,0.04829548281318158,0.3446044921875,0.14014757180502427
/Users/berfinaktas/Projects/covid_project_folders/jun26_bds_int_covid/data/raw/Normal/images/Normal-8079.png,/Users/berfinaktas/Projects/covid_project_folders/jun26_bds_int_covid/data/raw/Normal/masks/Normal-8079.png,Normal,Normal,True,0.06628855786456912,0.35028076171875,0.18924407249574848
/Users/berfinaktas/Projects/covid_project_folders/jun26_bds_int_covid/data/raw/Normal/images/Normal-8571.png,/Users/berfinaktas/Projects/covid_project_folders/jun26_bds_int_covid/data/raw/Normal/masks/Normal-8571.png,Normal,Lung_Opacity,False,0.02063298775856475,0.30126953125,0.0684868053963381
/Users/berfinaktas/Projects/covid_project_folders/jun26_bds_int_covid/data/raw/Lung_Opacity/images/Lung_Opacity-1281.png,/Users/berfinaktas/Projects/covid_project_folders/jun26_bds_int_covid/data/raw/Lung_Opacity/masks/Lung_Opacity-1281.png,Lung_Opacity,Lung_Opacity,True,0.02435555836812997,0.37994384765625,0.06410304711701871
/Users/berfinaktas/Projects/covid_project_folders/jun26_bds_int_covid/data/raw/Lung_Opacity/images/Lung_Opacity-661.png,/Users/berfinaktas/Projects/covid_project_folders/jun26_bds_int_covid/data/raw/Lung_Opacity/masks/Lung_Opacity-661.png,Lung_Opacity,Lung_Opacity,True,0.01769124717841634,0.27728271484375,0.06380219981755962
/Users/berfinaktas/Projects/covid_project_folders/jun26_bds_int_covid/data/raw/Lung_Opacity/images/Lung_Opacity-326.png,/Users/berfinaktas/Projects/covid_project_folders/jun26_bds_int_covid/data/raw/Lung_Opacity/masks/Lung_Opacity-326.png,Lung_Opacity,Lung_Opacity,True,0.09072821628320527,0.3348388671875,0.2709608267561128
/Users/berfinaktas/Projects/covid_project_folders/jun26_bds_int_covid/data/raw/COVID/images/COVID-1393.png,/Users/berfinaktas/Projects/covid_project_folders/jun26_bds_int_covid/data/raw/COVID/masks/COVID-1393.png,COVID,COVID,True,0.2861962331961964,0.26190185546875,1.092761380723953
/Users/berfinaktas/Projects/covid_project_folders/jun26_bds_int_covid/data/raw/Lung_Opacity/images/Lung_Opacity-3665.png,/Users/berfinaktas/Projects/covid_project_folders/jun26_bds_int_covid/data/raw/Lung_Opacity/masks/Lung_Opacity-3665.png,Lung_Opacity,Lung_Opacity,True,0.017801834142059835,0.25604248046875,0.06952687737389948
/Users/berfinaktas/Projects/covid_project_folders/jun26_bds_int_covid/data/raw/Normal/images/Normal-8580.png,/Users/berfinaktas/Projects/covid_project_folders/jun26_bds_int_covid/data/raw/Normal/masks/Normal-8580.png,Normal,Normal,True,0.35142685484129693,0.3902587890625,0.9004969642977493
/Users/berfinaktas/Projects/covid_project_folders/jun26_bds_int_covid/data/raw/Normal/images/Normal-5081.png,/Users/berfinaktas/Projects/covid_project_folders/jun26_bds_int_covid/data/raw/Normal/masks/Normal-5081.png,Normal,Normal,True,0.20083773582233302,0.291259765625,0.6895485045501056
/Users/berfinaktas/Projects/covid_project_folders/jun26_bds_int_covid/data/raw/Lung_Opacity/images/Lung_Opacity-3543.png,/Users/berfinaktas/Projects/covid_project_folders/jun26_bds_int_covid/data/raw/Lung_Opacity/masks/Lung_Opacity-3543.png,Lung_Opacity,Lung_Opacity,True,0.011955480157017188,0.33331298828125,0.03586862971847091
/Users/berfinaktas/Projects/covid_project_folders/jun26_bds_int_covid/data/raw/COVID/images/COVID-1781.png,/Users/berfinaktas/Projects/covid_project_folders/jun26_bds_int_covid/data/raw/COVID/masks/COVID-1781.png,COVID,Normal,False,0.14847776201152976,0.29156494140625,0.5092442229007543
/Users/berfinaktas/Projects/covid_project_folders/jun26_bds_int_covid/data/raw/Lung_Opacity/images/Lung_Opacity-3496.png,/Users/berfinaktas/Projects/covid_project_folders/jun26_bds_int_covid/data/raw/Lung_Opacity/masks/Lung_Opacity-3496.png,Lung_Opacity,Normal,False,0.22057454563062578,0.3370361328125,0.6544537043846745
/Users/berfinaktas/Projects/covid_project_folders/jun26_bds_int_covid/data/raw/Normal/images/Normal-5274.png,/Users/berfinaktas/Projects/covid_project_folders/jun26_bds_int_covid/data/raw/Normal/masks/Normal-5274.png,Normal,Normal,True,0.3178652041942909,0.3345947265625,0.9500006394599164
/Users/berfinaktas/Projects/covid_project_folders/jun26_bds_int_covid/data/raw/Viral Pneumonia/images/Viral Pneumonia-1189.png,/Users/berfinaktas/Projects/covid_project_folders/jun26_bds_int_covid/data/raw/Viral Pneumonia/masks/Viral Pneumonia-1189.png,Viral Pneumonia,Viral Pneumonia,True,0.08257165980318451,0.268798828125,0.3071875736183867
/Users/berfinaktas/Projects/covid_project_folders/jun26_bds_int_covid/data/raw/Normal/images/Normal-1348.png,/Users/berfinaktas/Projects/covid_project_folders/jun26_bds_int_covid/data/raw/Normal/masks/Normal-1348.png,Normal,Viral Pneumonia,False,0.07034277714324014,0.25604248046875,0.2747308845565784
/Users/berfinaktas/Projects/covid_project_folders/jun26_bds_int_covid/data/raw/Normal/images/Normal-4507.png,/Users/berfinaktas/Projects/covid_project_folders/jun26_bds_int_covid/data/raw/Normal/masks/Normal-4507.png,Normal,Normal,True,0.3329904442523781,0.41558837890625,0.801250615160958
/Users/berfinaktas/Projects/covid_project_folders/jun26_bds_int_covid/data/raw/COVID/images/COVID-2051.png,/Users/berfinaktas/Projects/covid_project_folders/jun26_bds_int_covid/data/raw/COVID/masks/COVID-2051.png,COVID,COVID,True,0.2652447347854185,0.3133544921875,0.8464685887659323
/Users/berfinaktas/Projects/covid_project_folders/jun26_bds_int_covid/data/raw/Normal/images/Normal-2302.png,/Users/berfinaktas/Projects/covid_project_folders/jun26_bds_int_covid/data/raw/Normal/masks/Normal-2302.png,Normal,Normal,True,0.2112749253475361,0.31781005859375,0.6647836329736954
/Users/berfinaktas/Projects/covid_project_folders/jun26_bds_int_covid/data/raw/COVID/images/COVID-3486.png,/Users/berfinaktas/Projects/covid_project_folders/jun26_bds_int_covid/data/raw/COVID/masks/COVID-3486.png,COVID,Normal,False,0.317691821525916,0.4747314453125,0.6692032404063523
/Users/berfinaktas/Projects/covid_project_folders/jun26_bds_int_covid/data/raw/Lung_Opacity/images/Lung_Opacity-5490.png,/Users/berfinaktas/Projects/covid_project_folders/jun26_bds_int_covid/data/raw/Lung_Opacity/masks/Lung_Opacity-5490.png,Lung_Opacity,Lung_Opacity,True,0.009156039713649691,0.22198486328125,0.04124623444279256
/Users/berfinaktas/Projects/covid_project_folders/jun26_bds_int_covid/data/raw/Normal/images/Normal-5258.png,/Users/berfinaktas/Projects/covid_project_folders/jun26_bds_int_covid/data/raw/Normal/masks/Normal-5258.png,Normal,Normal,True,0.18810797755083725,0.2762451171875,0.6809458913373657
/Users/berfinaktas/Projects/covid_project_folders/jun26_bds_int_covid/data/raw/Lung_Opacity/images/Lung_Opacity-414.png,/Users/berfinaktas/Projects/covid_project_folders/jun26_bds_int_covid/data/raw/Lung_Opacity/masks/Lung_Opacity-414.png,Lung_Opacity,Normal,False,0.24453725809190427,0.427734375,0.5717035440322146
/Users/berfinaktas/Projects/covid_project_folders/jun26_bds_int_covid/data/raw/Normal/images/Normal-8177.png,/Users/berfinaktas/Projects/covid_project_folders/jun26_bds_int_covid/data/raw/Normal/masks/Normal-8177.png,Normal,Lung_Opacity,False,0.006305914633758866,0.2205810546875,0.028587743596985408
/Users/berfinaktas/Projects/covid_project_folders/jun26_bds_int_covid/data/raw/Lung_Opacity/images/Lung_Opacity-2524.png,/Users/berfinaktas/Projects/covid_project_folders/jun26_bds_int_covid/data/raw/Lung_Opacity/masks/Lung_Opacity-2524.png,Lung_Opacity,Normal,False,0.24525238054628395,0.43408203125,0.5649908609210231
/Users/berfinaktas/Projects/covid_project_folders/jun26_bds_int_covid/data/raw/Viral Pneumonia/images/Viral Pneumonia-1246.png,/Users/berfinaktas/Projects/covid_project_folders/jun26_bds_int_covid/data/raw/Viral Pneumonia/masks/Viral Pneumonia-1246.png,Viral Pneumonia,Viral Pneumonia,True,0.14680385783659333,0.37725830078125,0.3891335393617125
/Users/berfinaktas/Projects/covid_project_folders/jun26_bds_int_covid/data/raw/Normal/images/Normal-6795.png,/Users/berfinaktas/Projects/covid_project_folders/jun26_bds_int_covid/data/raw/Normal/masks/Normal-6795.png,Normal,Normal,True,0.12238404087213514,0.31781005859375,0.38508548600903825
/Users/berfinaktas/Projects/covid_project_folders/jun26_bds_int_covid/data/raw/Lung_Opacity/images/Lung_Opacity-1800.png,/Users/berfinaktas/Projects/covid_project_folders/jun26_bds_int_covid/data/raw/Lung_Opacity/masks/Lung_Opacity-1800.png,Lung_Opacity,Lung_Opacity,True,0.1147317077210401,0.3839111328125,0.2988496501274278
/Users/berfinaktas/Projects/covid_project_folders/jun26_bds_int_covid/data/raw/COVID/images/COVID-3611.png,/Users/berfinaktas/Projects/covid_project_folders/jun26_bds_int_covid/data/raw/COVID/masks/COVID-3611.png,COVID,COVID,True,0.2549890961763022,0.3927001953125,0.6493225601107454
/Users/berfinaktas/Projects/covid_project_folders/jun26_bds_int_covid/data/raw/Normal/images/Normal-2680.png,/Users/berfinaktas/Projects/covid_project_folders/jun26_bds_int_covid/data/raw/Normal/masks/Normal-2680.png,Normal,Normal,True,0.23715851711022512,0.41571044921875,0.5704896702883465
/Users/berfinaktas/Projects/covid_project_folders/jun26_bds_int_covid/data/raw/Lung_Opacity/images/Lung_Opacity-1722.png,/Users/berfinaktas/Projects/covid_project_folders/jun26_bds_int_covid/data/raw/Lung_Opacity/masks/Lung_Opacity-1722.png,Lung_Opacity,Lung_Opacity,True,0.03869806133941219,0.27081298828125,0.14289588392718713
/Users/berfinaktas/Projects/covid_project_folders/jun26_bds_int_covid/data/raw/Normal/images/Normal-9799.png,/Users/berfinaktas/Projects/covid_project_folders/jun26_bds_int_covid/data/raw/Normal/masks/Normal-9799.png,Normal,Normal,True,0.178791480719133,0.3428955078125,0.5214168067109781
/Users/berfinaktas/Projects/covid_project_folders/jun26_bds_int_covid/data/raw/COVID/images/COVID-1587.png,/Users/berfinaktas/Projects/covid_project_folders/jun26_bds_int_covid/data/raw/COVID/masks/COVID-1587.png,COVID,COVID,True,0.42096230146140734,0.3375244140625,1.247205487729421
/Users/berfinaktas/Projects/covid_project_folders/jun26_bds_int_covid/data/raw/Normal/images/Normal-4754.png,/Users/berfinaktas/Projects/covid_project_folders/jun26_bds_int_covid/data/raw/Normal/masks/Normal-4754.png,Normal,Normal,True,0.316744670942979,0.33868408203125,0.9352216054658078
/Users/berfinaktas/Projects/covid_project_folders/jun26_bds_int_covid/data/raw/Normal/images/Normal-3228.png,/Users/berfinaktas/Projects/covid_project_folders/jun26_bds_int_covid/data/raw/Normal/masks/Normal-3228.png,Normal,Normal,True,0.2520137503280297,0.4722900390625,0.5335995457966449
/Users/berfinaktas/Projects/covid_project_folders/jun26_bds_int_covid/data/raw/Viral Pneumonia/images/Viral Pneumonia-827.png,/Users/berfinaktas/Projects/covid_project_folders/jun26_bds_int_covid/data/raw/Viral Pneumonia/masks/Viral Pneumonia-827.png,Viral Pneumonia,Viral Pneumonia,True,0.17535836762688614,0.2735595703125,0.6410244299863682
/Users/berfinaktas/Projects/covid_project_folders/jun26_bds_int_covid/data/raw/Normal/images/Normal-2273.png,/Users/berfinaktas/Projects/covid_project_folders/jun26_bds_int_covid/data/raw/Normal/masks/Normal-2273.png,Normal,Normal,True,0.26904255802716753,0.44512939453125,0.6044142699461282
/Users/berfinaktas/Projects/covid_project_folders/jun26_bds_int_covid/data/raw/Normal/images/Normal-2867.png,/Users/berfinaktas/Projects/covid_project_folders/jun26_bds_int_covid/data/raw/Normal/masks/Normal-2867.png,Normal,Normal,True,0.2627925776502844,0.38128662109375,0.6892258031410693
/Users/berfinaktas/Projects/covid_project_folders/jun26_bds_int_covid/data/raw/Viral Pneumonia/images/Viral Pneumonia-1004.png,/Users/berfinaktas/Projects/covid_project_folders/jun26_bds_int_covid/data/raw/Viral Pneumonia/masks/Viral Pneumonia-1004.png,Viral Pneumonia,Viral Pneumonia,True,0.06777026882743202,0.25335693359375,0.2674893000406279
/Users/berfinaktas/Projects/covid_project_folders/jun26_bds_int_covid/data/raw/Normal/images/Normal-2878.png,/Users/berfinaktas/Projects/covid_project_folders/jun26_bds_int_covid/data/raw/Normal/masks/Normal-2878.png,Normal,Normal,True,0.26237748860386234,0.36297607421875,0.7228506428931698
/Users/berfinaktas/Projects/covid_project_folders/jun26_bds_int_covid/data/raw/Viral Pneumonia/images/Viral Pneumonia-552.png,/Users/berfinaktas/Projects/covid_project_folders/jun26_bds_int_covid/data/raw/Viral Pneumonia/masks/Viral Pneumonia-552.png,Viral Pneumonia,Viral Pneumonia,True,0.11444815643103509,0.325927734375,0.35114580430076386
/Users/berfinaktas/Projects/covid_project_folders/jun26_bds_int_covid/data/raw/COVID/images/COVID-631.png,/Users/berfinaktas/Projects/covid_project_folders/jun26_bds_int_covid/data/raw/COVID/masks/COVID-631.png,COVID,Lung_Opacity,False,0.12987706695098206,0.3822021484375,0.3398124983910715
/Users/berfinaktas/Projects/covid_project_folders/jun26_bds_int_covid/data/raw/Lung_Opacity/images/Lung_Opacity-4750.png,/Users/berfinaktas/Projects/covid_project_folders/jun26_bds_int_covid/data/raw/Lung_Opacity/masks/Lung_Opacity-4750.png,Lung_Opacity,Lung_Opacity,True,0.044980386866134474,0.17584228515625,0.25579960375381716
/Users/berfinaktas/Projects/covid_project_folders/jun26_bds_int_covid/data/raw/COVID/images/COVID-684.png,/Users/berfinaktas/Projects/covid_project_folders/jun26_bds_int_covid/data/raw/COVID/masks/COVID-684.png,COVID,COVID,True,0.17075078963440612,0.29046630859375,0.5878505857050031
/Users/berfinaktas/Projects/covid_project_folders/jun26_bds_int_covid/data/raw/Normal/images/Normal-9378.png,/Users/berfinaktas/Projects/covid_project_folders/jun26_bds_int_covid/data/raw/Normal/masks/Normal-9378.png,Normal,COVID,False,0.3520428473121581,0.4002685546875,0.8795166225011282
/Users/berfinaktas/Projects/covid_project_folders/jun26_bds_int_covid/data/raw/Normal/images/Normal-1810.png,/Users/berfinaktas/Projects/covid_project_folders/jun26_bds_int_covid/data/raw/Normal/masks/Normal-1810.png,Normal,Normal,True,0.16910427795482258,0.42633056640625,0.39665060701672344
/Users/berfinaktas/Projects/covid_project_folders/jun26_bds_int_covid/data/raw/COVID/images/COVID-2702.png,/Users/berfinaktas/Projects/covid_project_folders/jun26_bds_int_covid/data/raw/COVID/masks/COVID-2702.png,COVID,COVID,True,0.4167652235443988,0.317626953125,1.312121718399583
/Users/berfinaktas/Projects/covid_project_folders/jun26_bds_int_covid/data/raw/COVID/images/COVID-3022.png,/Users/berfinaktas/Projects/covid_project_folders/jun26_bds_int_covid/data/raw/COVID/masks/COVID-3022.png,COVID,COVID,True,0.3863138257592088,0.250244140625,1.543747736887531
/Users/berfinaktas/Projects/covid_project_folders/jun26_bds_int_covid/data/raw/Lung_Opacity/images/Lung_Opacity-705.png,/Users/berfinaktas/Projects/covid_project_folders/jun26_bds_int_covid/data/raw/Lung_Opacity/masks/Lung_Opacity-705.png,Lung_Opacity,Lung_Opacity,True,0.05192829759398106,0.40008544921875,0.12979301720515418
/Users/berfinaktas/Projects/covid_project_folders/jun26_bds_int_covid/data/raw/Normal/images/Normal-3602.png,/Users/berfinaktas/Projects/covid_project_folders/jun26_bds_int_covid/data/raw/Normal/masks/Normal-3602.png,Normal,Normal,True,0.21873949841063434,0.37286376953125,0.5866472322736672
/Users/berfinaktas/Projects/covid_project_folders/jun26_bds_int_covid/data/raw/Lung_Opacity/images/Lung_Opacity-46.png,/Users/berfinaktas/Projects/covid_project_folders/jun26_bds_int_covid/data/raw/Lung_Opacity/masks/Lung_Opacity-46.png,Lung_Opacity,Normal,False,0.21970499562815315,0.3067626953125,0.7162050633449386
/Users/berfinaktas/Projects/covid_project_folders/jun26_bds_int_covid/data/raw/Lung_Opacity/images/Lung_Opacity-2935.png,/Users/berfinaktas/Projects/covid_project_folders/jun26_bds_int_covid/data/raw/Lung_Opacity/masks/Lung_Opacity-2935.png,Lung_Opacity,Lung_Opacity,True,0.05151211675150509,0.31060791015625,0.1658429005416898
/Users/berfinaktas/Projects/covid_project_folders/jun26_bds_int_covid/data/raw/Normal/images/Normal-8828.png,/Users/berfinaktas/Projects/covid_project_folders/jun26_bds_int_covid/data/raw/Normal/masks/Normal-8828.png,Normal,Normal,True,0.32243464321158427,0.4072265625,0.7917819535939143
/Users/berfinaktas/Projects/covid_project_folders/jun26_bds_int_covid/data/raw/COVID/images/COVID-1831.png,/Users/berfinaktas/Projects/covid_project_folders/jun26_bds_int_covid/data/raw/COVID/masks/COVID-1831.png,COVID,COVID,True,0.36789780401570166,0.322265625,1.1415980342790257
/Users/berfinaktas/Projects/covid_project_folders/jun26_bds_int_covid/data/raw/Normal/images/Normal-151.png,/Users/berfinaktas/Projects/covid_project_folders/jun26_bds_int_covid/data/raw/Normal/masks/Normal-151.png,Normal,Viral Pneumonia,False,0.15421887219110936,0.21868896484375,0.7051973212333619
/Users/berfinaktas/Projects/covid_project_folders/jun26_bds_int_covid/data/raw/Lung_Opacity/images/Lung_Opacity-5355.png,/Users/berfinaktas/Projects/covid_project_folders/jun26_bds_int_covid/data/raw/Lung_Opacity/masks/Lung_Opacity-5355.png,Lung_Opacity,Lung_Opacity,True,0.05538768889206772,0.30706787109375,0.18037604746723068
/Users/berfinaktas/Projects/covid_project_folders/jun26_bds_int_covid/data/raw/Normal/images/Normal-7993.png,/Users/berfinaktas/Projects/covid_project_folders/jun26_bds_int_covid/data/raw/Normal/masks/Normal-7993.png,Normal,Normal,True,0.3335108978772658,0.49542236328125,0.6731849883973294
/Users/berfinaktas/Projects/covid_project_folders/jun26_bds_int_covid/data/raw/Normal/images/Normal-2038.png,/Users/berfinaktas/Projects/covid_project_folders/jun26_bds_int_covid/data/raw/Normal/masks/Normal-2038.png,Normal,Normal,True,0.21652080480081465,0.41253662109375,0.524852325174811
/Users/berfinaktas/Projects/covid_project_folders/jun26_bds_int_covid/data/raw/Normal/images/Normal-9919.png,/Users/berfinaktas/Projects/covid_project_folders/jun26_bds_int_covid/data/raw/Normal/masks/Normal-9919.png,Normal,Normal,True,0.2170538251712259,0.31671142578125,0.6853362635585595
/Users/berfinaktas/Projects/covid_project_folders/jun26_bds_int_covid/data/raw/Lung_Opacity/images/Lung_Opacity-4479.png,/Users/berfinaktas/Projects/covid_project_folders/jun26_bds_int_covid/data/raw/Lung_Opacity/masks/Lung_Opacity-4479.png,Lung_Opacity,Normal,False,0.3176418750487882,0.4002685546875,0.793571893991971
/Users/berfinaktas/Projects/covid_project_folders/jun26_bds_int_covid/data/raw/Viral Pneumonia/images/Viral Pneumonia-497.png,/Users/berfinaktas/Projects/covid_project_folders/jun26_bds_int_covid/data/raw/Viral Pneumonia/masks/Viral Pneumonia-497.png,Viral Pneumonia,Viral Pneumonia,True,0.11300351877253083,0.27978515625,0.4038939030473702
/Users/berfinaktas/Projects/covid_project_folders/jun26_bds_int_covid/data/raw/COVID/images/COVID-2603.png,/Users/berfinaktas/Projects/covid_project_folders/jun26_bds_int_covid/data/raw/COVID/masks/COVID-2603.png,COVID,Viral Pneumonia,False,0.19042189360831258,0.2581787109375,0.7375584645103057
/Users/berfinaktas/Projects/covid_project_folders/jun26_bds_int_covid/data/raw/Lung_Opacity/images/Lung_Opacity-4128.png,/Users/berfinaktas/Projects/covid_project_folders/jun26_bds_int_covid/data/raw/Lung_Opacity/masks/Lung_Opacity-4128.png,Lung_Opacity,Lung_Opacity,True,0.0424003803717079,0.41558837890625,0.10202494228375125
/Users/berfinaktas/Projects/covid_project_folders/jun26_bds_int_covid/data/raw/Lung_Opacity/images/Lung_Opacity-190.png,/Users/berfinaktas/Projects/covid_project_folders/jun26_bds_int_covid/data/raw/Lung_Opacity/masks/Lung_Opacity-190.png,Lung_Opacity,Lung_Opacity,True,0.11324744275614361,0.33367919921875,0.33939017781537534
/Users/berfinaktas/Projects/covid_project_folders/jun26_bds_int_covid/data/raw/Lung_Opacity/images/Lung_Opacity-1535.png,/Users/berfinaktas/Projects/covid_project_folders/jun26_bds_int_covid/data/raw/Lung_Opacity/masks/Lung_Opacity-1535.png,Lung_Opacity,Lung_Opacity,True,0.029389530316098905,0.3310546875,0.08877545440615127
/Users/berfinaktas/Projects/covid_project_folders/jun26_bds_int_covid/data/raw/Normal/images/Normal-9614.png,/Users/berfinaktas/Projects/covid_project_folders/jun26_bds_int_covid/data/raw/Normal/masks/Normal-9614.png,Normal,Normal,True,0.22599149266701027,0.3681640625,0.6138336564748502
/Users/berfinaktas/Projects/covid_project_folders/jun26_bds_int_covid/data/raw/COVID/images/COVID-3549.png,/Users/berfinaktas/Projects/covid_project_folders/jun26_bds_int_covid/data/raw/COVID/masks/COVID-3549.png,COVID,COVID,True,0.45257797104902603,0.3931884765625,1.15104586738082
/Users/berfinaktas/Projects/covid_project_folders/jun26_bds_int_covid/data/raw/Normal/images/Normal-246.png,/Users/berfinaktas/Projects/covid_project_folders/jun26_bds_int_covid/data/raw/Normal/masks/Normal-246.png,Normal,Normal,True,0.16988822919357838,0.26824951171875,0.6333216716968346
/Users/berfinaktas/Projects/covid_project_folders/jun26_bds_int_covid/data/raw/Normal/images/Normal-1349.png,/Users/berfinaktas/Projects/covid_project_folders/jun26_bds_int_covid/data/raw/Normal/masks/Normal-1349.png,Normal,Normal,True,0.17708201015980135,0.288818359375,0.6131258779497433
/Users/berfinaktas/Projects/covid_project_folders/jun26_bds_int_covid/data/raw/Normal/images/Normal-9200.png,/Users/berfinaktas/Projects/covid_project_folders/jun26_bds_int_covid/data/raw/Normal/masks/Normal-9200.png,Normal,Normal,True,0.25062225943096617,0.38763427734375,0.6465430795964335
/Users/berfinaktas/Projects/covid_project_folders/jun26_bds_int_covid/data/raw/COVID/images/COVID-134.png,/Users/berfinaktas/Projects/covid_project_folders/jun26_bds_int_covid/data/raw/COVID/masks/COVID-134.png,COVID,COVID,True,0.29246863451044436,0.26043701171875,1.1229918227839513
/Users/berfinaktas/Projects/covid_project_folders/jun26_bds_int_covid/data/raw/COVID/images/COVID-3530.png,/Users/berfinaktas/Projects/covid_project_folders/jun26_bds_int_covid/data/raw/COVID/masks/COVID-3530.png,COVID,COVID,True,0.4332015067331529,0.31964111328125,1.3552746775474465
/Users/berfinaktas/Projects/covid_project_folders/jun26_bds_int_covid/data/raw/Normal/images/Normal-5157.png,/Users/berfinaktas/Projects/covid_project_folders/jun26_bds_int_covid/data/raw/Normal/masks/Normal-5157.png,Normal,Normal,True,0.3341795515421022,0.38189697265625,0.8750515858184118
/Users/berfinaktas/Projects/covid_project_folders/jun26_bds_int_covid/data/raw/Lung_Opacity/images/Lung_Opacity-4778.png,/Users/berfinaktas/Projects/covid_project_folders/jun26_bds_int_covid/data/raw/Lung_Opacity/masks/Lung_Opacity-4778.png,Lung_Opacity,Lung_Opacity,True,0.030885266053236268,0.30078125,0.10268348194322707
/Users/berfinaktas/Projects/covid_project_folders/jun26_bds_int_covid/data/raw/Lung_Opacity/images/Lung_Opacity-226.png,/Users/berfinaktas/Projects/covid_project_folders/jun26_bds_int_covid/data/raw/Lung_Opacity/masks/Lung_Opacity-226.png,Lung_Opacity,Lung_Opacity,True,0.015739354789215405,0.31463623046875,0.05002397456188268
/Users/berfinaktas/Projects/covid_project_folders/jun26_bds_int_covid/data/raw/Lung_Opacity/images/Lung_Opacity-5844.png,/Users/berfinaktas/Projects/covid_project_folders/jun26_bds_int_covid/data/raw/Lung_Opacity/masks/Lung_Opacity-5844.png,Lung_Opacity,Lung_Opacity,True,0.009402009568719937,0.23553466796875,0.03991773121894466
/Users/berfinaktas/Projects/covid_project_folders/jun26_bds_int_covid/data/raw/Lung_Opacity/images/Lung_Opacity-367.png,/Users/berfinaktas/Projects/covid_project_folders/jun26_bds_int_covid/data/raw/Lung_Opacity/masks/Lung_Opacity-367.png,Lung_Opacity,Lung_Opacity,True,0.16173975250052097,0.369140625,0.4381521337580251
/Users/berfinaktas/Projects/covid_project_folders/jun26_bds_int_covid/data/raw/COVID/images/COVID-350.png,/Users/berfinaktas/Projects/covid_project_folders/jun26_bds_int_covid/data/raw/COVID/masks/COVID-350.png,COVID,Normal,False,0.09991566579325034,0.287841796875,0.3471200738669664
/Users/berfinaktas/Projects/covid_project_folders/jun26_bds_int_covid/data/raw/Normal/images/Normal-2946.png,/Users/berfinaktas/Projects/covid_project_folders/jun26_bds_int_covid/data/raw/Normal/masks/Normal-2946.png,Normal,Normal,True,0.3147953523560852,0.43280029296875,0.7273455158654774
/Users/berfinaktas/Projects/covid_project_folders/jun26_bds_int_covid/data/raw/Viral Pneumonia/images/Viral Pneumonia-1201.png,/Users/berfinaktas/Projects/covid_project_folders/jun26_bds_int_covid/data/raw/Viral Pneumonia/masks/Viral Pneumonia-1201.png,Viral Pneumonia,Normal,False,0.14356237385444826,0.3067626953125,0.4679916301693753
/Users/berfinaktas/Projects/covid_project_folders/jun26_bds_int_covid/data/raw/Normal/images/Normal-3263.png,/Users/berfinaktas/Projects/covid_project_folders/jun26_bds_int_covid/data/raw/Normal/masks/Normal-3263.png,Normal,Normal,True,0.3931336636841706,0.41021728515625,0.9583547010566063
/Users/berfinaktas/Projects/covid_project_folders/jun26_bds_int_covid/data/raw/Normal/images/Normal-8774.png,/Users/berfinaktas/Projects/covid_project_folders/jun26_bds_int_covid/data/raw/Normal/masks/Normal-8774.png,Normal,Normal,True,0.2511712453741041,0.34246826171875,0.7334146648029446
/Users/berfinaktas/Projects/covid_project_folders/jun26_bds_int_covid/data/raw/Normal/images/Normal-1090.png,/Users/berfinaktas/Projects/covid_project_folders/jun26_bds_int_covid/data/raw/Normal/masks/Normal-1090.png,Normal,Normal,True,0.21438273045177805,0.2108154296875,1.0169214405680174
/Users/berfinaktas/Projects/covid_project_folders/jun26_bds_int_covid/data/raw/Lung_Opacity/images/Lung_Opacity-5597.png,/Users/berfinaktas/Projects/covid_project_folders/jun26_bds_int_covid/data/raw/Lung_Opacity/masks/Lung_Opacity-5597.png,Lung_Opacity,Normal,False,0.1964322040132674,0.23016357421875,0.8534460966728648
/Users/berfinaktas/Projects/covid_project_folders/jun26_bds_int_covid/data/raw/Lung_Opacity/images/Lung_Opacity-1739.png,/Users/berfinaktas/Projects/covid_project_folders/jun26_bds_int_covid/data/raw/Lung_Opacity/masks/Lung_Opacity-1739.png,Lung_Opacity,COVID,False,0.49233274517471626,0.35748291015625,1.3772203682674664
/Users/berfinaktas/Projects/covid_project_folders/jun26_bds_int_covid/data/raw/Lung_Opacity/images/Lung_Opacity-5273.png,/Users/berfinaktas/Projects/covid_project_folders/jun26_bds_int_covid/data/raw/Lung_Opacity/masks/Lung_Opacity-5273.png,Lung_Opacity,Lung_Opacity,True,0.0761243933172363,0.35546875,0.21415213944189554
/Users/berfinaktas/Projects/covid_project_folders/jun26_bds_int_covid/data/raw/Normal/images/Normal-7063.png,/Users/berfinaktas/Projects/covid_project_folders/jun26_bds_int_covid/data/raw/Normal/masks/Normal-7063.png,Normal,COVID,False,0.345530783980336,0.378173828125,0.9136824345922894
/Users/berfinaktas/Projects/covid_project_folders/jun26_bds_int_covid/data/raw/Lung_Opacity/images/Lung_Opacity-2280.png,/Users/berfinaktas/Projects/covid_project_folders/jun26_bds_int_covid/data/raw/Lung_Opacity/masks/Lung_Opacity-2280.png,Lung_Opacity,Lung_Opacity,True,0.013421474243534879,0.157470703125,0.08523156356824631
/Users/berfinaktas/Projects/covid_project_folders/jun26_bds_int_covid/data/raw/Normal/images/Normal-6894.png,/Users/berfinaktas/Projects/covid_project_folders/jun26_bds_int_covid/data/raw/Normal/masks/Normal-6894.png,Normal,Normal,True,0.28685746192239064,0.4306640625,0.6660817256429207
/Users/berfinaktas/Projects/covid_project_folders/jun26_bds_int_covid/data/raw/Lung_Opacity/images/Lung_Opacity-1513.png,/Users/berfinaktas/Projects/covid_project_folders/jun26_bds_int_covid/data/raw/Lung_Opacity/masks/Lung_Opacity-1513.png,Lung_Opacity,Lung_Opacity,True,0.005645989701765876,0.27020263671875,0.020895390845658935
/Users/berfinaktas/Projects/covid_project_folders/jun26_bds_int_covid/data/raw/COVID/images/COVID-2252.png,/Users/berfinaktas/Projects/covid_project_folders/jun26_bds_int_covid/data/raw/COVID/masks/COVID-2252.png,COVID,Normal,False,0.09651174818400823,0.35174560546875,0.27437940000811917
/Users/berfinaktas/Projects/covid_project_folders/jun26_bds_int_covid/data/raw/Normal/images/Normal-1362.png,/Users/berfinaktas/Projects/covid_project_folders/jun26_bds_int_covid/data/raw/Normal/masks/Normal-1362.png,Normal,Normal,True,0.223764515396577,0.2510986328125,0.891141910611939
/Users/berfinaktas/Projects/covid_project_folders/jun26_bds_int_covid/data/raw/Normal/images/Normal-1337.png,/Users/berfinaktas/Projects/covid_project_folders/jun26_bds_int_covid/data/raw/Normal/masks/Normal-1337.png,Normal,Viral Pneumonia,False,0.12338083974637507,0.2763671875,0.44643809152045255
/Users/berfinaktas/Projects/covid_project_folders/jun26_bds_int_covid/data/raw/COVID/images/COVID-2479.png,/Users/berfinaktas/Projects/covid_project_folders/jun26_bds_int_covid/data/raw/COVID/masks/COVID-2479.png,COVID,Normal,False,0.09232026278479344,0.27349853515625,0.3375530429515857
/Users/berfinaktas/Projects/covid_project_folders/jun26_bds_int_covid/data/raw/Lung_Opacity/images/Lung_Opacity-604.png,/Users/berfinaktas/Projects/covid_project_folders/jun26_bds_int_covid/data/raw/Lung_Opacity/masks/Lung_Opacity-604.png,Lung_Opacity,Normal,False,0.23765486182341114,0.3592529296875,0.6615251879229983
/Users/berfinaktas/Projects/covid_project_folders/jun26_bds_int_covid/data/raw/Normal/images/Normal-3349.png,/Users/berfinaktas/Projects/covid_project_folders/jun26_bds_int_covid/data/raw/Normal/masks/Normal-3349.png,Normal,Normal,True,0.1686168378488294,0.3365478515625,0.5010189102856766
/Users/berfinaktas/Projects/covid_project_folders/jun26_bds_int_covid/data/raw/Normal/images/Normal-5905.png,/Users/berfinaktas/Projects/covid_project_folders/jun26_bds_int_covid/data/raw/Normal/masks/Normal-5905.png,Normal,Normal,True,0.2575593027647631,0.42755126953125,0.6024056554600825
/Users/berfinaktas/Projects/covid_project_folders/jun26_bds_int_covid/data/raw/Normal/images/Normal-920.png,/Users/berfinaktas/Projects/covid_project_folders/jun26_bds_int_covid/data/raw/Normal/masks/Normal-920.png,Normal,Normal,True,0.19948987815059058,0.30926513671875,0.6450448319753851
/Users/berfinaktas/Projects/covid_project_folders/jun26_bds_int_covid/data/raw/Viral Pneumonia/images/Viral Pneumonia-1186.png,/Users/berfinaktas/Projects/covid_project_folders/jun26_bds_int_covid/data/raw/Viral Pneumonia/masks/Viral Pneumonia-1186.png,Viral Pneumonia,Viral Pneumonia,True,0.10398046958687922,0.30096435546875,0.3454909782420258
/Users/berfinaktas/Projects/covid_project_folders/jun26_bds_int_covid/data/raw/Normal/images/Normal-4939.png,/Users/berfinaktas/Projects/covid_project_folders/jun26_bds_int_covid/data/raw/Normal/masks/Normal-4939.png,Normal,Lung_Opacity,False,0.07894131946213973,0.257568359375,0.30648686684068654
/Users/berfinaktas/Projects/covid_project_folders/jun26_bds_int_covid/data/raw/Normal/images/Normal-8690.png,/Users/berfinaktas/Projects/covid_project_folders/jun26_bds_int_covid/data/raw/Normal/masks/Normal-8690.png,Normal,Lung_Opacity,False,0.050634557884010174,0.39202880859375,0.12916029836083182
/Users/berfinaktas/Projects/covid_project_folders/jun26_bds_int_covid/data/raw/Viral Pneumonia/images/Viral Pneumonia-1.png,/Users/berfinaktas/Projects/covid_project_folders/jun26_bds_int_covid/data/raw/Viral Pneumonia/masks/Viral Pneumonia-1.png,Viral Pneumonia,Viral Pneumonia,True,0.10808373662116626,0.28594970703125,0.37798163090740405
/Users/berfinaktas/Projects/covid_project_folders/jun26_bds_int_covid/data/raw/Viral Pneumonia/images/Viral Pneumonia-919.png,/Users/berfinaktas/Projects/covid_project_folders/jun26_bds_int_covid/data/raw/Viral Pneumonia/masks/Viral Pneumonia-919.png,Viral Pneumonia,Viral Pneumonia,True,0.09023495102720101,0.22625732421875,0.3988156022739847
/Users/berfinaktas/Projects/covid_project_folders/jun26_bds_int_covid/data/raw/Viral Pneumonia/images/Viral Pneumonia-499.png,/Users/berfinaktas/Projects/covid_project_folders/jun26_bds_int_covid/data/raw/Viral Pneumonia/masks/Viral Pneumonia-499.png,Viral Pneumonia,Viral Pneumonia,True,0.09180838837140294,0.2579345703125,0.35593673333579406
/Users/berfinaktas/Projects/covid_project_folders/jun26_bds_int_covid/data/raw/Normal/images/Normal-3642.png,/Users/berfinaktas/Projects/covid_project_folders/jun26_bds_int_covid/data/raw/Normal/masks/Normal-3642.png,Normal,COVID,False,0.255056950018156,0.309326171875,0.8245566434683244
/Users/berfinaktas/Projects/covid_project_folders/jun26_bds_int_covid/data/raw/COVID/images/COVID-2744.png,/Users/berfinaktas/Projects/covid_project_folders/jun26_bds_int_covid/data/raw/COVID/masks/COVID-2744.png,COVID,COVID,True,0.3398090442516502,0.281982421875,1.205071727493298
/Users/berfinaktas/Projects/covid_project_folders/jun26_bds_int_covid/data/raw/COVID/images/COVID-2775.png,/Users/berfinaktas/Projects/covid_project_folders/jun26_bds_int_covid/data/raw/COVID/masks/COVID-2775.png,COVID,Lung_Opacity,False,0.01849702636857058,0.24639892578125,0.07506942779852871
/Users/berfinaktas/Projects/covid_project_folders/jun26_bds_int_covid/data/raw/Normal/images/Normal-596.png,/Users/berfinaktas/Projects/covid_project_folders/jun26_bds_int_covid/data/raw/Normal/masks/Normal-596.png,Normal,Normal,True,0.212358899248027,0.37213134765625,0.5706557659963383
/Users/berfinaktas/Projects/covid_project_folders/jun26_bds_int_covid/data/raw/Normal/images/Normal-842.png,/Users/berfinaktas/Projects/covid_project_folders/jun26_bds_int_covid/data/raw/Normal/masks/Normal-842.png,Normal,Normal,True,0.22667502093821057,0.3656005859375,0.6200072692907582
/Users/berfinaktas/Projects/covid_project_folders/jun26_bds_int_covid/data/raw/Normal/images/Normal-6892.png,/Users/berfinaktas/Projects/covid_project_folders/jun26_bds_int_covid/data/raw/Normal/masks/Normal-6892.png,Normal,Normal,True,0.23494891483801764,0.42510986328125,0.552678107782639
/Users/berfinaktas/Projects/covid_project_folders/jun26_bds_int_covid/data/raw/Lung_Opacity/images/Lung_Opacity-3829.png,/Users/berfinaktas/Projects/covid_project_folders/jun26_bds_int_covid/data/raw/Lung_Opacity/masks/Lung_Opacity-3829.png,Lung_Opacity,Lung_Opacity,True,0.06304193682086859,0.3463134765625,0.18203720353773545
/Users/berfinaktas/Projects/covid_project_folders/jun26_bds_int_covid/data/raw/Lung_Opacity/images/Lung_Opacity-1628.png,/Users/berfinaktas/Projects/covid_project_folders/jun26_bds_int_covid/data/raw/Lung_Opacity/masks/Lung_Opacity-1628.png,Lung_Opacity,Lung_Opacity,True,0.04093417677446098,0.4049072265625,0.1010951993175714
/Users/berfinaktas/Projects/covid_project_folders/jun26_bds_int_covid/data/raw/COVID/images/COVID-719.png,/Users/berfinaktas/Projects/covid_project_folders/jun26_bds_int_covid/data/raw/COVID/masks/COVID-719.png,COVID,COVID,True,0.21933036559679897,0.26617431640625,0.8240102522214984
/Users/berfinaktas/Projects/covid_project_folders/jun26_bds_int_covid/data/raw/Lung_Opacity/images/Lung_Opacity-5331.png,/Users/berfinaktas/Projects/covid_project_folders/jun26_bds_int_covid/data/raw/Lung_Opacity/masks/Lung_Opacity-5331.png,Lung_Opacity,Lung_Opacity,True,0.01688207723413485,0.21331787109375,0.0791404730769858
/Users/berfinaktas/Projects/covid_project_folders/jun26_bds_int_covid/data/raw/COVID/images/COVID-854.png,/Users/berfinaktas/Projects/covid_project_folders/jun26_bds_int_covid/data/raw/COVID/masks/COVID-854.png,COVID,COVID,True,0.21650707871453959,0.3028564453125,0.7148835102093947
/Users/berfinaktas/Projects/covid_project_folders/jun26_bds_int_covid/data/raw/Lung_Opacity/images/Lung_Opacity-4103.png,/Users/berfinaktas/Projects/covid_project_folders/jun26_bds_int_covid/data/raw/Lung_Opacity/masks/Lung_Opacity-4103.png,Lung_Opacity,Lung_Opacity,True,0.025834310393326395,0.2581787109375,0.10006367410975406
/Users/berfinaktas/Projects/covid_project_folders/jun26_bds_int_covid/data/raw/Normal/images/Normal-4327.png,/Users/berfinaktas/Projects/covid_project_folders/jun26_bds_int_covid/data/raw/Normal/masks/Normal-4327.png,Normal,Normal,True,0.24405374151357706,0.30169677734375,0.8089371840903189
/Users/berfinaktas/Projects/covid_project_folders/jun26_bds_int_covid/data/raw/Lung_Opacity/images/Lung_Opacity-2813.png,/Users/berfinaktas/Projects/covid_project_folders/jun26_bds_int_covid/data/raw/Lung_Opacity/masks/Lung_Opacity-2813.png,Lung_Opacity,Lung_Opacity,True,0.016230039867386702,0.4151611328125,0.039093350953728866
/Users/berfinaktas/Projects/covid_project_folders/jun26_bds_int_covid/data/raw/COVID/images/COVID-1665.png,/Users/berfinaktas/Projects/covid_project_folders/jun26_bds_int_covid/data/raw/COVID/masks/COVID-1665.png,COVID,COVID,True,0.24258989166278763,0.3089599609375,0.7851822965237283
/Users/berfinaktas/Projects/covid_project_folders/jun26_bds_int_covid/data/raw/Normal/images/Normal-5147.png,/Users/berfinaktas/Projects/covid_project_folders/jun26_bds_int_covid/data/raw/Normal/masks/Normal-5147.png,Normal,Normal,True,0.17860471356410906,0.37542724609375,0.47573721785634254
/Users/berfinaktas/Projects/covid_project_folders/jun26_bds_int_covid/data/raw/COVID/images/COVID-2324.png,/Users/berfinaktas/Projects/covid_project_folders/jun26_bds_int_covid/data/raw/COVID/masks/COVID-2324.png,COVID,COVID,True,0.23312560324399595,0.33685302734375,0.6920691943376752
/Users/berfinaktas/Projects/covid_project_folders/jun26_bds_int_covid/data/raw/Lung_Opacity/images/Lung_Opacity-4652.png,/Users/berfinaktas/Projects/covid_project_folders/jun26_bds_int_covid/data/raw/Lung_Opacity/masks/Lung_Opacity-4652.png,Lung_Opacity,Lung_Opacity,True,0.087804888471817,0.37109375,0.23661106788194897
/Users/berfinaktas/Projects/covid_project_folders/jun26_bds_int_covid/data/raw/Lung_Opacity/images/Lung_Opacity-5.png,/Users/berfinaktas/Projects/covid_project_folders/jun26_bds_int_covid/data/raw/Lung_Opacity/masks/Lung_Opacity-5.png,Lung_Opacity,Lung_Opacity,True,0.15544622275657394,0.35455322265625,0.43842845819309817
/Users/berfinaktas/Projects/covid_project_folders/jun26_bds_int_covid/data/raw/Viral Pneumonia/images/Viral Pneumonia-964.png,/Users/berfinaktas/Projects/covid_project_folders/jun26_bds_int_covid/data/raw/Viral Pneumonia/masks/Viral Pneumonia-964.png,Viral Pneumonia,Viral Pneumonia,True,0.17761569182192483,0.322265625,0.5511468740171243
/Users/berfinaktas/Projects/covid_project_folders/jun26_bds_int_covid/data/raw/Normal/images/Normal-6613.png,/Users/berfinaktas/Projects/covid_project_folders/jun26_bds_int_covid/data/raw/Normal/masks/Normal-6613.png,Normal,Normal,True,0.27433146678672593,0.43255615234375,0.6342100679883896
/Users/berfinaktas/Projects/covid_project_folders/jun26_bds_int_covid/data/raw/Normal/images/Normal-4755.png,/Users/berfinaktas/Projects/covid_project_folders/jun26_bds_int_covid/data/raw/Normal/masks/Normal-4755.png,Normal,Normal,True,0.09743446141956771,0.38800048828125,0.25111942990375924
/Users/berfinaktas/Projects/covid_project_folders/jun26_bds_int_covid/data/raw/Normal/images/Normal-142.png,/Users/berfinaktas/Projects/covid_project_folders/jun26_bds_int_covid/data/raw/Normal/masks/Normal-142.png,Normal,Normal,True,0.24866687075132074,0.31878662109375,0.7800417404536931
/Users/berfinaktas/Projects/covid_project_folders/jun26_bds_int_covid/data/raw/COVID/images/COVID-1789.png,/Users/berfinaktas/Projects/covid_project_folders/jun26_bds_int_covid/data/raw/COVID/masks/COVID-1789.png,COVID,COVID,True,0.2542812371412659,0.3487548828125,0.7291116187123732
/Users/berfinaktas/Projects/covid_project_folders/jun26_bds_int_covid/data/raw/Viral Pneumonia/images/Viral Pneumonia-1088.png,/Users/berfinaktas/Projects/covid_project_folders/jun26_bds_int_covid/data/raw/Viral Pneumonia/masks/Viral Pneumonia-1088.png,Viral Pneumonia,Viral Pneumonia,True,0.09998161382142658,0.2242431640625,0.44586248253953537
/Users/berfinaktas/Projects/covid_project_folders/jun26_bds_int_covid/data/raw/Lung_Opacity/images/Lung_Opacity-3610.png,/Users/berfinaktas/Projects/covid_project_folders/jun26_bds_int_covid/data/raw/Lung_Opacity/masks/Lung_Opacity-3610.png,Lung_Opacity,Lung_Opacity,True,0.03519995353750344,0.3001708984375,0.11726637632339494
/Users/berfinaktas/Projects/covid_project_folders/jun26_bds_int_covid/data/raw/COVID/images/COVID-2708.png,/Users/berfinaktas/Projects/covid_project_folders/jun26_bds_int_covid/data/raw/COVID/masks/COVID-2708.png,COVID,COVID,True,0.3327003643809436,0.35791015625,0.9295639103031003
/Users/berfinaktas/Projects/covid_project_folders/jun26_bds_int_covid/data/raw/Normal/images/Normal-3609.png,/Users/berfinaktas/Projects/covid_project_folders/jun26_bds_int_covid/data/raw/Normal/masks/Normal-3609.png,Normal,Normal,True,0.21130247931395357,0.26873779296875,0.786277497406272
/Users/berfinaktas/Projects/covid_project_folders/jun26_bds_int_covid/data/raw/Normal/images/Normal-5263.png,/Users/berfinaktas/Projects/covid_project_folders/jun26_bds_int_covid/data/raw/Normal/masks/Normal-5263.png,Normal,Lung_Opacity,False,0.01787630027516424,0.2025146484375,0.08827164065952108
/Users/berfinaktas/Projects/covid_project_folders/jun26_bds_int_covid/data/raw/Normal/images/Normal-8694.png,/Users/berfinaktas/Projects/covid_project_folders/jun26_bds_int_covid/data/raw/Normal/masks/Normal-8694.png,Normal,Normal,True,0.3852799169992313,0.35565185546875,1.0833063600678574
/Users/berfinaktas/Projects/covid_project_folders/jun26_bds_int_covid/data/raw/Normal/images/Normal-9456.png,/Users/berfinaktas/Projects/covid_project_folders/jun26_bds_int_covid/data/raw/Normal/masks/Normal-9456.png,Normal,Normal,True,0.2279324368255988,0.3021240234375,0.7544333424142647
/Users/berfinaktas/Projects/covid_project_folders/jun26_bds_int_covid/data/raw/COVID/images/COVID-1094.png,/Users/berfinaktas/Projects/covid_project_folders/jun26_bds_int_covid/data/raw/COVID/masks/COVID-1094.png,COVID,COVID,True,0.30580810849853046,0.34710693359375,0.8810198786073365
/Users/berfinaktas/Projects/covid_project_folders/jun26_bds_int_covid/data/raw/Normal/images/Normal-5434.png,/Users/berfinaktas/Projects/covid_project_folders/jun26_bds_int_covid/data/raw/Normal/masks/Normal-5434.png,Normal,Normal,True,0.32206837965495994,0.4228515625,0.7616582465743164
/Users/berfinaktas/Projects/covid_project_folders/jun26_bds_int_covid/data/raw/Normal/images/Normal-501.png,/Users/berfinaktas/Projects/covid_project_folders/jun26_bds_int_covid/data/raw/Normal/masks/Normal-501.png,Normal,Normal,True,0.24248749758395385,0.27166748046875,0.8925893418143114
/Users/berfinaktas/Projects/covid_project_folders/jun26_bds_int_covid/data/raw/Lung_Opacity/images/Lung_Opacity-987.png,/Users/berfinaktas/Projects/covid_project_folders/jun26_bds_int_covid/data/raw/Lung_Opacity/masks/Lung_Opacity-987.png,Lung_Opacity,Normal,False,0.21731568579736246,0.3665771484375,0.5928238754751892
/Users/berfinaktas/Projects/covid_project_folders/jun26_bds_int_covid/data/raw/COVID/images/COVID-2672.png,/Users/berfinaktas/Projects/covid_project_folders/jun26_bds_int_covid/data/raw/COVID/masks/COVID-2672.png,COVID,Lung_Opacity,False,0.20217987059162137,0.3455810546875,0.5850432708889305
/Users/berfinaktas/Projects/covid_project_folders/jun26_bds_int_covid/data/raw/Lung_Opacity/images/Lung_Opacity-1849.png,/Users/berfinaktas/Projects/covid_project_folders/jun26_bds_int_covid/data/raw/Lung_Opacity/masks/Lung_Opacity-1849.png,Lung_Opacity,Lung_Opacity,True,0.07251069189566378,0.3206787109375,0.2261163258505054
/Users/berfinaktas/Projects/covid_project_folders/jun26_bds_int_covid/data/raw/Normal/images/Normal-5516.png,/Users/berfinaktas/Projects/covid_project_folders/jun26_bds_int_covid/data/raw/Normal/masks/Normal-5516.png,Normal,Normal,True,0.3089600570952063,0.328857421875,0.939495466861147
/Users/berfinaktas/Projects/covid_project_folders/jun26_bds_int_covid/data/raw/Viral Pneumonia/images/Viral Pneumonia-1051.png,/Users/berfinaktas/Projects/covid_project_folders/jun26_bds_int_covid/data/raw/Viral Pneumonia/masks/Viral Pneumonia-1051.png,Viral Pneumonia,Viral Pneumonia,True,0.40122390500521926,0.35992431640625,1.1147452025785165
/Users/berfinaktas/Projects/covid_project_folders/jun26_bds_int_covid/data/raw/Viral Pneumonia/images/Viral Pneumonia-294.png,/Users/berfinaktas/Projects/covid_project_folders/jun26_bds_int_covid/data/raw/Viral Pneumonia/masks/Viral Pneumonia-294.png,Viral Pneumonia,Viral Pneumonia,True,0.11408791765409663,0.2882080078125,0.3958526986117576
/Users/berfinaktas/Projects/covid_project_folders/jun26_bds_int_covid/data/raw/Normal/images/Normal-8978.png,/Users/berfinaktas/Projects/covid_project_folders/jun26_bds_int_covid/data/raw/Normal/masks/Normal-8978.png,Normal,Normal,True,0.2593773461536216,0.36358642578125,0.7133856705356617
/Users/berfinaktas/Projects/covid_project_folders/jun26_bds_int_covid/data/raw/Lung_Opacity/images/Lung_Opacity-899.png,/Users/berfinaktas/Projects/covid_project_folders/jun26_bds_int_covid/data/raw/Lung_Opacity/masks/Lung_Opacity-899.png,Lung_Opacity,Lung_Opacity,True,0.024226607035062842,0.319580078125,0.07580762598595676
/Users/berfinaktas/Projects/covid_project_folders/jun26_bds_int_covid/data/raw/Lung_Opacity/images/Lung_Opacity-3438.png,/Users/berfinaktas/Projects/covid_project_folders/jun26_bds_int_covid/data/raw/Lung_Opacity/masks/Lung_Opacity-3438.png,Lung_Opacity,Normal,False,0.35085410466253203,0.39373779296875,0.8910856690111494
/Users/berfinaktas/Projects/covid_project_folders/jun26_bds_int_covid/data/raw/Normal/images/Normal-1116.png,/Users/berfinaktas/Projects/covid_project_folders/jun26_bds_int_covid/data/raw/Normal/masks/Normal-1116.png,Normal,Viral Pneumonia,False,0.12135302151336162,0.335693359375,0.3614996189954394
/Users/berfinaktas/Projects/covid_project_folders/jun26_bds_int_covid/data/raw/Normal/images/Normal-4985.png,/Users/berfinaktas/Projects/covid_project_folders/jun26_bds_int_covid/data/raw/Normal/masks/Normal-4985.png,Normal,Normal,True,0.2531396490938548,0.4581298828125,0.5525499614646572
/Users/berfinaktas/Projects/covid_project_folders/jun26_bds_int_covid/data/raw/COVID/images/COVID-516.png,/Users/berfinaktas/Projects/covid_project_folders/jun26_bds_int_covid/data/raw/COVID/masks/COVID-516.png,COVID,COVID,True,0.33294198882901294,0.32293701171875,1.0309812029813925
/Users/berfinaktas/Projects/covid_project_folders/jun26_bds_int_covid/data/raw/Lung_Opacity/images/Lung_Opacity-2093.png,/Users/berfinaktas/Projects/covid_project_folders/jun26_bds_int_covid/data/raw/Lung_Opacity/masks/Lung_Opacity-2093.png,Lung_Opacity,COVID,False,0.5666521385157947,0.38690185546875,1.4645888369526392
/Users/berfinaktas/Projects/covid_project_folders/jun26_bds_int_covid/data/raw/Normal/images/Normal-5866.png,/Users/berfinaktas/Projects/covid_project_folders/jun26_bds_int_covid/data/raw/Normal/masks/Normal-5866.png,Normal,Normal,True,0.1085694702241467,0.31146240234375,0.3485796982466039
/Users/berfinaktas/Projects/covid_project_folders/jun26_bds_int_covid/data/raw/Normal/images/Normal-1748.png,/Users/berfinaktas/Projects/covid_project_folders/jun26_bds_int_covid/data/raw/Normal/masks/Normal-1748.png,Normal,Normal,True,0.05582556273363255,0.30780029296875,0.18136942689427638
/Users/berfinaktas/Projects/covid_project_folders/jun26_bds_int_covid/data/raw/COVID/images/COVID-3021.png,/Users/berfinaktas/Projects/covid_project_folders/jun26_bds_int_covid/data/raw/COVID/masks/COVID-3021.png,COVID,Lung_Opacity,False,0.0882097806909301,0.35675048828125,0.24725903282124873
/Users/berfinaktas/Projects/covid_project_folders/jun26_bds_int_covid/data/raw/COVID/images/COVID-2950.png,/Users/berfinaktas/Projects/covid_project_folders/jun26_bds_int_covid/data/raw/COVID/masks/COVID-2950.png,COVID,Normal,False,0.12302665390168847,0.30517578125,0.40313373950505277
/Users/berfinaktas/Projects/covid_project_folders/jun26_bds_int_covid/data/raw/Lung_Opacity/images/Lung_Opacity-3948.png,/Users/berfinaktas/Projects/covid_project_folders/jun26_bds_int_covid/data/raw/Lung_Opacity/masks/Lung_Opacity-3948.png,Lung_Opacity,Normal,False,0.29999804382346257,0.3116455078125,0.9626259204864103
/Users/berfinaktas/Projects/covid_project_folders/jun26_bds_int_covid/data/raw/Normal/images/Normal-10117.png,/Users/berfinaktas/Projects/covid_project_folders/jun26_bds_int_covid/data/raw/Normal/masks/Normal-10117.png,Normal,Normal,True,0.29152596465573954,0.44671630859375,0.6525975413198029
/Users/berfinaktas/Projects/covid_project_folders/jun26_bds_int_covid/data/raw/Viral Pneumonia/images/Viral Pneumonia-879.png,/Users/berfinaktas/Projects/covid_project_folders/jun26_bds_int_covid/data/raw/Viral Pneumonia/masks/Viral Pneumonia-879.png,Viral Pneumonia,Viral Pneumonia,True,0.1026324345129605,0.2154541015625,0.4763540529915991
/Users/berfinaktas/Projects/covid_project_folders/jun26_bds_int_covid/data/raw/Lung_Opacity/images/Lung_Opacity-2025.png,/Users/berfinaktas/Projects/covid_project_folders/jun26_bds_int_covid/data/raw/Lung_Opacity/masks/Lung_Opacity-2025.png,Lung_Opacity,Lung_Opacity,True,0.07097497944034209,0.37139892578125,0.191101735932714
/Users/berfinaktas/Projects/covid_project_folders/jun26_bds_int_covid/data/raw/Normal/images/Normal-1908.png,/Users/berfinaktas/Projects/covid_project_folders/jun26_bds_int_covid/data/raw/Normal/masks/Normal-1908.png,Normal,Lung_Opacity,False,0.09079647790514779,0.28631591796875,0.3171199091873676
/Users/berfinaktas/Projects/covid_project_folders/jun26_bds_int_covid/data/raw/Normal/images/Normal-9293.png,/Users/berfinaktas/Projects/covid_project_folders/jun26_bds_int_covid/data/raw/Normal/masks/Normal-9293.png,Normal,COVID,False,0.3020890089119784,0.37353515625,0.8087297911787342
/Users/berfinaktas/Projects/covid_project_folders/jun26_bds_int_covid/data/raw/Normal/images/Normal-3302.png,/Users/berfinaktas/Projects/covid_project_folders/jun26_bds_int_covid/data/raw/Normal/masks/Normal-3302.png,Normal,Normal,True,0.2998019445959708,0.4659423828125,0.6434313676002601
/Users/berfinaktas/Projects/covid_project_folders/jun26_bds_int_covid/data/raw/Normal/images/Normal-8334.png,/Users/berfinaktas/Projects/covid_project_folders/jun26_bds_int_covid/data/raw/Normal/masks/Normal-8334.png,Normal,Normal,True,0.12097049261910396,0.34686279296875,0.3487560357331338
/Users/berfinaktas/Projects/covid_project_folders/jun26_bds_int_covid/data/raw/Normal/images/Normal-7145.png,/Users/berfinaktas/Projects/covid_project_folders/jun26_bds_int_covid/data/raw/Normal/masks/Normal-7145.png,Normal,Lung_Opacity,False,0.04375955046257021,0.31378173828125,0.13945856346600863
/Users/berfinaktas/Projects/covid_project_folders/jun26_bds_int_covid/data/raw/Viral Pneumonia/images/Viral Pneumonia-617.png,/Users/berfinaktas/Projects/covid_project_folders/jun26_bds_int_covid/data/raw/Viral Pneumonia/masks/Viral Pneumonia-617.png,Viral Pneumonia,Viral Pneumonia,True,0.11734845388075382,0.25506591796875,0.46007108599719326
/Users/berfinaktas/Projects/covid_project_folders/jun26_bds_int_covid/data/raw/Normal/images/Normal-2061.png,/Users/berfinaktas/Projects/covid_project_folders/jun26_bds_int_covid/data/raw/Normal/masks/Normal-2061.png,Normal,Normal,True,0.31934833797244316,0.42108154296875,0.7584002274736207
/Users/berfinaktas/Projects/covid_project_folders/jun26_bds_int_covid/data/raw/Viral Pneumonia/images/Viral Pneumonia-348.png,/Users/berfinaktas/Projects/covid_project_folders/jun26_bds_int_covid/data/raw/Viral Pneumonia/masks/Viral Pneumonia-348.png,Viral Pneumonia,Viral Pneumonia,True,0.059838701752758676,0.28802490234375,0.20775530610663237
/Users/berfinaktas/Projects/covid_project_folders/jun26_bds_int_covid/data/raw/Lung_Opacity/images/Lung_Opacity-3548.png,/Users/berfinaktas/Projects/covid_project_folders/jun26_bds_int_covid/data/raw/Lung_Opacity/masks/Lung_Opacity-3548.png,Lung_Opacity,Lung_Opacity,True,0.046892284116553884,0.41357421875,0.1133829963054337
/Users/berfinaktas/Projects/covid_project_folders/jun26_bds_int_covid/data/raw/Lung_Opacity/images/Lung_Opacity-3295.png,/Users/berfinaktas/Projects/covid_project_folders/jun26_bds_int_covid/data/raw/Lung_Opacity/masks/Lung_Opacity-3295.png,Lung_Opacity,Lung_Opacity,True,0.16877779620080563,0.37261962890625,0.4529492895911547
/Users/berfinaktas/Projects/covid_project_folders/jun26_bds_int_covid/data/raw/Normal/images/Normal-5001.png,/Users/berfinaktas/Projects/covid_project_folders/jun26_bds_int_covid/data/raw/Normal/masks/Normal-5001.png,Normal,Normal,True,0.20328338107864574,0.27899169921875,0.7286359474059356
/Users/berfinaktas/Projects/covid_project_folders/jun26_bds_int_covid/data/raw/Normal/images/Normal-472.png,/Users/berfinaktas/Projects/covid_project_folders/jun26_bds_int_covid/data/raw/Normal/masks/Normal-472.png,Normal,Normal,True,0.2404019082441082,0.2755126953125,0.8725619992626205
/Users/berfinaktas/Projects/covid_project_folders/jun26_bds_int_covid/data/raw/Lung_Opacity/images/Lung_Opacity-5047.png,/Users/berfinaktas/Projects/covid_project_folders/jun26_bds_int_covid/data/raw/Lung_Opacity/masks/Lung_Opacity-5047.png,Lung_Opacity,Normal,False,0.14874229294620553,0.36114501953125,0.41186306027220404
/Users/berfinaktas/Projects/covid_project_folders/jun26_bds_int_covid/data/raw/Lung_Opacity/images/Lung_Opacity-2019.png,/Users/berfinaktas/Projects/covid_project_folders/jun26_bds_int_covid/data/raw/Lung_Opacity/masks/Lung_Opacity-2019.png,Lung_Opacity,Lung_Opacity,True,0.03798550944783184,0.3817138671875,0.09951304553778012
/Users/berfinaktas/Projects/covid_project_folders/jun26_bds_int_covid/data/raw/Normal/images/Normal-2872.png,/Users/berfinaktas/Projects/covid_project_folders/jun26_bds_int_covid/data/raw/Normal/masks/Normal-2872.png,Normal,Normal,True,0.21220240481199348,0.34429931640625,0.6163311824924129
/Users/berfinaktas/Projects/covid_project_folders/jun26_bds_int_covid/data/raw/Lung_Opacity/images/Lung_Opacity-5623.png,/Users/berfinaktas/Projects/covid_project_folders/jun26_bds_int_covid/data/raw/Lung_Opacity/masks/Lung_Opacity-5623.png,Lung_Opacity,Normal,False,0.22030377093554251,0.35357666015625,0.6230721531171981
/Users/berfinaktas/Projects/covid_project_folders/jun26_bds_int_covid/data/raw/Normal/images/Normal-5413.png,/Users/berfinaktas/Projects/covid_project_folders/jun26_bds_int_covid/data/raw/Normal/masks/Normal-5413.png,Normal,Normal,True,0.33066286420947155,0.3795166015625,0.8712737805094857
/Users/berfinaktas/Projects/covid_project_folders/jun26_bds_int_covid/data/raw/Viral Pneumonia/images/Viral Pneumonia-1125.png,/Users/berfinaktas/Projects/covid_project_folders/jun26_bds_int_covid/data/raw/Viral Pneumonia/masks/Viral Pneumonia-1125.png,Viral Pneumonia,Viral Pneumonia,True,0.1360586076036277,0.2470703125,0.550687803107173
/Users/berfinaktas/Projects/covid_project_folders/jun26_bds_int_covid/data/raw/Lung_Opacity/images/Lung_Opacity-1248.png,/Users/berfinaktas/Projects/covid_project_folders/jun26_bds_int_covid/data/raw/Lung_Opacity/masks/Lung_Opacity-1248.png,Lung_Opacity,Normal,False,0.22574674528406996,0.3807373046875,0.5929199542696701
/Users/berfinaktas/Projects/covid_project_folders/jun26_bds_int_covid/data/raw/Normal/images/Normal-8885.png,/Users/berfinaktas/Projects/covid_project_folders/jun26_bds_int_covid/data/raw/Normal/masks/Normal-8885.png,Normal,Normal,True,0.22488091366571994,0.353759765625,0.6356882141993022
/Users/berfinaktas/Projects/covid_project_folders/jun26_bds_int_covid/data/raw/Normal/images/Normal-8406.png,/Users/berfinaktas/Projects/covid_project_folders/jun26_bds_int_covid/data/raw/Normal/masks/Normal-8406.png,Normal,Normal,True,0.2934702313713852,0.45758056640625,0.6413520435892724
/Users/berfinaktas/Projects/covid_project_folders/jun26_bds_int_covid/data/raw/Normal/images/Normal-6689.png,/Users/berfinaktas/Projects/covid_project_folders/jun26_bds_int_covid/data/raw/Normal/masks/Normal-6689.png,Normal,Normal,True,0.10148681361498059,0.365478515625,0.27768202309082196
/Users/berfinaktas/Projects/covid_project_folders/jun26_bds_int_covid/data/raw/Lung_Opacity/images/Lung_Opacity-4375.png,/Users/berfinaktas/Projects/covid_project_folders/jun26_bds_int_covid/data/raw/Lung_Opacity/masks/Lung_Opacity-4375.png,Lung_Opacity,COVID,False,0.49077815605766484,0.41094970703125,1.1942535732732482
/Users/berfinaktas/Projects/covid_project_folders/jun26_bds_int_covid/data/raw/Lung_Opacity/images/Lung_Opacity-634.png,/Users/berfinaktas/Projects/covid_project_folders/jun26_bds_int_covid/data/raw/Lung_Opacity/masks/Lung_Opacity-634.png,Lung_Opacity,Lung_Opacity,True,0.026381821616912247,0.3336181640625,0.07907789340861512
/Users/berfinaktas/Projects/covid_project_folders/jun26_bds_int_covid/data/raw/Lung_Opacity/images/Lung_Opacity-3977.png,/Users/berfinaktas/Projects/covid_project_folders/jun26_bds_int_covid/data/raw/Lung_Opacity/masks/Lung_Opacity-3977.png,Lung_Opacity,Lung_Opacity,True,0.04727784359490329,0.3079833984375,0.15350776644052627
/Users/berfinaktas/Projects/covid_project_folders/jun26_bds_int_covid/data/raw/Lung_Opacity/images/Lung_Opacity-581.png,/Users/berfinaktas/Projects/covid_project_folders/jun26_bds_int_covid/data/raw/Lung_Opacity/masks/Lung_Opacity-581.png,Lung_Opacity,Lung_Opacity,True,0.06562442569374806,0.38470458984375,0.1705839426568885
/Users/berfinaktas/Projects/covid_project_folders/jun26_bds_int_covid/data/raw/Normal/images/Normal-4799.png,/Users/berfinaktas/Projects/covid_project_folders/jun26_bds_int_covid/data/raw/Normal/masks/Normal-4799.png,Normal,Normal,True,0.28482678779317777,0.3499755859375,0.8138475917689962
/Users/berfinaktas/Projects/covid_project_folders/jun26_bds_int_covid/data/raw/COVID/images/COVID-2887.png,/Users/berfinaktas/Projects/covid_project_folders/jun26_bds_int_covid/data/raw/COVID/masks/COVID-2887.png,COVID,COVID,True,0.4632913121465327,0.40802001953125,1.135462207660253
/Users/berfinaktas/Projects/covid_project_folders/jun26_bds_int_covid/data/raw/Normal/images/Normal-7453.png,/Users/berfinaktas/Projects/covid_project_folders/jun26_bds_int_covid/data/raw/Normal/masks/Normal-7453.png,Normal,Normal,True,0.16859294686208615,0.33538818359375,0.5026800439287388
/Users/berfinaktas/Projects/covid_project_folders/jun26_bds_int_covid/data/raw/Lung_Opacity/images/Lung_Opacity-2525.png,/Users/berfinaktas/Projects/covid_project_folders/jun26_bds_int_covid/data/raw/Lung_Opacity/masks/Lung_Opacity-2525.png,Lung_Opacity,Lung_Opacity,True,0.06963606285919928,0.3232421875,0.21542999506894278
/Users/berfinaktas/Projects/covid_project_folders/jun26_bds_int_covid/data/raw/Normal/images/Normal-7054.png,/Users/berfinaktas/Projects/covid_project_folders/jun26_bds_int_covid/data/raw/Normal/masks/Normal-7054.png,Normal,Normal,True,0.19856810253623836,0.397216796875,0.49989855438748143
/Users/berfinaktas/Projects/covid_project_folders/jun26_bds_int_covid/data/raw/COVID/images/COVID-2933.png,/Users/berfinaktas/Projects/covid_project_folders/jun26_bds_int_covid/data/raw/COVID/masks/COVID-2933.png,COVID,COVID,True,0.24947235839020956,0.31353759765625,0.7956696748812914
/Users/berfinaktas/Projects/covid_project_folders/jun26_bds_int_covid/data/raw/Lung_Opacity/images/Lung_Opacity-4136.png,/Users/berfinaktas/Projects/covid_project_folders/jun26_bds_int_covid/data/raw/Lung_Opacity/masks/Lung_Opacity-4136.png,Lung_Opacity,Lung_Opacity,True,0.043512648209458715,0.3529052734375,0.12329837915319466
/Users/berfinaktas/Projects/covid_project_folders/jun26_bds_int_covid/data/raw/COVID/images/COVID-3500.png,/Users/berfinaktas/Projects/covid_project_folders/jun26_bds_int_covid/data/raw/COVID/masks/COVID-3500.png,COVID,COVID,True,0.20439852827965285,0.3707275390625,0.5513443344309898
/Users/berfinaktas/Projects/covid_project_folders/jun26_bds_int_covid/data/raw/Lung_Opacity/images/Lung_Opacity-1924.png,/Users/berfinaktas/Projects/covid_project_folders/jun26_bds_int_covid/data/raw/Lung_Opacity/masks/Lung_Opacity-1924.png,Lung_Opacity,COVID,False,0.38313495315537843,0.39190673828125,0.9776176720912195
/Users/berfinaktas/Projects/covid_project_folders/jun26_bds_int_covid/data/raw/COVID/images/COVID-2866.png,/Users/berfinaktas/Projects/covid_project_folders/jun26_bds_int_covid/data/raw/COVID/masks/COVID-2866.png,COVID,COVID,True,0.2755279385162754,0.39404296875,0.6992332318232118
/Users/berfinaktas/Projects/covid_project_folders/jun26_bds_int_covid/data/raw/Lung_Opacity/images/Lung_Opacity-3230.png,/Users/berfinaktas/Projects/covid_project_folders/jun26_bds_int_covid/data/raw/Lung_Opacity/masks/Lung_Opacity-3230.png,Lung_Opacity,COVID,False,0.4210769277896359,0.39752197265625,1.0592544733464448
/Users/berfinaktas/Projects/covid_project_folders/jun26_bds_int_covid/data/raw/Normal/images/Normal-4452.png,/Users/berfinaktas/Projects/covid_project_folders/jun26_bds_int_covid/data/raw/Normal/masks/Normal-4452.png,Normal,Normal,True,0.2944079934240239,0.38153076171875,0.7716494263732535
/Users/berfinaktas/Projects/covid_project_folders/jun26_bds_int_covid/data/raw/Lung_Opacity/images/Lung_Opacity-3693.png,/Users/berfinaktas/Projects/covid_project_folders/jun26_bds_int_covid/data/raw/Lung_Opacity/masks/Lung_Opacity-3693.png,Lung_Opacity,Lung_Opacity,True,0.020809903559359827,0.29815673828125,0.06979518114975464
/Users/berfinaktas/Projects/covid_project_folders/jun26_bds_int_covid/data/raw/COVID/images/COVID-549.png,/Users/berfinaktas/Projects/covid_project_folders/jun26_bds_int_covid/data/raw/COVID/masks/COVID-549.png,COVID,COVID,True,0.3156755984625405,0.3345947265625,0.9434565861383188
/Users/berfinaktas/Projects/covid_project_folders/jun26_bds_int_covid/data/raw/Normal/images/Normal-6306.png,/Users/berfinaktas/Projects/covid_project_folders/jun26_bds_int_covid/data/raw/Normal/masks/Normal-6306.png,Normal,Normal,True,0.1395397304215726,0.37152099609375,0.3755904293128053
/Users/berfinaktas/Projects/covid_project_folders/jun26_bds_int_covid/data/raw/Normal/images/Normal-3424.png,/Users/berfinaktas/Projects/covid_project_folders/jun26_bds_int_covid/data/raw/Normal/masks/Normal-3424.png,Normal,Normal,True,0.2022237148096529,0.3084716796875,0.6555665499488234
/Users/berfinaktas/Projects/covid_project_folders/jun26_bds_int_covid/data/raw/Normal/images/Normal-7100.png,/Users/berfinaktas/Projects/covid_project_folders/jun26_bds_int_covid/data/raw/Normal/masks/Normal-7100.png,Normal,Normal,True,0.1913080456212398,0.2803955078125,0.6822792815538513
/Users/berfinaktas/Projects/covid_project_folders/jun26_bds_int_covid/data/raw/Lung_Opacity/images/Lung_Opacity-1590.png,/Users/berfinaktas/Projects/covid_project_folders/jun26_bds_int_covid/data/raw/Lung_Opacity/masks/Lung_Opacity-1590.png,Lung_Opacity,Lung_Opacity,True,0.013825961207045254,0.345703125,0.039993740892695875
/Users/berfinaktas/Projects/covid_project_folders/jun26_bds_int_covid/data/raw/Normal/images/Normal-2816.png,/Users/berfinaktas/Projects/covid_project_folders/jun26_bds_int_covid/data/raw/Normal/masks/Normal-2816.png,Normal,Normal,True,0.2729592381586737,0.33154296875,0.8232997345345563
/Users/berfinaktas/Projects/covid_project_folders/jun26_bds_int_covid/data/raw/Normal/images/Normal-999.png,/Users/berfinaktas/Projects/covid_project_folders/jun26_bds_int_covid/data/raw/Normal/masks/Normal-999.png,Normal,Viral Pneumonia,False,0.08053366075606244,0.2120361328125,0.3798110241299157
/Users/berfinaktas/Projects/covid_project_folders/jun26_bds_int_covid/data/raw/Lung_Opacity/images/Lung_Opacity-132.png,/Users/berfinaktas/Projects/covid_project_folders/jun26_bds_int_covid/data/raw/Lung_Opacity/masks/Lung_Opacity-132.png,Lung_Opacity,Lung_Opacity,True,0.07507925892821392,0.20269775390625,0.3704000536825826
/Users/berfinaktas/Projects/covid_project_folders/jun26_bds_int_covid/data/raw/COVID/images/COVID-1110.png,/Users/berfinaktas/Projects/covid_project_folders/jun26_bds_int_covid/data/raw/COVID/masks/COVID-1110.png,COVID,COVID,True,0.2848424672755545,0.37200927734375,0.7656864616640993
/Users/berfinaktas/Projects/covid_project_folders/jun26_bds_int_covid/data/raw/COVID/images/COVID-3473.png,/Users/berfinaktas/Projects/covid_project_folders/jun26_bds_int_covid/data/raw/COVID/masks/COVID-3473.png,COVID,COVID,True,0.4315706124346972,0.38653564453125,1.116509223769158
/Users/berfinaktas/Projects/covid_project_folders/jun26_bds_int_covid/data/raw/Normal/images/Normal-7385.png,/Users/berfinaktas/Projects/covid_project_folders/jun26_bds_int_covid/data/raw/Normal/masks/Normal-7385.png,Normal,Normal,True,0.12214778434058325,0.2471923828125,0.4941405675644731
/Users/berfinaktas/Projects/covid_project_folders/jun26_bds_int_covid/data/raw/Normal/images/Normal-8376.png,/Users/berfinaktas/Projects/covid_project_folders/jun26_bds_int_covid/data/raw/Normal/masks/Normal-8376.png,Normal,Normal,True,0.23812002214329125,0.38525390625,0.6180859383389867
/Users/berfinaktas/Projects/covid_project_folders/jun26_bds_int_covid/data/raw/COVID/images/COVID-2473.png,/Users/berfinaktas/Projects/covid_project_folders/jun26_bds_int_covid/data/raw/COVID/masks/COVID-2473.png,COVID,COVID,True,0.29427237523067507,0.32073974609375,0.917480227550786
/Users/berfinaktas/Projects/covid_project_folders/jun26_bds_int_covid/data/raw/Normal/images/Normal-7712.png,/Users/berfinaktas/Projects/covid_project_folders/jun26_bds_int_covid/data/raw/Normal/masks/Normal-7712.png,Normal,Normal,True,0.09044522601946837,0.2978515625,0.30365872604569055
/Users/berfinaktas/Projects/covid_project_folders/jun26_bds_int_covid/data/raw/Normal/images/Normal-7357.png,/Users/berfinaktas/Projects/covid_project_folders/jun26_bds_int_covid/data/raw/Normal/masks/Normal-7357.png,Normal,Normal,True,0.22408284790996508,0.38580322265625,0.5808216073654275
/Users/berfinaktas/Projects/covid_project_folders/jun26_bds_int_covid/data/raw/Lung_Opacity/images/Lung_Opacity-939.png,/Users/berfinaktas/Projects/covid_project_folders/jun26_bds_int_covid/data/raw/Lung_Opacity/masks/Lung_Opacity-939.png,Lung_Opacity,Lung_Opacity,True,0.020117873439813548,0.25970458984375,0.07746445086672273
/Users/berfinaktas/Projects/covid_project_folders/jun26_bds_int_covid/data/raw/Normal/images/Normal-5906.png,/Users/berfinaktas/Projects/covid_project_folders/jun26_bds_int_covid/data/raw/Normal/masks/Normal-5906.png,Normal,Normal,True,0.2234202455416659,0.4261474609375,0.5242791897672091
/Users/berfinaktas/Projects/covid_project_folders/jun26_bds_int_covid/data/raw/Normal/images/Normal-9452.png,/Users/berfinaktas/Projects/covid_project_folders/jun26_bds_int_covid/data/raw/Normal/masks/Normal-9452.png,Normal,Viral Pneumonia,False,0.25277219545028107,0.38427734375,0.657785840256894
/Users/berfinaktas/Projects/covid_project_folders/jun26_bds_int_covid/data/raw/Lung_Opacity/images/Lung_Opacity-3972.png,/Users/berfinaktas/Projects/covid_project_folders/jun26_bds_int_covid/data/raw/Lung_Opacity/masks/Lung_Opacity-3972.png,Lung_Opacity,Lung_Opacity,True,0.03536316268055343,0.3511962890625,0.10069344062533671
/Users/berfinaktas/Projects/covid_project_folders/jun26_bds_int_covid/data/raw/Lung_Opacity/images/Lung_Opacity-4530.png,/Users/berfinaktas/Projects/covid_project_folders/jun26_bds_int_covid/data/raw/Lung_Opacity/masks/Lung_Opacity-4530.png,Lung_Opacity,Lung_Opacity,True,0.028218033502492926,0.3572998046875,0.07897578765029793
/Users/berfinaktas/Projects/covid_project_folders/jun26_bds_int_covid/data/raw/Lung_Opacity/images/Lung_Opacity-890.png,/Users/berfinaktas/Projects/covid_project_folders/jun26_bds_int_covid/data/raw/Lung_Opacity/masks/Lung_Opacity-890.png,Lung_Opacity,Viral Pneumonia,False,0.16387298449017199,0.34075927734375,0.4809054232289052
/Users/berfinaktas/Projects/covid_project_folders/jun26_bds_int_covid/data/raw/Normal/images/Normal-2863.png,/Users/berfinaktas/Projects/covid_project_folders/jun26_bds_int_covid/data/raw/Normal/masks/Normal-2863.png,Normal,COVID,False,0.3775117799062317,0.40997314453125,0.920820753607816
/Users/berfinaktas/Projects/covid_project_folders/jun26_bds_int_covid/data/raw/Normal/images/Normal-3316.png,/Users/berfinaktas/Projects/covid_project_folders/jun26_bds_int_covid/data/raw/Normal/masks/Normal-3316.png,Normal,Normal,True,0.3068807984710208,0.4512939453125,0.6800020289625649
/Users/berfinaktas/Projects/covid_project_folders/jun26_bds_int_covid/data/raw/Lung_Opacity/images/Lung_Opacity-1466.png,/Users/berfinaktas/Projects/covid_project_folders/jun26_bds_int_covid/data/raw/Lung_Opacity/masks/Lung_Opacity-1466.png,Lung_Opacity,Lung_Opacity,True,0.0839327449739244,0.2506103515625,0.33491332042201105
/Users/berfinaktas/Projects/covid_project_folders/jun26_bds_int_covid/data/raw/Lung_Opacity/images/Lung_Opacity-1829.png,/Users/berfinaktas/Projects/covid_project_folders/jun26_bds_int_covid/data/raw/Lung_Opacity/masks/Lung_Opacity-1829.png,Lung_Opacity,Lung_Opacity,True,0.1944541628470969,0.415283203125,0.4682447095953609
/Users/berfinaktas/Projects/covid_project_folders/jun26_bds_int_covid/data/raw/Normal/images/Normal-7217.png,/Users/berfinaktas/Projects/covid_project_folders/jun26_bds_int_covid/data/raw/Normal/masks/Normal-7217.png,Normal,Normal,True,0.15309264810417297,0.3154296875,0.4853463518844369
/Users/berfinaktas/Projects/covid_project_folders/jun26_bds_int_covid/data/raw/Lung_Opacity/images/Lung_Opacity-3768.png,/Users/berfinaktas/Projects/covid_project_folders/jun26_bds_int_covid/data/raw/Lung_Opacity/masks/Lung_Opacity-3768.png,Lung_Opacity,Lung_Opacity,True,0.03369415745515825,0.3665771484375,0.0919155970271916
/Users/berfinaktas/Projects/covid_project_folders/jun26_bds_int_covid/data/raw/Normal/images/Normal-6775.png,/Users/berfinaktas/Projects/covid_project_folders/jun26_bds_int_covid/data/raw/Normal/masks/Normal-6775.png,Normal,Normal,True,0.21865346121372534,0.3828125,0.5711763884766703
/Users/berfinaktas/Projects/covid_project_folders/jun26_bds_int_covid/data/raw/Lung_Opacity/images/Lung_Opacity-4677.png,/Users/berfinaktas/Projects/covid_project_folders/jun26_bds_int_covid/data/raw/Lung_Opacity/masks/Lung_Opacity-4677.png,Lung_Opacity,COVID,False,0.5077930017155897,0.4197998046875,1.2096075225513554
/Users/berfinaktas/Projects/covid_project_folders/jun26_bds_int_covid/data/raw/Normal/images/Normal-4035.png,/Users/berfinaktas/Projects/covid_project_folders/jun26_bds_int_covid/data/raw/Normal/masks/Normal-4035.png,Normal,Normal,True,0.1467773137682251,0.281005859375,0.5223283033837098
/Users/berfinaktas/Projects/covid_project_folders/jun26_bds_int_covid/data/raw/COVID/images/COVID-1000.png,/Users/berfinaktas/Projects/covid_project_folders/jun26_bds_int_covid/data/raw/COVID/masks/COVID-1000.png,COVID,COVID,True,0.33050688179899734,0.360595703125,0.9165580147926156
/Users/berfinaktas/Projects/covid_project_folders/jun26_bds_int_covid/data/raw/Lung_Opacity/images/Lung_Opacity-2711.png,/Users/berfinaktas/Projects/covid_project_folders/jun26_bds_int_covid/data/raw/Lung_Opacity/masks/Lung_Opacity-2711.png,Lung_Opacity,Normal,False,0.19740160009403826,0.3289794921875,0.6000422664082974
/Users/berfinaktas/Projects/covid_project_folders/jun26_bds_int_covid/data/raw/Lung_Opacity/images/Lung_Opacity-649.png,/Users/berfinaktas/Projects/covid_project_folders/jun26_bds_int_covid/data/raw/Lung_Opacity/masks/Lung_Opacity-649.png,Lung_Opacity,Lung_Opacity,True,0.026263013763864623,0.19720458984375,0.1331764832891235
/Users/berfinaktas/Projects/covid_project_folders/jun26_bds_int_covid/data/raw/COVID/images/COVID-3483.png,/Users/berfinaktas/Projects/covid_project_folders/jun26_bds_int_covid/data/raw/COVID/masks/COVID-3483.png,COVID,COVID,True,0.26448621517421983,0.35687255859375,0.7411223104864747
/Users/berfinaktas/Projects/covid_project_folders/jun26_bds_int_covid/data/raw/Lung_Opacity/images/Lung_Opacity-4423.png,/Users/berfinaktas/Projects/covid_project_folders/jun26_bds_int_covid/data/raw/Lung_Opacity/masks/Lung_Opacity-4423.png,Lung_Opacity,Lung_Opacity,True,0.15312282675268132,0.3526611328125,0.4341925222422864
/Users/berfinaktas/Projects/covid_project_folders/jun26_bds_int_covid/data/raw/Normal/images/Normal-439.png,/Users/berfinaktas/Projects/covid_project_folders/jun26_bds_int_covid/data/raw/Normal/masks/Normal-439.png,Normal,Normal,True,0.20886856038641904,0.31463623046875,0.6638414148149543
/Users/berfinaktas/Projects/covid_project_folders/jun26_bds_int_covid/data/raw/Normal/images/Normal-6136.png,/Users/berfinaktas/Projects/covid_project_folders/jun26_bds_int_covid/data/raw/Normal/masks/Normal-6136.png,Normal,Normal,True,0.33170460880519764,0.416748046875,0.7959356049596307
/Users/berfinaktas/Projects/covid_project_folders/jun26_bds_int_covid/data/raw/Normal/images/Normal-6409.png,/Users/berfinaktas/Projects/covid_project_folders/jun26_bds_int_covid/data/raw/Normal/masks/Normal-6409.png,Normal,Lung_Opacity,False,0.02096729072973578,0.32708740234375,0.06410302133159003
/Users/berfinaktas/Projects/covid_project_folders/jun26_bds_int_covid/data/raw/Normal/images/Normal-8348.png,/Users/berfinaktas/Projects/covid_project_folders/jun26_bds_int_covid/data/raw/Normal/masks/Normal-8348.png,Normal,Normal,True,0.1287416149116717,0.3148193359375,0.4089380804018668
/Users/berfinaktas/Projects/covid_project_folders/jun26_bds_int_covid/data/raw/COVID/images/COVID-1547.png,/Users/berfinaktas/Projects/covid_project_folders/jun26_bds_int_covid/data/raw/COVID/masks/COVID-1547.png,COVID,Lung_Opacity,False,0.04186599735016344,0.285888671875,0.14644160986017887
/Users/berfinaktas/Projects/covid_project_folders/jun26_bds_int_covid/data/raw/Normal/images/Normal-3946.png,/Users/berfinaktas/Projects/covid_project_folders/jun26_bds_int_covid/data/raw/Normal/masks/Normal-3946.png,Normal,COVID,False,0.4155490253842409,0.365234375,1.1377598983782424
/Users/berfinaktas/Projects/covid_project_folders/jun26_bds_int_covid/data/raw/Normal/images/Normal-3011.png,/Users/berfinaktas/Projects/covid_project_folders/jun26_bds_int_covid/data/raw/Normal/masks/Normal-3011.png,Normal,Normal,True,0.2757300297188968,0.33172607421875,0.8311979405546284
/Users/berfinaktas/Projects/covid_project_folders/jun26_bds_int_covid/data/raw/Lung_Opacity/images/Lung_Opacity-244.png,/Users/berfinaktas/Projects/covid_project_folders/jun26_bds_int_covid/data/raw/Lung_Opacity/masks/Lung_Opacity-244.png,Lung_Opacity,Lung_Opacity,True,0.023011850993435508,0.36175537109375,0.06361163601762229
/Users/berfinaktas/Projects/covid_project_folders/jun26_bds_int_covid/data/raw/COVID/images/COVID-3388.png,/Users/berfinaktas/Projects/covid_project_folders/jun26_bds_int_covid/data/raw/COVID/masks/COVID-3388.png,COVID,COVID,True,0.24586426996922736,0.32147216796875,0.7648073284936057
/Users/berfinaktas/Projects/covid_project_folders/jun26_bds_int_covid/data/raw/Normal/images/Normal-9695.png,/Users/berfinaktas/Projects/covid_project_folders/jun26_bds_int_covid/data/raw/Normal/masks/Normal-9695.png,Normal,Normal,True,0.15203728183074527,0.25726318359375,0.5909795552823086
/Users/berfinaktas/Projects/covid_project_folders/jun26_bds_int_covid/data/raw/Lung_Opacity/images/Lung_Opacity-4343.png,/Users/berfinaktas/Projects/covid_project_folders/jun26_bds_int_covid/data/raw/Lung_Opacity/masks/Lung_Opacity-4343.png,Lung_Opacity,Normal,False,0.2052098296487425,0.3934326171875,0.5215882483656527
/Users/berfinaktas/Projects/covid_project_folders/jun26_bds_int_covid/data/raw/Lung_Opacity/images/Lung_Opacity-3339.png,/Users/berfinaktas/Projects/covid_project_folders/jun26_bds_int_covid/data/raw/Lung_Opacity/masks/Lung_Opacity-3339.png,Lung_Opacity,Lung_Opacity,True,0.08833974363438273,0.3592529296875,0.24589846410223012
/Users/berfinaktas/Projects/covid_project_folders/jun26_bds_int_covid/data/raw/Normal/images/Normal-7620.png,/Users/berfinaktas/Projects/covid_project_folders/jun26_bds_int_covid/data/raw/Normal/masks/Normal-7620.png,Normal,Normal,True,0.20415720308400667,0.2696533203125,0.7571099174577558
/Users/berfinaktas/Projects/covid_project_folders/jun26_bds_int_covid/data/raw/Normal/images/Normal-7000.png,/Users/berfinaktas/Projects/covid_project_folders/jun26_bds_int_covid/data/raw/Normal/masks/Normal-7000.png,Normal,COVID,False,0.39328509634701353,0.35394287109375,1.1111541677098586
/Users/berfinaktas/Projects/covid_project_folders/jun26_bds_int_covid/data/raw/Normal/images/Normal-2793.png,/Users/berfinaktas/Projects/covid_project_folders/jun26_bds_int_covid/data/raw/Normal/masks/Normal-2793.png,Normal,COVID,False,0.1881416783823736,0.35015869140625,0.5373040367120113
/Users/berfinaktas/Projects/covid_project_folders/jun26_bds_int_covid/data/raw/Lung_Opacity/images/Lung_Opacity-3669.png,/Users/berfinaktas/Projects/covid_project_folders/jun26_bds_int_covid/data/raw/Lung_Opacity/masks/Lung_Opacity-3669.png,Lung_Opacity,Lung_Opacity,True,0.22290604347779955,0.38397216796875,0.5805265643522918
/Users/berfinaktas/Projects/covid_project_folders/jun26_bds_int_covid/data/raw/Lung_Opacity/images/Lung_Opacity-820.png,/Users/berfinaktas/Projects/covid_project_folders/jun26_bds_int_covid/data/raw/Lung_Opacity/masks/Lung_Opacity-820.png,Lung_Opacity,Lung_Opacity,True,0.0771719944752529,0.4161376953125,0.1854482190499477
/Users/berfinaktas/Projects/covid_project_folders/jun26_bds_int_covid/data/raw/COVID/images/COVID-598.png,/Users/berfinaktas/Projects/covid_project_folders/jun26_bds_int_covid/data/raw/COVID/masks/COVID-598.png,COVID,COVID,True,0.28329117008903404,0.276123046875,1.0259598874311966
/Users/berfinaktas/Projects/covid_project_folders/jun26_bds_int_covid/data/raw/Lung_Opacity/images/Lung_Opacity-4661.png,/Users/berfinaktas/Projects/covid_project_folders/jun26_bds_int_covid/data/raw/Lung_Opacity/masks/Lung_Opacity-4661.png,Lung_Opacity,Lung_Opacity,True,0.010781299995614734,0.2655029296875,0.040607084857046394
/Users/berfinaktas/Projects/covid_project_folders/jun26_bds_int_covid/data/raw/Normal/images/Normal-3275.png,/Users/berfinaktas/Projects/covid_project_folders/jun26_bds_int_covid/data/raw/Normal/masks/Normal-3275.png,Normal,Normal,True,0.2969285628792376,0.33306884765625,0.8914930500665986
/Users/berfinaktas/Projects/covid_project_folders/jun26_bds_int_covid/data/raw/Normal/images/Normal-2721.png,/Users/berfinaktas/Projects/covid_project_folders/jun26_bds_int_covid/data/raw/Normal/masks/Normal-2721.png,Normal,Normal,True,0.30403262393310615,0.41217041015625,0.7376381623752423
/Users/berfinaktas/Projects/covid_project_folders/jun26_bds_int_covid/data/raw/Normal/images/Normal-8253.png,/Users/berfinaktas/Projects/covid_project_folders/jun26_bds_int_covid/data/raw/Normal/masks/Normal-8253.png,Normal,Normal,True,0.24766038644176153,0.43389892578125,0.5707789803716163
/Users/berfinaktas/Projects/covid_project_folders/jun26_bds_int_covid/data/raw/Lung_Opacity/images/Lung_Opacity-894.png,/Users/berfinaktas/Projects/covid_project_folders/jun26_bds_int_covid/data/raw/Lung_Opacity/masks/Lung_Opacity-894.png,Lung_Opacity,Lung_Opacity,True,0.053519308617512716,0.2947998046875,0.18154458641601
/Users/berfinaktas/Projects/covid_project_folders/jun26_bds_int_covid/data/raw/Lung_Opacity/images/Lung_Opacity-1434.png,/Users/berfinaktas/Projects/covid_project_folders/jun26_bds_int_covid/data/raw/Lung_Opacity/masks/Lung_Opacity-1434.png,Lung_Opacity,COVID,False,0.29193090591257864,0.29278564453125,0.9970806675988511
/Users/berfinaktas/Projects/covid_project_folders/jun26_bds_int_covid/data/raw/Lung_Opacity/images/Lung_Opacity-276.png,/Users/berfinaktas/Projects/covid_project_folders/jun26_bds_int_covid/data/raw/Lung_Opacity/masks/Lung_Opacity-276.png,Lung_Opacity,Lung_Opacity,True,0.01529334475263092,0.23797607421875,0.06426421144578225
/Users/berfinaktas/Projects/covid_project_folders/jun26_bds_int_covid/data/raw/Normal/images/Normal-4781.png,/Users/berfinaktas/Projects/covid_project_folders/jun26_bds_int_covid/data/raw/Normal/masks/Normal-4781.png,Normal,Normal,True,0.314598334914989,0.44207763671875,0.7116359408045257
/Users/berfinaktas/Projects/covid_project_folders/jun26_bds_int_covid/data/raw/Viral Pneumonia/images/Viral Pneumonia-576.png,/Users/berfinaktas/Projects/covid_project_folders/jun26_bds_int_covid/data/raw/Viral Pneumonia/masks/Viral Pneumonia-576.png,Viral Pneumonia,Viral Pneumonia,True,0.16787095990591772,0.274658203125,0.611199512688568
/Users/berfinaktas/Projects/covid_project_folders/jun26_bds_int_covid/data/raw/COVID/images/COVID-3180.png,/Users/berfinaktas/Projects/covid_project_folders/jun26_bds_int_covid/data/raw/COVID/masks/COVID-3180.png,COVID,COVID,True,0.484530008914518,0.35699462890625,1.3572473356224077
/Users/berfinaktas/Projects/covid_project_folders/jun26_bds_int_covid/data/raw/Normal/images/Normal-2350.png,/Users/berfinaktas/Projects/covid_project_folders/jun26_bds_int_covid/data/raw/Normal/masks/Normal-2350.png,Normal,Normal,True,0.22269872035282642,0.28619384765625,0.7781394400214775
/Users/berfinaktas/Projects/covid_project_folders/jun26_bds_int_covid/data/raw/Lung_Opacity/images/Lung_Opacity-3839.png,/Users/berfinaktas/Projects/covid_project_folders/jun26_bds_int_covid/data/raw/Lung_Opacity/masks/Lung_Opacity-3839.png,Lung_Opacity,Lung_Opacity,True,0.02383645711492028,0.341552734375,0.06978851203910898
/Users/berfinaktas/Projects/covid_project_folders/jun26_bds_int_covid/data/raw/Normal/images/Normal-1936.png,/Users/berfinaktas/Projects/covid_project_folders/jun26_bds_int_covid/data/raw/Normal/masks/Normal-1936.png,Normal,Lung_Opacity,False,0.06683034062176728,0.34100341796875,0.1959814391886585
/Users/berfinaktas/Projects/covid_project_folders/jun26_bds_int_covid/data/raw/Normal/images/Normal-879.png,/Users/berfinaktas/Projects/covid_project_folders/jun26_bds_int_covid/data/raw/Normal/masks/Normal-879.png,Normal,Viral Pneumonia,False,0.07843765337289235,0.25323486328125,0.3097427121864228
/Users/berfinaktas/Projects/covid_project_folders/jun26_bds_int_covid/data/raw/Normal/images/Normal-9458.png,/Users/berfinaktas/Projects/covid_project_folders/jun26_bds_int_covid/data/raw/Normal/masks/Normal-9458.png,Normal,Normal,True,0.23978617320960344,0.30712890625,0.7807346307365148
/Users/berfinaktas/Projects/covid_project_folders/jun26_bds_int_covid/data/raw/Lung_Opacity/images/Lung_Opacity-270.png,/Users/berfinaktas/Projects/covid_project_folders/jun26_bds_int_covid/data/raw/Lung_Opacity/masks/Lung_Opacity-270.png,Lung_Opacity,Lung_Opacity,True,0.019967091342581282,0.3477783203125,0.0574132721229996
/Users/berfinaktas/Projects/covid_project_folders/jun26_bds_int_covid/data/raw/Normal/images/Normal-5510.png,/Users/berfinaktas/Projects/covid_project_folders/jun26_bds_int_covid/data/raw/Normal/masks/Normal-5510.png,Normal,COVID,False,0.24807733472818977,0.382568359375,0.6484523057094227
/Users/berfinaktas/Projects/covid_project_folders/jun26_bds_int_covid/data/raw/Normal/images/Normal-1603.png,/Users/berfinaktas/Projects/covid_project_folders/jun26_bds_int_covid/data/raw/Normal/masks/Normal-1603.png,Normal,Lung_Opacity,False,0.01724679166159168,0.3665771484375,0.047048190906346675
/Users/berfinaktas/Projects/covid_project_folders/jun26_bds_int_covid/data/raw/Normal/images/Normal-1398.png,/Users/berfinaktas/Projects/covid_project_folders/jun26_bds_int_covid/data/raw/Normal/masks/Normal-1398.png,Normal,Viral Pneumonia,False,0.1265924796986938,0.265625,0.47658345298331783
/Users/berfinaktas/Projects/covid_project_folders/jun26_bds_int_covid/data/raw/Normal/images/Normal-9009.png,/Users/berfinaktas/Projects/covid_project_folders/jun26_bds_int_covid/data/raw/Normal/masks/Normal-9009.png,Normal,COVID,False,0.2497275008671919,0.37603759765625,0.6641024791767687
/Users/berfinaktas/Projects/covid_project_folders/jun26_bds_int_covid/data/raw/Normal/images/Normal-1774.png,/Users/berfinaktas/Projects/covid_project_folders/jun26_bds_int_covid/data/raw/Normal/masks/Normal-1774.png,Normal,Normal,True,0.24304317066415373,0.2945556640625,0.825117966879713
/Users/berfinaktas/Projects/covid_project_folders/jun26_bds_int_covid/data/raw/Lung_Opacity/images/Lung_Opacity-1263.png,/Users/berfinaktas/Projects/covid_project_folders/jun26_bds_int_covid/data/raw/Lung_Opacity/masks/Lung_Opacity-1263.png,Lung_Opacity,Lung_Opacity,True,0.0948053099903333,0.40155029296875,0.2360982214442348
/Users/berfinaktas/Projects/covid_project_folders/jun26_bds_int_covid/data/raw/Normal/images/Normal-5382.png,/Users/berfinaktas/Projects/covid_project_folders/jun26_bds_int_covid/data/raw/Normal/masks/Normal-5382.png,Normal,Normal,True,0.1916014167324129,0.4234619140625,0.45246434300142013
/Users/berfinaktas/Projects/covid_project_folders/jun26_bds_int_covid/data/raw/Normal/images/Normal-2871.png,/Users/berfinaktas/Projects/covid_project_folders/jun26_bds_int_covid/data/raw/Normal/masks/Normal-2871.png,Normal,Normal,True,0.16114933907121992,0.4287109375,0.37589276357387064
/Users/berfinaktas/Projects/covid_project_folders/jun26_bds_int_covid/data/raw/Lung_Opacity/images/Lung_Opacity-2342.png,/Users/berfinaktas/Projects/covid_project_folders/jun26_bds_int_covid/data/raw/Lung_Opacity/masks/Lung_Opacity-2342.png,Lung_Opacity,Lung_Opacity,True,0.04980359709836225,0.40057373046875,0.12433066202339892
/Users/berfinaktas/Projects/covid_project_folders/jun26_bds_int_covid/data/raw/Normal/images/Normal-6782.png,/Users/berfinaktas/Projects/covid_project_folders/jun26_bds_int_covid/data/raw/Normal/masks/Normal-6782.png,Normal,Normal,True,0.33298690227793254,0.42431640625,0.7847608467954037
/Users/berfinaktas/Projects/covid_project_folders/jun26_bds_int_covid/data/raw/Viral Pneumonia/images/Viral Pneumonia-279.png,/Users/berfinaktas/Projects/covid_project_folders/jun26_bds_int_covid/data/raw/Viral Pneumonia/masks/Viral Pneumonia-279.png,Viral Pneumonia,Viral Pneumonia,True,0.12394784840292061,0.33111572265625,0.37433392594165
/Users/berfinaktas/Projects/covid_project_folders/jun26_bds_int_covid/data/raw/Normal/images/Normal-2502.png,/Users/berfinaktas/Projects/covid_project_folders/jun26_bds_int_covid/data/raw/Normal/masks/Normal-2502.png,Normal,Normal,True,0.23624818735351366,0.26348876953125,0.8966157752142617
/Users/berfinaktas/Projects/covid_project_folders/jun26_bds_int_covid/data/raw/COVID/images/COVID-3001.png,/Users/berfinaktas/Projects/covid_project_folders/jun26_bds_int_covid/data/raw/COVID/masks/COVID-3001.png,COVID,COVID,True,0.4183892127810826,0.26715087890625,1.5661158012806162
/Users/berfinaktas/Projects/covid_project_folders/jun26_bds_int_covid/data/raw/Normal/images/Normal-1626.png,/Users/berfinaktas/Projects/covid_project_folders/jun26_bds_int_covid/data/raw/Normal/masks/Normal-1626.png,Normal,Normal,True,0.20573583521817815,0.30914306640625,0.6655036375547149
/Users/berfinaktas/Projects/covid_project_folders/jun26_bds_int_covid/data/raw/Lung_Opacity/images/Lung_Opacity-4901.png,/Users/berfinaktas/Projects/covid_project_folders/jun26_bds_int_covid/data/raw/Lung_Opacity/masks/Lung_Opacity-4901.png,Lung_Opacity,Lung_Opacity,True,0.09514815286210668,0.25079345703125,0.37938849756455484
/Users/berfinaktas/Projects/covid_project_folders/jun26_bds_int_covid/data/raw/Normal/images/Normal-900.png,/Users/berfinaktas/Projects/covid_project_folders/jun26_bds_int_covid/data/raw/Normal/masks/Normal-900.png,Normal,Viral Pneumonia,False,0.14182349771987499,0.27587890625,0.5140788023545203
/Users/berfinaktas/Projects/covid_project_folders/jun26_bds_int_covid/data/raw/Normal/images/Normal-9906.png,/Users/berfinaktas/Projects/covid_project_folders/jun26_bds_int_covid/data/raw/Normal/masks/Normal-9906.png,Normal,Normal,True,0.18022867743176063,0.33746337890625,0.5340688462727377
/Users/berfinaktas/Projects/covid_project_folders/jun26_bds_int_covid/data/raw/Normal/images/Normal-6270.png,/Users/berfinaktas/Projects/covid_project_folders/jun26_bds_int_covid/data/raw/Normal/masks/Normal-6270.png,Normal,Normal,True,0.1327829078777259,0.3363037109375,0.3948303380523886
/Users/berfinaktas/Projects/covid_project_folders/jun26_bds_int_covid/data/raw/Normal/images/Normal-9342.png,/Users/berfinaktas/Projects/covid_project_folders/jun26_bds_int_covid/data/raw/Normal/masks/Normal-9342.png,Normal,Normal,True,0.1616212084867236,0.28424072265625,0.5686068026296928
/Users/berfinaktas/Projects/covid_project_folders/jun26_bds_int_covid/data/raw/Lung_Opacity/images/Lung_Opacity-1174.png,/Users/berfinaktas/Projects/covid_project_folders/jun26_bds_int_covid/data/raw/Lung_Opacity/masks/Lung_Opacity-1174.png,Lung_Opacity,Lung_Opacity,True,0.03978944993827823,0.32598876953125,0.12205773222032401
/Users/berfinaktas/Projects/covid_project_folders/jun26_bds_int_covid/data/raw/Lung_Opacity/images/Lung_Opacity-5881.png,/Users/berfinaktas/Projects/covid_project_folders/jun26_bds_int_covid/data/raw/Lung_Opacity/masks/Lung_Opacity-5881.png,Lung_Opacity,Lung_Opacity,True,0.1576071844376297,0.3714599609375,0.4242911780851339
/Users/berfinaktas/Projects/covid_project_folders/jun26_bds_int_covid/data/raw/Normal/images/Normal-7515.png,/Users/berfinaktas/Projects/covid_project_folders/jun26_bds_int_covid/data/raw/Normal/masks/Normal-7515.png,Normal,Normal,True,0.24540044886455736,0.41339111328125,0.5936277800379312
/Users/berfinaktas/Projects/covid_project_folders/jun26_bds_int_covid/data/raw/Normal/images/Normal-8704.png,/Users/berfinaktas/Projects/covid_project_folders/jun26_bds_int_covid/data/raw/Normal/masks/Normal-8704.png,Normal,Normal,True,0.2304057545603726,0.314208984375,0.7332882445060499
/Users/berfinaktas/Projects/covid_project_folders/jun26_bds_int_covid/data/raw/Normal/images/Normal-5306.png,/Users/berfinaktas/Projects/covid_project_folders/jun26_bds_int_covid/data/raw/Normal/masks/Normal-5306.png,Normal,Normal,True,0.16364661915985493,0.28265380859375,0.5789648474012229
/Users/berfinaktas/Projects/covid_project_folders/jun26_bds_int_covid/data/raw/Normal/images/Normal-5834.png,/Users/berfinaktas/Projects/covid_project_folders/jun26_bds_int_covid/data/raw/Normal/masks/Normal-5834.png,Normal,Normal,True,0.30687021008380516,0.36981201171875,0.8298005482774491
/Users/berfinaktas/Projects/covid_project_folders/jun26_bds_int_covid/data/raw/Normal/images/Normal-7349.png,/Users/berfinaktas/Projects/covid_project_folders/jun26_bds_int_covid/data/raw/Normal/masks/Normal-7349.png,Normal,Normal,True,0.27611779114064156,0.34149169921875,0.8085636979532209
/Users/berfinaktas/Projects/covid_project_folders/jun26_bds_int_covid/data/raw/Viral Pneumonia/images/Viral Pneumonia-1111.png,/Users/berfinaktas/Projects/covid_project_folders/jun26_bds_int_covid/data/raw/Viral Pneumonia/masks/Viral Pneumonia-1111.png,Viral Pneumonia,Viral Pneumonia,True,0.12243633074263045,0.25616455078125,0.4779596957081862
/Users/berfinaktas/Projects/covid_project_folders/jun26_bds_int_covid/data/raw/Normal/images/Normal-4040.png,/Users/berfinaktas/Projects/covid_project_folders/jun26_bds_int_covid/data/raw/Normal/masks/Normal-4040.png,Normal,Normal,True,0.29561180882387206,0.3800048828125,0.7779158168599936
/Users/berfinaktas/Projects/covid_project_folders/jun26_bds_int_covid/data/raw/Normal/images/Normal-7007.png,/Users/berfinaktas/Projects/covid_project_folders/jun26_bds_int_covid/data/raw/Normal/masks/Normal-7007.png,Normal,COVID,False,0.30989066974929924,0.340576171875,0.9099012066617417
/Users/berfinaktas/Projects/covid_project_folders/jun26_bds_int_covid/data/raw/Normal/images/Normal-859.png,/Users/berfinaktas/Projects/covid_project_folders/jun26_bds_int_covid/data/raw/Normal/masks/Normal-859.png,Normal,Normal,True,0.22336202841953737,0.42205810546875,0.5292210374006797
/Users/berfinaktas/Projects/covid_project_folders/jun26_bds_int_covid/data/raw/Normal/images/Normal-2489.png,/Users/berfinaktas/Projects/covid_project_folders/jun26_bds_int_covid/data/raw/Normal/masks/Normal-2489.png,Normal,Normal,True,0.2880892819833539,0.34649658203125,0.8314347007249022
/Users/berfinaktas/Projects/covid_project_folders/jun26_bds_int_covid/data/raw/Lung_Opacity/images/Lung_Opacity-3503.png,/Users/berfinaktas/Projects/covid_project_folders/jun26_bds_int_covid/data/raw/Lung_Opacity/masks/Lung_Opacity-3503.png,Lung_Opacity,Lung_Opacity,True,0.13632930678354882,0.322998046875,0.42207470943720027
/Users/berfinaktas/Projects/covid_project_folders/jun26_bds_int_covid/data/raw/Normal/images/Normal-735.png,/Users/berfinaktas/Projects/covid_project_folders/jun26_bds_int_covid/data/raw/Normal/masks/Normal-735.png,Normal,Viral Pneumonia,False,0.12468828290018229,0.2579345703125,0.4834105127866982
/Users/berfinaktas/Projects/covid_project_folders/jun26_bds_int_covid/data/raw/Normal/images/Normal-2034.png,/Users/berfinaktas/Projects/covid_project_folders/jun26_bds_int_covid/data/raw/Normal/masks/Normal-2034.png,Normal,Normal,True,0.10171696126958807,0.38568115234375,0.26373329536966783
/Users/berfinaktas/Projects/covid_project_folders/jun26_bds_int_covid/data/raw/Lung_Opacity/images/Lung_Opacity-5452.png,/Users/berfinaktas/Projects/covid_project_folders/jun26_bds_int_covid/data/raw/Lung_Opacity/masks/Lung_Opacity-5452.png,Lung_Opacity,Lung_Opacity,True,0.031799819221581704,0.3509521484375,0.09061012836980777
/Users/berfinaktas/Projects/covid_project_folders/jun26_bds_int_covid/data/raw/Normal/images/Normal-3152.png,/Users/berfinaktas/Projects/covid_project_folders/jun26_bds_int_covid/data/raw/Normal/masks/Normal-3152.png,Normal,Normal,True,0.22527025627024377,0.40814208984375,0.5519407624841743
/Users/berfinaktas/Projects/covid_project_folders/jun26_bds_int_covid/data/raw/Normal/images/Normal-6724.png,/Users/berfinaktas/Projects/covid_project_folders/jun26_bds_int_covid/data/raw/Normal/masks/Normal-6724.png,Normal,Normal,True,0.2944168224321357,0.401123046875,0.7339813175179719
/Users/berfinaktas/Projects/covid_project_folders/jun26_bds_int_covid/data/raw/Normal/images/Normal-1078.png,/Users/berfinaktas/Projects/covid_project_folders/jun26_bds_int_covid/data/raw/Normal/masks/Normal-1078.png,Normal,Normal,True,0.2932664823938938,0.33758544921875,0.8687177811501638
/Users/berfinaktas/Projects/covid_project_folders/jun26_bds_int_covid/data/raw/Normal/images/Normal-2771.png,/Users/berfinaktas/Projects/covid_project_folders/jun26_bds_int_covid/data/raw/Normal/masks/Normal-2771.png,Normal,Normal,True,0.18240752665794416,0.2689208984375,0.6782943524202808
/Users/berfinaktas/Projects/covid_project_folders/jun26_bds_int_covid/data/raw/COVID/images/COVID-1682.png,/Users/berfinaktas/Projects/covid_project_folders/jun26_bds_int_covid/data/raw/COVID/masks/COVID-1682.png,COVID,COVID,True,0.3665229392676108,0.33544921875,1.0926331581078121
/Users/berfinaktas/Projects/covid_project_folders/jun26_bds_int_covid/data/raw/Normal/images/Normal-4633.png,/Users/berfinaktas/Projects/covid_project_folders/jun26_bds_int_covid/data/raw/Normal/masks/Normal-4633.png,Normal,Normal,True,0.25397455501995925,0.294189453125,0.8633027198022847
/Users/berfinaktas/Projects/covid_project_folders/jun26_bds_int_covid/data/raw/COVID/images/COVID-1350.png,/Users/berfinaktas/Projects/covid_project_folders/jun26_bds_int_covid/data/raw/COVID/masks/COVID-1350.png,COVID,COVID,True,0.3766978972370892,0.32208251953125,1.1695695183499089
/Users/berfinaktas/Projects/covid_project_folders/jun26_bds_int_covid/data/raw/Normal/images/Normal-5462.png,/Users/berfinaktas/Projects/covid_project_folders/jun26_bds_int_covid/data/raw/Normal/masks/Normal-5462.png,Normal,Normal,True,0.24235978011600345,0.3626708984375,0.6682636549008079
/Users/berfinaktas/Projects/covid_project_folders/jun26_bds_int_covid/data/raw/Lung_Opacity/images/Lung_Opacity-5037.png,/Users/berfinaktas/Projects/covid_project_folders/jun26_bds_int_covid/data/raw/Lung_Opacity/masks/Lung_Opacity-5037.png,Lung_Opacity,Lung_Opacity,True,0.008000810885677398,0.3927001953125,0.020373839843167315
/Users/berfinaktas/Projects/covid_project_folders/jun26_bds_int_covid/data/raw/Normal/images/Normal-95.png,/Users/berfinaktas/Projects/covid_project_folders/jun26_bds_int_covid/data/raw/Normal/masks/Normal-95.png,Normal,Viral Pneumonia,False,0.09565864672224227,0.28350830078125,0.3374103913664623
/Users/berfinaktas/Projects/covid_project_folders/jun26_bds_int_covid/data/raw/Normal/images/Normal-10036.png,/Users/berfinaktas/Projects/covid_project_folders/jun26_bds_int_covid/data/raw/Normal/masks/Normal-10036.png,Normal,Normal,True,0.12178229775296237,0.390869140625,0.3115679522774103
/Users/berfinaktas/Projects/covid_project_folders/jun26_bds_int_covid/data/raw/Normal/images/Normal-1043.png,/Users/berfinaktas/Projects/covid_project_folders/jun26_bds_int_covid/data/raw/Normal/masks/Normal-1043.png,Normal,Normal,True,0.2370455091930663,0.29449462890625,0.8049230305946525
/Users/berfinaktas/Projects/covid_project_folders/jun26_bds_int_covid/data/raw/Normal/images/Normal-3162.png,/Users/berfinaktas/Projects/covid_project_folders/jun26_bds_int_covid/data/raw/Normal/masks/Normal-3162.png,Normal,Normal,True,0.1689441868657631,0.28619384765625,0.5903138318636516
/Users/berfinaktas/Projects/covid_project_folders/jun26_bds_int_covid/data/raw/Lung_Opacity/images/Lung_Opacity-5570.png,/Users/berfinaktas/Projects/covid_project_folders/jun26_bds_int_covid/data/raw/Lung_Opacity/masks/Lung_Opacity-5570.png,Lung_Opacity,Lung_Opacity,True,0.06603987886500604,0.3282470703125,0.2011895454303196
/Users/berfinaktas/Projects/covid_project_folders/jun26_bds_int_covid/data/raw/Lung_Opacity/images/Lung_Opacity-3195.png,/Users/berfinaktas/Projects/covid_project_folders/jun26_bds_int_covid/data/raw/Lung_Opacity/masks/Lung_Opacity-3195.png,Lung_Opacity,Lung_Opacity,True,0.03087876977338133,0.4083251953125,0.07562298415053509
/Users/berfinaktas/Projects/covid_project_folders/jun26_bds_int_covid/data/raw/COVID/images/COVID-1209.png,/Users/berfinaktas/Projects/covid_project_folders/jun26_bds_int_covid/data/raw/COVID/masks/COVID-1209.png,COVID,COVID,True,0.3898716151290242,0.3699951171875,1.053720973651259
/Users/berfinaktas/Projects/covid_project_folders/jun26_bds_int_covid/data/raw/COVID/images/COVID-2077.png,/Users/berfinaktas/Projects/covid_project_folders/jun26_bds_int_covid/data/raw/COVID/masks/COVID-2077.png,COVID,COVID,True,0.3202239446770613,0.311767578125,1.0271239447120148
/Users/berfinaktas/Projects/covid_project_folders/jun26_bds_int_covid/data/raw/Lung_Opacity/images/Lung_Opacity-5684.png,/Users/berfinaktas/Projects/covid_project_folders/jun26_bds_int_covid/data/raw/Lung_Opacity/masks/Lung_Opacity-5684.png,Lung_Opacity,Normal,False,0.14820064829327317,0.29150390625,0.5084002139105921
/Users/berfinaktas/Projects/covid_project_folders/jun26_bds_int_covid/data/raw/Normal/images/Normal-8869.png,/Users/berfinaktas/Projects/covid_project_folders/jun26_bds_int_covid/data/raw/Normal/masks/Normal-8869.png,Normal,Normal,True,0.32980418973254827,0.4261474609375,0.7739203443967446
/Users/berfinaktas/Projects/covid_project_folders/jun26_bds_int_covid/data/raw/Normal/images/Normal-4780.png,/Users/berfinaktas/Projects/covid_project_folders/jun26_bds_int_covid/data/raw/Normal/masks/Normal-4780.png,Normal,Normal,True,0.28824453482219603,0.3721923828125,0.7744503867705576
/Users/berfinaktas/Projects/covid_project_folders/jun26_bds_int_covid/data/raw/Normal/images/Normal-3748.png,/Users/berfinaktas/Projects/covid_project_folders/jun26_bds_int_covid/data/raw/Normal/masks/Normal-3748.png,Normal,Normal,True,0.26019522252488025,0.36468505859375,0.7134792511878892
/Users/berfinaktas/Projects/covid_project_folders/jun26_bds_int_covid/data/raw/Normal/images/Normal-6506.png,/Users/berfinaktas/Projects/covid_project_folders/jun26_bds_int_covid/data/raw/Normal/masks/Normal-6506.png,Normal,COVID,False,0.2379536704178488,0.311767578125,0.7632405904710327
/Users/berfinaktas/Projects/covid_project_folders/jun26_bds_int_covid/data/raw/Normal/images/Normal-167.png,/Users/berfinaktas/Projects/covid_project_folders/jun26_bds_int_covid/data/raw/Normal/masks/Normal-167.png,Normal,Normal,True,0.22738346416612645,0.26959228515625,0.8434346110250884
/Users/berfinaktas/Projects/covid_project_folders/jun26_bds_int_covid/data/raw/Lung_Opacity/images/Lung_Opacity-4932.png,/Users/berfinaktas/Projects/covid_project_folders/jun26_bds_int_covid/data/raw/Lung_Opacity/masks/Lung_Opacity-4932.png,Lung_Opacity,Normal,False,0.19269802362151078,0.37371826171875,0.5156237822986824
/Users/berfinaktas/Projects/covid_project_folders/jun26_bds_int_covid/data/raw/Normal/images/Normal-9244.png,/Users/berfinaktas/Projects/covid_project_folders/jun26_bds_int_covid/data/raw/Normal/masks/Normal-9244.png,Normal,Normal,True,0.33586877650689395,0.44921875,0.7476731024849117
/Users/berfinaktas/Projects/covid_project_folders/jun26_bds_int_covid/data/raw/COVID/images/COVID-1400.png,/Users/berfinaktas/Projects/covid_project_folders/jun26_bds_int_covid/data/raw/COVID/masks/COVID-1400.png,COVID,Lung_Opacity,False,0.011850074289626023,0.24786376953125,0.04780881978853306
/Users/berfinaktas/Projects/covid_project_folders/jun26_bds_int_covid/data/raw/Normal/images/Normal-1633.png,/Users/berfinaktas/Projects/covid_project_folders/jun26_bds_int_covid/data/raw/Normal/masks/Normal-1633.png,Normal,Normal,True,0.34230395781578016,0.3902587890625,0.8771204324137851
/Users/berfinaktas/Projects/covid_project_folders/jun26_bds_int_covid/data/raw/Normal/images/Normal-2965.png,/Users/berfinaktas/Projects/covid_project_folders/jun26_bds_int_covid/data/raw/Normal/masks/Normal-2965.png,Normal,Normal,True,0.17129008629321094,0.3819580078125,0.4484526644020403
/Users/berfinaktas/Projects/covid_project_folders/jun26_bds_int_covid/data/raw/Lung_Opacity/images/Lung_Opacity-3054.png,/Users/berfinaktas/Projects/covid_project_folders/jun26_bds_int_covid/data/raw/Lung_Opacity/masks/Lung_Opacity-3054.png,Lung_Opacity,Lung_Opacity,True,0.1079301674834897,0.33892822265625,0.31844550045912035
/Users/berfinaktas/Projects/covid_project_folders/jun26_bds_int_covid/data/raw/Lung_Opacity/images/Lung_Opacity-1725.png,/Users/berfinaktas/Projects/covid_project_folders/jun26_bds_int_covid/data/raw/Lung_Opacity/masks/Lung_Opacity-1725.png,Lung_Opacity,Lung_Opacity,True,0.046729105329719745,0.382568359375,0.12214576606926106
/Users/berfinaktas/Projects/covid_project_folders/jun26_bds_int_covid/data/raw/Normal/images/Normal-2339.png,/Users/berfinaktas/Projects/covid_project_folders/jun26_bds_int_covid/data/raw/Normal/masks/Normal-2339.png,Normal,Normal,True,0.162928053797612,0.3126220703125,0.5211661916087612
/Users/berfinaktas/Projects/covid_project_folders/jun26_bds_int_covid/data/raw/Normal/images/Normal-4973.png,/Users/berfinaktas/Projects/covid_project_folders/jun26_bds_int_covid/data/raw/Normal/masks/Normal-4973.png,Normal,Normal,True,0.25754168615112655,0.4241943359375,0.6071313648777061
/Users/berfinaktas/Projects/covid_project_folders/jun26_bds_int_covid/data/raw/Normal/images/Normal-3997.png,/Users/berfinaktas/Projects/covid_project_folders/jun26_bds_int_covid/data/raw/Normal/masks/Normal-3997.png,Normal,Normal,True,0.23333194248024647,0.406982421875,0.5733219174559625
/Users/berfinaktas/Projects/covid_project_folders/jun26_bds_int_covid/data/raw/COVID/images/COVID-561.png,/Users/berfinaktas/Projects/covid_project_folders/jun26_bds_int_covid/data/raw/COVID/masks/COVID-561.png,COVID,COVID,True,0.3241119482756292,0.38519287109375,0.841427691419412
/Users/berfinaktas/Projects/covid_project_folders/jun26_bds_int_covid/data/raw/Normal/images/Normal-97.png,/Users/berfinaktas/Projects/covid_project_folders/jun26_bds_int_covid/data/raw/Normal/masks/Normal-97.png,Normal,Normal,True,0.19852621533980083,0.2493896484375,0.7960483387487266
/Users/berfinaktas/Projects/covid_project_folders/jun26_bds_int_covid/data/raw/Viral Pneumonia/images/Viral Pneumonia-543.png,/Users/berfinaktas/Projects/covid_project_folders/jun26_bds_int_covid/data/raw/Viral Pneumonia/masks/Viral Pneumonia-543.png,Viral Pneumonia,Viral Pneumonia,True,0.17162433335350546,0.3182373046875,0.5392967160843563
/Users/berfinaktas/Projects/covid_project_folders/jun26_bds_int_covid/data/raw/Viral Pneumonia/images/Viral Pneumonia-190.png,/Users/berfinaktas/Projects/covid_project_folders/jun26_bds_int_covid/data/raw/Viral Pneumonia/masks/Viral Pneumonia-190.png,Viral Pneumonia,Viral Pneumonia,True,0.14163638819254804,0.3463134765625,0.4089831836705511
/Users/berfinaktas/Projects/covid_project_folders/jun26_bds_int_covid/data/raw/COVID/images/COVID-2478.png,/Users/berfinaktas/Projects/covid_project_folders/jun26_bds_int_covid/data/raw/COVID/masks/COVID-2478.png,COVID,COVID,True,0.25546619349988214,0.25909423828125,0.9859972000711588
/Users/berfinaktas/Projects/covid_project_folders/jun26_bds_int_covid/data/raw/Lung_Opacity/images/Lung_Opacity-2777.png,/Users/berfinaktas/Projects/covid_project_folders/jun26_bds_int_covid/data/raw/Lung_Opacity/masks/Lung_Opacity-2777.png,Lung_Opacity,Normal,False,0.19188788969447018,0.382080078125,0.5022190390981149
/Users/berfinaktas/Projects/covid_project_folders/jun26_bds_int_covid/data/raw/Lung_Opacity/images/Lung_Opacity-4568.png,/Users/berfinaktas/Projects/covid_project_folders/jun26_bds_int_covid/data/raw/Lung_Opacity/masks/Lung_Opacity-4568.png,Lung_Opacity,Lung_Opacity,True,0.03254937259289851,0.3316650390625,0.09813929344167265
/Users/berfinaktas/Projects/covid_project_folders/jun26_bds_int_covid/data/raw/Lung_Opacity/images/Lung_Opacity-4493.png,/Users/berfinaktas/Projects/covid_project_folders/jun26_bds_int_covid/data/raw/Lung_Opacity/masks/Lung_Opacity-4493.png,Lung_Opacity,Lung_Opacity,True,0.10502574770903465,0.370849609375,0.2832030695300895
/Users/berfinaktas/Projects/covid_project_folders/jun26_bds_int_covid/data/raw/Lung_Opacity/images/Lung_Opacity-4690.png,/Users/berfinaktas/Projects/covid_project_folders/jun26_bds_int_covid/data/raw/Lung_Opacity/masks/Lung_Opacity-4690.png,Lung_Opacity,Normal,False,0.30799029274513134,0.37835693359375,0.8140204801316715
/Users/berfinaktas/Projects/covid_project_folders/jun26_bds_int_covid/data/raw/Normal/images/Normal-3684.png,/Users/berfinaktas/Projects/covid_project_folders/jun26_bds_int_covid/data/raw/Normal/masks/Normal-3684.png,Normal,Normal,True,0.07300285242120992,0.389892578125,0.18723837414982833
/Users/berfinaktas/Projects/covid_project_folders/jun26_bds_int_covid/data/raw/Lung_Opacity/images/Lung_Opacity-1770.png,/Users/berfinaktas/Projects/covid_project_folders/jun26_bds_int_covid/data/raw/Lung_Opacity/masks/Lung_Opacity-1770.png,Lung_Opacity,Lung_Opacity,True,0.010793106827236975,0.32794189453125,0.03291164382234331
/Users/berfinaktas/Projects/covid_project_folders/jun26_bds_int_covid/data/raw/Normal/images/Normal-5372.png,/Users/berfinaktas/Projects/covid_project_folders/jun26_bds_int_covid/data/raw/Normal/masks/Normal-5372.png,Normal,COVID,False,0.23150105993222544,0.3092041015625,0.7486998353591752
/Users/berfinaktas/Projects/covid_project_folders/jun26_bds_int_covid/data/raw/Lung_Opacity/images/Lung_Opacity-5332.png,/Users/berfinaktas/Projects/covid_project_folders/jun26_bds_int_covid/data/raw/Lung_Opacity/masks/Lung_Opacity-5332.png,Lung_Opacity,Lung_Opacity,True,0.04018611485461985,0.346435546875,0.11599882060924799
/Users/berfinaktas/Projects/covid_project_folders/jun26_bds_int_covid/data/raw/Normal/images/Normal-3048.png,/Users/berfinaktas/Projects/covid_project_folders/jun26_bds_int_covid/data/raw/Normal/masks/Normal-3048.png,Normal,Normal,True,0.193601064902594,0.36578369140625,0.5292774649364425
/Users/berfinaktas/Projects/covid_project_folders/jun26_bds_int_covid/data/raw/Lung_Opacity/images/Lung_Opacity-3792.png,/Users/berfinaktas/Projects/covid_project_folders/jun26_bds_int_covid/data/raw/Lung_Opacity/masks/Lung_Opacity-3792.png,Lung_Opacity,Lung_Opacity,True,0.08682822614387152,0.3291015625,0.263834135226482
/Users/berfinaktas/Projects/covid_project_folders/jun26_bds_int_covid/data/raw/Lung_Opacity/images/Lung_Opacity-440.png,/Users/berfinaktas/Projects/covid_project_folders/jun26_bds_int_covid/data/raw/Lung_Opacity/masks/Lung_Opacity-440.png,Lung_Opacity,Lung_Opacity,True,0.03479087907825389,0.38720703125,0.08985084533702897
/Users/berfinaktas/Projects/covid_project_folders/jun26_bds_int_covid/data/raw/Normal/images/Normal-9409.png,/Users/berfinaktas/Projects/covid_project_folders/jun26_bds_int_covid/data/raw/Normal/masks/Normal-9409.png,Normal,Normal,True,0.2284674390761991,0.34844970703125,0.6556683345287171
/Users/berfinaktas/Projects/covid_project_folders/jun26_bds_int_covid/data/raw/Viral Pneumonia/images/Viral Pneumonia-869.png,/Users/berfinaktas/Projects/covid_project_folders/jun26_bds_int_covid/data/raw/Viral Pneumonia/masks/Viral Pneumonia-869.png,Viral Pneumonia,Viral Pneumonia,True,0.09421590865315835,0.27703857421875,0.34008227525299545
/Users/berfinaktas/Projects/covid_project_folders/jun26_bds_int_covid/data/raw/Lung_Opacity/images/Lung_Opacity-5641.png,/Users/berfinaktas/Projects/covid_project_folders/jun26_bds_int_covid/data/raw/Lung_Opacity/masks/Lung_Opacity-5641.png,Lung_Opacity,Lung_Opacity,True,0.07683544627623501,0.28558349609375,0.2690472220110781
/Users/berfinaktas/Projects/covid_project_folders/jun26_bds_int_covid/data/raw/Lung_Opacity/images/Lung_Opacity-806.png,/Users/berfinaktas/Projects/covid_project_folders/jun26_bds_int_covid/data/raw/Lung_Opacity/masks/Lung_Opacity-806.png,Lung_Opacity,COVID,False,0.35462148929021736,0.3961181640625,0.8952416765070756
/Users/berfinaktas/Projects/covid_project_folders/jun26_bds_int_covid/data/raw/Lung_Opacity/images/Lung_Opacity-2201.png,/Users/berfinaktas/Projects/covid_project_folders/jun26_bds_int_covid/data/raw/Lung_Opacity/masks/Lung_Opacity-2201.png,Lung_Opacity,Lung_Opacity,True,0.039569881152179444,0.3114013671875,0.1270703513910835
/Users/berfinaktas/Projects/covid_project_folders/jun26_bds_int_covid/data/raw/Normal/images/Normal-6378.png,/Users/berfinaktas/Projects/covid_project_folders/jun26_bds_int_covid/data/raw/Normal/masks/Normal-6378.png,Normal,Normal,True,0.1625930361584648,0.37982177734375,0.4280771821340651
/Users/berfinaktas/Projects/covid_project_folders/jun26_bds_int_covid/data/raw/COVID/images/COVID-3537.png,/Users/berfinaktas/Projects/covid_project_folders/jun26_bds_int_covid/data/raw/COVID/masks/COVID-3537.png,COVID,COVID,True,0.352004526364152,0.28668212890625,1.2278565382052942
/Users/berfinaktas/Projects/covid_project_folders/jun26_bds_int_covid/data/raw/COVID/images/COVID-574.png,/Users/berfinaktas/Projects/covid_project_folders/jun26_bds_int_covid/data/raw/COVID/masks/COVID-574.png,COVID,Normal,False,0.10469548427784574,0.275634765625,0.3798341041647973
/Users/berfinaktas/Projects/covid_project_folders/jun26_bds_int_covid/data/raw/Lung_Opacity/images/Lung_Opacity-525.png,/Users/berfinaktas/Projects/covid_project_folders/jun26_bds_int_covid/data/raw/Lung_Opacity/masks/Lung_Opacity-525.png,Lung_Opacity,Normal,False,0.28139751006473446,0.34844970703125,0.8075699430549325
/Users/berfinaktas/Projects/covid_project_folders/jun26_bds_int_covid/data/raw/Lung_Opacity/images/Lung_Opacity-1734.png,/Users/berfinaktas/Projects/covid_project_folders/jun26_bds_int_covid/data/raw/Lung_Opacity/masks/Lung_Opacity-1734.png,Lung_Opacity,Lung_Opacity,True,0.004353062076484746,0.2447509765625,0.017785678070106253
/Users/berfinaktas/Projects/covid_project_folders/jun26_bds_int_covid/data/raw/Normal/images/Normal-1870.png,/Users/berfinaktas/Projects/covid_project_folders/jun26_bds_int_covid/data/raw/Normal/masks/Normal-1870.png,Normal,Normal,True,0.28131505233200527,0.380859375,0.7386323425332652
/Users/berfinaktas/Projects/covid_project_folders/jun26_bds_int_covid/data/raw/COVID/images/COVID-707.png,/Users/berfinaktas/Projects/covid_project_folders/jun26_bds_int_covid/data/raw/COVID/masks/COVID-707.png,COVID,COVID,True,0.2861165735520808,0.28900146484375,0.9900177277882348
/Users/berfinaktas/Projects/covid_project_folders/jun26_bds_int_covid/data/raw/Normal/images/Normal-6001.png,/Users/berfinaktas/Projects/covid_project_folders/jun26_bds_int_covid/data/raw/Normal/masks/Normal-6001.png,Normal,Normal,True,0.3245083493011953,0.343017578125,0.946039999101563
/Users/berfinaktas/Projects/covid_project_folders/jun26_bds_int_covid/data/raw/Normal/images/Normal-74.png,/Users/berfinaktas/Projects/covid_project_folders/jun26_bds_int_covid/data/raw/Normal/masks/Normal-74.png,Normal,Normal,True,0.1894058076267143,0.21807861328125,0.868520781459862
/Users/berfinaktas/Projects/covid_project_folders/jun26_bds_int_covid/data/raw/Normal/images/Normal-1625.png,/Users/berfinaktas/Projects/covid_project_folders/jun26_bds_int_covid/data/raw/Normal/masks/Normal-1625.png,Normal,Normal,True,0.2505742575009567,0.27471923828125,0.9121103387904187
/Users/berfinaktas/Projects/covid_project_folders/jun26_bds_int_covid/data/raw/Normal/images/Normal-9510.png,/Users/berfinaktas/Projects/covid_project_folders/jun26_bds_int_covid/data/raw/Normal/masks/Normal-9510.png,Normal,Normal,True,0.19873069286857462,0.3404541015625,0.5837224223662113
/Users/berfinaktas/Projects/covid_project_folders/jun26_bds_int_covid/data/raw/Lung_Opacity/images/Lung_Opacity-578.png,/Users/berfinaktas/Projects/covid_project_folders/jun26_bds_int_covid/data/raw/Lung_Opacity/masks/Lung_Opacity-578.png,Lung_Opacity,Lung_Opacity,True,0.004168502963244106,0.33642578125,0.012390557429207444
/Users/berfinaktas/Projects/covid_project_folders/jun26_bds_int_covid/data/raw/Normal/images/Normal-7684.png,/Users/berfinaktas/Projects/covid_project_folders/jun26_bds_int_covid/data/raw/Normal/masks/Normal-7684.png,Normal,Normal,True,0.24232556659701435,0.276611328125,0.8760507685625514
/Users/berfinaktas/Projects/covid_project_folders/jun26_bds_int_covid/data/raw/Lung_Opacity/images/Lung_Opacity-3303.png,/Users/berfinaktas/Projects/covid_project_folders/jun26_bds_int_covid/data/raw/Lung_Opacity/masks/Lung_Opacity-3303.png,Lung_Opacity,Lung_Opacity,True,0.10185103262580364,0.4324951171875,0.23549637574670715
/Users/berfinaktas/Projects/covid_project_folders/jun26_bds_int_covid/data/raw/COVID/images/COVID-2569.png,/Users/berfinaktas/Projects/covid_project_folders/jun26_bds_int_covid/data/raw/COVID/masks/COVID-2569.png,COVID,COVID,True,0.40725874192858585,0.34173583984375,1.1917355291584124
/Users/berfinaktas/Projects/covid_project_folders/jun26_bds_int_covid/data/raw/COVID/images/COVID-2954.png,/Users/berfinaktas/Projects/covid_project_folders/jun26_bds_int_covid/data/raw/COVID/masks/COVID-2954.png,COVID,Lung_Opacity,False,0.09326244660161116,0.31219482421875,0.2987315591634012
/Users/berfinaktas/Projects/covid_project_folders/jun26_bds_int_covid/data/raw/Normal/images/Normal-5937.png,/Users/berfinaktas/Projects/covid_project_folders/jun26_bds_int_covid/data/raw/Normal/masks/Normal-5937.png,Normal,Normal,True,0.22441133803414742,0.388427734375,0.5777428287793009
/Users/berfinaktas/Projects/covid_project_folders/jun26_bds_int_covid/data/raw/Normal/images/Normal-8561.png,/Users/berfinaktas/Projects/covid_project_folders/jun26_bds_int_covid/data/raw/Normal/masks/Normal-8561.png,Normal,Normal,True,0.2454483276969556,0.31396484375,0.7817701012805055
/Users/berfinaktas/Projects/covid_project_folders/jun26_bds_int_covid/data/raw/Normal/images/Normal-7722.png,/Users/berfinaktas/Projects/covid_project_folders/jun26_bds_int_covid/data/raw/Normal/masks/Normal-7722.png,Normal,COVID,False,0.2162516121276203,0.3509521484375,0.6161854631476402
/Users/berfinaktas/Projects/covid_project_folders/jun26_bds_int_covid/data/raw/COVID/images/COVID-2193.png,/Users/berfinaktas/Projects/covid_project_folders/jun26_bds_int_covid/data/raw/COVID/masks/COVID-2193.png,COVID,COVID,True,0.2562098169978833,0.2884521484375,0.888222945766678
/Users/berfinaktas/Projects/covid_project_folders/jun26_bds_int_covid/data/raw/Lung_Opacity/images/Lung_Opacity-5367.png,/Users/berfinaktas/Projects/covid_project_folders/jun26_bds_int_covid/data/raw/Lung_Opacity/masks/Lung_Opacity-5367.png,Lung_Opacity,Lung_Opacity,True,0.06599312295533576,0.3902587890625,0.16910092688461387
/Users/berfinaktas/Projects/covid_project_folders/jun26_bds_int_covid/data/raw/Normal/images/Normal-4360.png,/Users/berfinaktas/Projects/covid_project_folders/jun26_bds_int_covid/data/raw/Normal/masks/Normal-4360.png,Normal,Normal,True,0.19554347279168857,0.41693115234375,0.469006625416341
/Users/berfinaktas/Projects/covid_project_folders/jun26_bds_int_covid/data/raw/COVID/images/COVID-357.png,/Users/berfinaktas/Projects/covid_project_folders/jun26_bds_int_covid/data/raw/COVID/masks/COVID-357.png,COVID,Normal,False,0.26118400055551255,0.34210205078125,0.7634680936844813
/Users/berfinaktas/Projects/covid_project_folders/jun26_bds_int_covid/data/raw/Normal/images/Normal-8755.png,/Users/berfinaktas/Projects/covid_project_folders/jun26_bds_int_covid/data/raw/Normal/masks/Normal-8755.png,Normal,Normal,True,0.19793009839434353,0.29241943359375,0.6768705347720568
/Users/berfinaktas/Projects/covid_project_folders/jun26_bds_int_covid/data/raw/COVID/images/COVID-1349.png,/Users/berfinaktas/Projects/covid_project_folders/jun26_bds_int_covid/data/raw/COVID/masks/COVID-1349.png,COVID,COVID,True,0.2826073308877308,0.43072509765625,0.6561199531337086
/Users/berfinaktas/Projects/covid_project_folders/jun26_bds_int_covid/data/raw/Normal/images/Normal-628.png,/Users/berfinaktas/Projects/covid_project_folders/jun26_bds_int_covid/data/raw/Normal/masks/Normal-628.png,Normal,Normal,True,0.21427736586849314,0.3118896484375,0.6870294251251255
/Users/berfinaktas/Projects/covid_project_folders/jun26_bds_int_covid/data/raw/COVID/images/COVID-3335.png,/Users/berfinaktas/Projects/covid_project_folders/jun26_bds_int_covid/data/raw/COVID/masks/COVID-3335.png,COVID,COVID,True,0.335825300273087,0.32110595703125,1.045839520941695
/Users/berfinaktas/Projects/covid_project_folders/jun26_bds_int_covid/data/raw/Normal/images/Normal-7148.png,/Users/berfinaktas/Projects/covid_project_folders/jun26_bds_int_covid/data/raw/Normal/masks/Normal-7148.png,Normal,Normal,True,0.14350989257506633,0.32183837890625,0.44590670964344525
/Users/berfinaktas/Projects/covid_project_folders/jun26_bds_int_covid/data/raw/Normal/images/Normal-431.png,/Users/berfinaktas/Projects/covid_project_folders/jun26_bds_int_covid/data/raw/Normal/masks/Normal-431.png,Normal,Normal,True,0.23601298617083658,0.34564208984375,0.6828247864070257
/Users/berfinaktas/Projects/covid_project_folders/jun26_bds_int_covid/data/raw/Lung_Opacity/images/Lung_Opacity-4968.png,/Users/berfinaktas/Projects/covid_project_folders/jun26_bds_int_covid/data/raw/Lung_Opacity/masks/Lung_Opacity-4968.png,Lung_Opacity,Lung_Opacity,True,0.0165099518109032,0.241943359375,0.06823891283295612
/Users/berfinaktas/Projects/covid_project_folders/jun26_bds_int_covid/data/raw/Lung_Opacity/images/Lung_Opacity-831.png,/Users/berfinaktas/Projects/covid_project_folders/jun26_bds_int_covid/data/raw/Lung_Opacity/masks/Lung_Opacity-831.png,Lung_Opacity,COVID,False,0.6006248037202289,0.42388916015625,1.416938341850573
/Users/berfinaktas/Projects/covid_project_folders/jun26_bds_int_covid/data/raw/Normal/images/Normal-3545.png,/Users/berfinaktas/Projects/covid_project_folders/jun26_bds_int_covid/data/raw/Normal/masks/Normal-3545.png,Normal,COVID,False,0.36081329964755376,0.31695556640625,1.1383718662479339
/Users/berfinaktas/Projects/covid_project_folders/jun26_bds_int_covid/data/raw/Lung_Opacity/images/Lung_Opacity-1242.png,/Users/berfinaktas/Projects/covid_project_folders/jun26_bds_int_covid/data/raw/Lung_Opacity/masks/Lung_Opacity-1242.png,Lung_Opacity,Lung_Opacity,True,0.08712555924722856,0.44403076171875,0.19621514264008147
/Users/berfinaktas/Projects/covid_project_folders/jun26_bds_int_covid/data/raw/Viral Pneumonia/images/Viral Pneumonia-622.png,/Users/berfinaktas/Projects/covid_project_folders/jun26_bds_int_covid/data/raw/Viral Pneumonia/masks/Viral Pneumonia-622.png,Viral Pneumonia,Viral Pneumonia,True,0.07605624292126727,0.343505859375,0.22141177754478375
/Users/berfinaktas/Projects/covid_project_folders/jun26_bds_int_covid/data/raw/Normal/images/Normal-6915.png,/Users/berfinaktas/Projects/covid_project_folders/jun26_bds_int_covid/data/raw/Normal/masks/Normal-6915.png,Normal,Normal,True,0.2092641335427169,0.3990478515625,0.524408620979485
/Users/berfinaktas/Projects/covid_project_folders/jun26_bds_int_covid/data/raw/Normal/images/Normal-4643.png,/Users/berfinaktas/Projects/covid_project_folders/jun26_bds_int_covid/data/raw/Normal/masks/Normal-4643.png,Normal,Normal,True,0.2513760150156563,0.4190673828125,0.5998462904189503
/Users/berfinaktas/Projects/covid_project_folders/jun26_bds_int_covid/data/raw/Viral Pneumonia/images/Viral Pneumonia-410.png,/Users/berfinaktas/Projects/covid_project_folders/jun26_bds_int_covid/data/raw/Viral Pneumonia/masks/Viral Pneumonia-410.png,Viral Pneumonia,Viral Pneumonia,True,0.18846851685897434,0.33184814453125,0.5679360272608857
/Users/berfinaktas/Projects/covid_project_folders/jun26_bds_int_covid/data/raw/Normal/images/Normal-1057.png,/Users/berfinaktas/Projects/covid_project_folders/jun26_bds_int_covid/data/raw/Normal/masks/Normal-1057.png,Normal,Normal,True,0.17373999994537354,0.2598876953125,0.668519530085721
/Users/berfinaktas/Projects/covid_project_folders/jun26_bds_int_covid/data/raw/Normal/images/Normal-9272.png,/Users/berfinaktas/Projects/covid_project_folders/jun26_bds_int_covid/data/raw/Normal/masks/Normal-9272.png,Normal,Normal,True,0.28355489988315796,0.28656005859375,0.9895129882184579
/Users/berfinaktas/Projects/covid_project_folders/jun26_bds_int_covid/data/raw/Lung_Opacity/images/Lung_Opacity-3502.png,/Users/berfinaktas/Projects/covid_project_folders/jun26_bds_int_covid/data/raw/Lung_Opacity/masks/Lung_Opacity-3502.png,Lung_Opacity,Lung_Opacity,True,0.18935051157535365,0.33172607421875,0.5708038236707625
/Users/berfinaktas/Projects/covid_project_folders/jun26_bds_int_covid/data/raw/Lung_Opacity/images/Lung_Opacity-4884.png,/Users/berfinaktas/Projects/covid_project_folders/jun26_bds_int_covid/data/raw/Lung_Opacity/masks/Lung_Opacity-4884.png,Lung_Opacity,Lung_Opacity,True,0.018096396700469107,0.35125732421875,0.05151891634065783
/Users/berfinaktas/Projects/covid_project_folders/jun26_bds_int_covid/data/raw/Lung_Opacity/images/Lung_Opacity-1182.png,/Users/berfinaktas/Projects/covid_project_folders/jun26_bds_int_covid/data/raw/Lung_Opacity/masks/Lung_Opacity-1182.png,Lung_Opacity,Lung_Opacity,True,0.09549061644444354,0.389404296875,0.24522229777833274
/Users/berfinaktas/Projects/covid_project_folders/jun26_bds_int_covid/data/raw/Lung_Opacity/images/Lung_Opacity-2509.png,/Users/berfinaktas/Projects/covid_project_folders/jun26_bds_int_covid/data/raw/Lung_Opacity/masks/Lung_Opacity-2509.png,Lung_Opacity,COVID,False,0.4245383886047301,0.36212158203125,1.1723642270183545
/Users/berfinaktas/Projects/covid_project_folders/jun26_bds_int_covid/data/raw/Lung_Opacity/images/Lung_Opacity-3105.png,/Users/berfinaktas/Projects/covid_project_folders/jun26_bds_int_covid/data/raw/Lung_Opacity/masks/Lung_Opacity-3105.png,Lung_Opacity,Lung_Opacity,True,0.08220759355236232,0.3616943359375,0.2272847135946514
/Users/berfinaktas/Projects/covid_project_folders/jun26_bds_int_covid/data/raw/Normal/images/Normal-7672.png,/Users/berfinaktas/Projects/covid_project_folders/jun26_bds_int_covid/data/raw/Normal/masks/Normal-7672.png,Normal,Normal,True,0.21552575147086472,0.31866455078125,0.6763405309516659
/Users/berfinaktas/Projects/covid_project_folders/jun26_bds_int_covid/data/raw/COVID/images/COVID-538.png,/Users/berfinaktas/Projects/covid_project_folders/jun26_bds_int_covid/data/raw/COVID/masks/COVID-538.png,COVID,COVID,True,0.3729356295482481,0.35137939453125,1.061347464741792
/Users/berfinaktas/Projects/covid_project_folders/jun26_bds_int_covid/data/raw/COVID/images/COVID-787.png,/Users/berfinaktas/Projects/covid_project_folders/jun26_bds_int_covid/data/raw/COVID/masks/COVID-787.png,COVID,COVID,True,0.2900731161437518,0.26885986328125,1.0789007797728103
/Users/berfinaktas/Projects/covid_project_folders/jun26_bds_int_covid/data/raw/Normal/images/Normal-3262.png,/Users/berfinaktas/Projects/covid_project_folders/jun26_bds_int_covid/data/raw/Normal/masks/Normal-3262.png,Normal,Normal,True,0.11191712378476422,0.42608642578125,0.2626629646310811
/Users/berfinaktas/Projects/covid_project_folders/jun26_bds_int_covid/data/raw/Normal/images/Normal-2297.png,/Users/berfinaktas/Projects/covid_project_folders/jun26_bds_int_covid/data/raw/Normal/masks/Normal-2297.png,Normal,Normal,True,0.2282457777077643,0.41522216796875,0.5496955493111878
/Users/berfinaktas/Projects/covid_project_folders/jun26_bds_int_covid/data/raw/COVID/images/COVID-473.png,/Users/berfinaktas/Projects/covid_project_folders/jun26_bds_int_covid/data/raw/COVID/masks/COVID-473.png,COVID,COVID,True,0.23618490989786642,0.23638916015625,0.999135957595312
/Users/berfinaktas/Projects/covid_project_folders/jun26_bds_int_covid/data/raw/Normal/images/Normal-301.png,/Users/berfinaktas/Projects/covid_project_folders/jun26_bds_int_covid/data/raw/Normal/masks/Normal-301.png,Normal,Normal,True,0.2715256484821156,0.3336181640625,0.8138814900715298
/Users/berfinaktas/Projects/covid_project_folders/jun26_bds_int_covid/data/raw/Normal/images/Normal-1679.png,/Users/berfinaktas/Projects/covid_project_folders/jun26_bds_int_covid/data/raw/Normal/masks/Normal-1679.png,Normal,Normal,True,0.15659766726699706,0.32208251953125,0.4862035589354709
/Users/berfinaktas/Projects/covid_project_folders/jun26_bds_int_covid/data/raw/Normal/images/Normal-7164.png,/Users/berfinaktas/Projects/covid_project_folders/jun26_bds_int_covid/data/raw/Normal/masks/Normal-7164.png,Normal,Normal,True,0.2898409797416271,0.390869140625,0.741529452230921
/Users/berfinaktas/Projects/covid_project_folders/jun26_bds_int_covid/data/raw/COVID/images/COVID-252.png,/Users/berfinaktas/Projects/covid_project_folders/jun26_bds_int_covid/data/raw/COVID/masks/COVID-252.png,COVID,COVID,True,0.3985334383854489,0.42193603515625,0.9445352024457102
/Users/berfinaktas/Projects/covid_project_folders/jun26_bds_int_covid/data/raw/Normal/images/Normal-6095.png,/Users/berfinaktas/Projects/covid_project_folders/jun26_bds_int_covid/data/raw/Normal/masks/Normal-6095.png,Normal,Normal,True,0.20321045139670005,0.33856201171875,0.6002163395859985
/Users/berfinaktas/Projects/covid_project_folders/jun26_bds_int_covid/data/raw/Normal/images/Normal-4321.png,/Users/berfinaktas/Projects/covid_project_folders/jun26_bds_int_covid/data/raw/Normal/masks/Normal-4321.png,Normal,COVID,False,0.3245576051673387,0.3072509765625,1.05632733473613
/Users/berfinaktas/Projects/covid_project_folders/jun26_bds_int_covid/data/raw/Lung_Opacity/images/Lung_Opacity-4114.png,/Users/berfinaktas/Projects/covid_project_folders/jun26_bds_int_covid/data/raw/Lung_Opacity/masks/Lung_Opacity-4114.png,Lung_Opacity,Lung_Opacity,True,0.05057790007617771,0.33660888671875,0.15025717404317238
/Users/berfinaktas/Projects/covid_project_folders/jun26_bds_int_covid/data/raw/Normal/images/Normal-1934.png,/Users/berfinaktas/Projects/covid_project_folders/jun26_bds_int_covid/data/raw/Normal/masks/Normal-1934.png,Normal,Normal,True,0.21374670516479133,0.28863525390625,0.740542613114811
/Users/berfinaktas/Projects/covid_project_folders/jun26_bds_int_covid/data/raw/Normal/images/Normal-5930.png,/Users/berfinaktas/Projects/covid_project_folders/jun26_bds_int_covid/data/raw/Normal/masks/Normal-5930.png,Normal,Normal,True,0.3383807611332326,0.43487548828125,0.7781095284781591
/Users/berfinaktas/Projects/covid_project_folders/jun26_bds_int_covid/data/raw/Normal/images/Normal-9787.png,/Users/berfinaktas/Projects/covid_project_folders/jun26_bds_int_covid/data/raw/Normal/masks/Normal-9787.png,Normal,Normal,True,0.32452170187723217,0.381591796875,0.8504420287198612
/Users/berfinaktas/Projects/covid_project_folders/jun26_bds_int_covid/data/raw/Lung_Opacity/images/Lung_Opacity-2727.png,/Users/berfinaktas/Projects/covid_project_folders/jun26_bds_int_covid/data/raw/Lung_Opacity/masks/Lung_Opacity-2727.png,Lung_Opacity,Lung_Opacity,True,0.014336814180827502,0.42645263671875,0.033618772511618406
/Users/berfinaktas/Projects/covid_project_folders/jun26_bds_int_covid/data/raw/Lung_Opacity/images/Lung_Opacity-5916.png,/Users/berfinaktas/Projects/covid_project_folders/jun26_bds_int_covid/data/raw/Lung_Opacity/masks/Lung_Opacity-5916.png,Lung_Opacity,Normal,False,0.2076443446881839,0.343505859375,0.6044855976139313
/Users/berfinaktas/Projects/covid_project_folders/jun26_bds_int_covid/data/raw/Viral Pneumonia/images/Viral Pneumonia-746.png,/Users/berfinaktas/Projects/covid_project_folders/jun26_bds_int_covid/data/raw/Viral Pneumonia/masks/Viral Pneumonia-746.png,Viral Pneumonia,Viral Pneumonia,True,0.0750628708655432,0.23895263671875,0.31413284195684793
/Users/berfinaktas/Projects/covid_project_folders/jun26_bds_int_covid/data/raw/Lung_Opacity/images/Lung_Opacity-1772.png,/Users/berfinaktas/Projects/covid_project_folders/jun26_bds_int_covid/data/raw/Lung_Opacity/masks/Lung_Opacity-1772.png,Lung_Opacity,Lung_Opacity,True,0.08388294546610892,0.365234375,0.22966881325480087
/Users/berfinaktas/Projects/covid_project_folders/jun26_bds_int_covid/data/raw/Normal/images/Normal-7266.png,/Users/berfinaktas/Projects/covid_project_folders/jun26_bds_int_covid/data/raw/Normal/masks/Normal-7266.png,Normal,Normal,True,0.22485574515585421,0.29718017578125,0.7566310389471176
/Users/berfinaktas/Projects/covid_project_folders/jun26_bds_int_covid/data/raw/Lung_Opacity/images/Lung_Opacity-1762.png,/Users/berfinaktas/Projects/covid_project_folders/jun26_bds_int_covid/data/raw/Lung_Opacity/masks/Lung_Opacity-1762.png,Lung_Opacity,Normal,False,0.2704141414571353,0.364013671875,0.7428680908171873
/Users/berfinaktas/Projects/covid_project_folders/jun26_bds_int_covid/data/raw/COVID/images/COVID-3600.png,/Users/berfinaktas/Projects/covid_project_folders/jun26_bds_int_covid/data/raw/COVID/masks/COVID-3600.png,COVID,COVID,True,0.5026642581446891,0.4014892578125,1.2519992711223147
/Users/berfinaktas/Projects/covid_project_folders/jun26_bds_int_covid/data/raw/Normal/images/Normal-2494.png,/Users/berfinaktas/Projects/covid_project_folders/jun26_bds_int_covid/data/raw/Normal/masks/Normal-2494.png,Normal,Normal,True,0.24382193449562672,0.36016845703125,0.6769663743054309
/Users/berfinaktas/Projects/covid_project_folders/jun26_bds_int_covid/data/raw/COVID/images/COVID-2949.png,/Users/berfinaktas/Projects/covid_project_folders/jun26_bds_int_covid/data/raw/COVID/masks/COVID-2949.png,COVID,Normal,False,0.09553622964289399,0.3116455078125,0.3065541689128819
/Users/berfinaktas/Projects/covid_project_folders/jun26_bds_int_covid/data/raw/Normal/images/Normal-7338.png,/Users/berfinaktas/Projects/covid_project_folders/jun26_bds_int_covid/data/raw/Normal/masks/Normal-7338.png,Normal,Lung_Opacity,False,0.0871624323558734,0.36322021484375,0.23997131435365984
/Users/berfinaktas/Projects/covid_project_folders/jun26_bds_int_covid/data/raw/Normal/images/Normal-5873.png,/Users/berfinaktas/Projects/covid_project_folders/jun26_bds_int_covid/data/raw/Normal/masks/Normal-5873.png,Normal,Normal,True,0.29295368328747623,0.32000732421875,0.9154593070726703
/Users/berfinaktas/Projects/covid_project_folders/jun26_bds_int_covid/data/raw/Lung_Opacity/images/Lung_Opacity-3682.png,/Users/berfinaktas/Projects/covid_project_folders/jun26_bds_int_covid/data/raw/Lung_Opacity/masks/Lung_Opacity-3682.png,Lung_Opacity,Lung_Opacity,True,0.013506234858210247,0.31158447265625,0.0433469445478779
/Users/berfinaktas/Projects/covid_project_folders/jun26_bds_int_covid/data/raw/Lung_Opacity/images/Lung_Opacity-1004.png,/Users/berfinaktas/Projects/covid_project_folders/jun26_bds_int_covid/data/raw/Lung_Opacity/masks/Lung_Opacity-1004.png,Lung_Opacity,COVID,False,0.4766280205937529,0.404541015625,1.1781945518117152
/Users/berfinaktas/Projects/covid_project_folders/jun26_bds_int_covid/data/raw/COVID/images/COVID-1356.png,/Users/berfinaktas/Projects/covid_project_folders/jun26_bds_int_covid/data/raw/COVID/masks/COVID-1356.png,COVID,COVID,True,0.38413684420116384,0.31964111328125,1.2017754545334864
/Users/berfinaktas/Projects/covid_project_folders/jun26_bds_int_covid/data/raw/Normal/images/Normal-8663.png,/Users/berfinaktas/Projects/covid_project_folders/jun26_bds_int_covid/data/raw/Normal/masks/Normal-8663.png,Normal,Normal,True,0.2806664357579146,0.44873046875,0.6254677480219903
/Users/berfinaktas/Projects/covid_project_folders/jun26_bds_int_covid/data/raw/Lung_Opacity/images/Lung_Opacity-2575.png,/Users/berfinaktas/Projects/covid_project_folders/jun26_bds_int_covid/data/raw/Lung_Opacity/masks/Lung_Opacity-2575.png,Lung_Opacity,Lung_Opacity,True,0.019372030266256623,0.3095703125,0.06257715770551035
/Users/berfinaktas/Projects/covid_project_folders/jun26_bds_int_covid/data/raw/Normal/images/Normal-3485.png,/Users/berfinaktas/Projects/covid_project_folders/jun26_bds_int_covid/data/raw/Normal/masks/Normal-3485.png,Normal,Normal,True,0.15152528868460227,0.405517578125,0.3736589900374057
/Users/berfinaktas/Projects/covid_project_folders/jun26_bds_int_covid/data/raw/Normal/images/Normal-7880.png,/Users/berfinaktas/Projects/covid_project_folders/jun26_bds_int_covid/data/raw/Normal/masks/Normal-7880.png,Normal,Normal,True,0.22333433600264574,0.28326416015625,0.788431321066009
/Users/berfinaktas/Projects/covid_project_folders/jun26_bds_int_covid/data/raw/Normal/images/Normal-9223.png,/Users/berfinaktas/Projects/covid_project_folders/jun26_bds_int_covid/data/raw/Normal/masks/Normal-9223.png,Normal,Normal,True,0.1822275596586131,0.296875,0.6138191483237494
/Users/berfinaktas/Projects/covid_project_folders/jun26_bds_int_covid/data/raw/Lung_Opacity/images/Lung_Opacity-464.png,/Users/berfinaktas/Projects/covid_project_folders/jun26_bds_int_covid/data/raw/Lung_Opacity/masks/Lung_Opacity-464.png,Lung_Opacity,Normal,False,0.1655188069997655,0.3809814453125,0.4344537221858632
/Users/berfinaktas/Projects/covid_project_folders/jun26_bds_int_covid/data/raw/Normal/images/Normal-4721.png,/Users/berfinaktas/Projects/covid_project_folders/jun26_bds_int_covid/data/raw/Normal/masks/Normal-4721.png,Normal,Normal,True,0.2292870147686471,0.36993408203125,0.6198050569162703
/Users/berfinaktas/Projects/covid_project_folders/jun26_bds_int_covid/data/raw/COVID/images/COVID-2551.png,/Users/berfinaktas/Projects/covid_project_folders/jun26_bds_int_covid/data/raw/COVID/masks/COVID-2551.png,COVID,Lung_Opacity,False,0.05270419436656809,0.4327392578125,0.12179203392127667
/Users/berfinaktas/Projects/covid_project_folders/jun26_bds_int_covid/data/raw/COVID/images/COVID-2045.png,/Users/berfinaktas/Projects/covid_project_folders/jun26_bds_int_covid/data/raw/COVID/masks/COVID-2045.png,COVID,COVID,True,0.32084360099905523,0.3675537109375,0.8729162336048689
/Users/berfinaktas/Projects/covid_project_folders/jun26_bds_int_covid/data/raw/Normal/images/Normal-2957.png,/Users/berfinaktas/Projects/covid_project_folders/jun26_bds_int_covid/data/raw/Normal/masks/Normal-2957.png,Normal,Normal,True,0.10338287212241644,0.220703125,0.46842504890864795
/Users/berfinaktas/Projects/covid_project_folders/jun26_bds_int_covid/data/raw/Lung_Opacity/images/Lung_Opacity-2539.png,/Users/berfinaktas/Projects/covid_project_folders/jun26_bds_int_covid/data/raw/Lung_Opacity/masks/Lung_Opacity-2539.png,Lung_Opacity,Lung_Opacity,True,0.05958808321490127,0.36309814453125,0.1641101286590927
/Users/berfinaktas/Projects/covid_project_folders/jun26_bds_int_covid/data/raw/Normal/images/Normal-8100.png,/Users/berfinaktas/Projects/covid_project_folders/jun26_bds_int_covid/data/raw/Normal/masks/Normal-8100.png,Normal,Normal,True,0.1506827226486216,0.36126708984375,0.41709507144365876
/Users/berfinaktas/Projects/covid_project_folders/jun26_bds_int_covid/data/raw/Normal/images/Normal-8109.png,/Users/berfinaktas/Projects/covid_project_folders/jun26_bds_int_covid/data/raw/Normal/masks/Normal-8109.png,Normal,Normal,True,0.1635054548649644,0.3570556640625,0.4579270722235174
/Users/berfinaktas/Projects/covid_project_folders/jun26_bds_int_covid/data/raw/Normal/images/Normal-1542.png,/Users/berfinaktas/Projects/covid_project_folders/jun26_bds_int_covid/data/raw/Normal/masks/Normal-1542.png,Normal,Normal,True,0.1467770122942108,0.31329345703125,0.46849689644035647
/Users/berfinaktas/Projects/covid_project_folders/jun26_bds_int_covid/data/raw/Lung_Opacity/images/Lung_Opacity-5305.png,/Users/berfinaktas/Projects/covid_project_folders/jun26_bds_int_covid/data/raw/Lung_Opacity/masks/Lung_Opacity-5305.png,Lung_Opacity,Lung_Opacity,True,0.0525875844152499,0.314208984375,0.16736499282429182
/Users/berfinaktas/Projects/covid_project_folders/jun26_bds_int_covid/data/raw/Lung_Opacity/images/Lung_Opacity-2112.png,/Users/berfinaktas/Projects/covid_project_folders/jun26_bds_int_covid/data/raw/Lung_Opacity/masks/Lung_Opacity-2112.png,Lung_Opacity,Lung_Opacity,True,0.016954940546046734,0.3145751953125,0.053897894044708905
/Users/berfinaktas/Projects/covid_project_folders/jun26_bds_int_covid/data/raw/Normal/images/Normal-8611.png,/Users/berfinaktas/Projects/covid_project_folders/jun26_bds_int_covid/data/raw/Normal/masks/Normal-8611.png,Normal,Normal,True,0.31225469235146436,0.338134765625,0.9234622526148722
/Users/berfinaktas/Projects/covid_project_folders/jun26_bds_int_covid/data/raw/COVID/images/COVID-3054.png,/Users/berfinaktas/Projects/covid_project_folders/jun26_bds_int_covid/data/raw/COVID/masks/COVID-3054.png,COVID,COVID,True,0.3243125233694486,0.3275146484375,0.9902229561843172
/Users/berfinaktas/Projects/covid_project_folders/jun26_bds_int_covid/data/raw/Lung_Opacity/images/Lung_Opacity-791.png,/Users/berfinaktas/Projects/covid_project_folders/jun26_bds_int_covid/data/raw/Lung_Opacity/masks/Lung_Opacity-791.png,Lung_Opacity,Lung_Opacity,True,0.059971652402668024,0.3050537109375,0.19659374809229951
/Users/berfinaktas/Projects/covid_project_folders/jun26_bds_int_covid/data/raw/Normal/images/Normal-4944.png,/Users/berfinaktas/Projects/covid_project_folders/jun26_bds_int_covid/data/raw/Normal/masks/Normal-4944.png,Normal,Normal,True,0.18284233257493884,0.33905029296875,0.539277907634167
/Users/berfinaktas/Projects/covid_project_folders/jun26_bds_int_covid/data/raw/Normal/images/Normal-6326.png,/Users/berfinaktas/Projects/covid_project_folders/jun26_bds_int_covid/data/raw/Normal/masks/Normal-6326.png,Normal,Normal,True,0.09675322533238126,0.31292724609375,0.3091876036367729
/Users/berfinaktas/Projects/covid_project_folders/jun26_bds_int_covid/data/raw/Normal/images/Normal-9877.png,/Users/berfinaktas/Projects/covid_project_folders/jun26_bds_int_covid/data/raw/Normal/masks/Normal-9877.png,Normal,Normal,True,0.3345159857678122,0.4080810546875,0.8197292717349439
/Users/berfinaktas/Projects/covid_project_folders/jun26_bds_int_covid/data/raw/Viral Pneumonia/images/Viral Pneumonia-483.png,/Users/berfinaktas/Projects/covid_project_folders/jun26_bds_int_covid/data/raw/Viral Pneumonia/masks/Viral Pneumonia-483.png,Viral Pneumonia,Viral Pneumonia,True,0.12819774025228256,0.25665283203125,0.49949863883315043
/Users/berfinaktas/Projects/covid_project_folders/jun26_bds_int_covid/data/raw/Lung_Opacity/images/Lung_Opacity-984.png,/Users/berfinaktas/Projects/covid_project_folders/jun26_bds_int_covid/data/raw/Lung_Opacity/masks/Lung_Opacity-984.png,Lung_Opacity,Lung_Opacity,True,0.02390063536458106,0.2738037109375,0.08729113014117167
/Users/berfinaktas/Projects/covid_project_folders/jun26_bds_int_covid/data/raw/COVID/images/COVID-768.png,/Users/berfinaktas/Projects/covid_project_folders/jun26_bds_int_covid/data/raw/COVID/masks/COVID-768.png,COVID,COVID,True,0.3604997112117777,0.35906982421875,1.0039821976022039
/Users/berfinaktas/Projects/covid_project_folders/jun26_bds_int_covid/data/raw/Lung_Opacity/images/Lung_Opacity-313.png,/Users/berfinaktas/Projects/covid_project_folders/jun26_bds_int_covid/data/raw/Lung_Opacity/masks/Lung_Opacity-313.png,Lung_Opacity,Lung_Opacity,True,0.0433984384434212,0.36346435546875,0.11940218563509873
/Users/berfinaktas/Projects/covid_project_folders/jun26_bds_int_covid/data/raw/Normal/images/Normal-8128.png,/Users/berfinaktas/Projects/covid_project_folders/jun26_bds_int_covid/data/raw/Normal/masks/Normal-8128.png,Normal,Normal,True,0.2564145380137207,0.360595703125,0.711085949698172
/Users/berfinaktas/Projects/covid_project_folders/jun26_bds_int_covid/data/raw/Normal/images/Normal-8852.png,/Users/berfinaktas/Projects/covid_project_folders/jun26_bds_int_covid/data/raw/Normal/masks/Normal-8852.png,Normal,Normal,True,0.2505708001788759,0.41387939453125,0.6054198481242741
/Users/berfinaktas/Projects/covid_project_folders/jun26_bds_int_covid/data/raw/Lung_Opacity/images/Lung_Opacity-2808.png,/Users/berfinaktas/Projects/covid_project_folders/jun26_bds_int_covid/data/raw/Lung_Opacity/masks/Lung_Opacity-2808.png,Lung_Opacity,Lung_Opacity,True,0.045275191411226386,0.26727294921875,0.16939683399897992
/Users/berfinaktas/Projects/covid_project_folders/jun26_bds_int_covid/data/raw/COVID/images/COVID-3286.png,/Users/berfinaktas/Projects/covid_project_folders/jun26_bds_int_covid/data/raw/COVID/masks/COVID-3286.png,COVID,COVID,True,0.4493660010573379,0.39691162109375,1.1321563219011879
/Users/berfinaktas/Projects/covid_project_folders/jun26_bds_int_covid/data/raw/Normal/images/Normal-8687.png,/Users/berfinaktas/Projects/covid_project_folders/jun26_bds_int_covid/data/raw/Normal/masks/Normal-8687.png,Normal,Normal,True,0.2218939572783764,0.32330322265625,0.6863338863599998
/Users/berfinaktas/Projects/covid_project_folders/jun26_bds_int_covid/data/raw/Lung_Opacity/images/Lung_Opacity-5578.png,/Users/berfinaktas/Projects/covid_project_folders/jun26_bds_int_covid/data/raw/Lung_Opacity/masks/Lung_Opacity-5578.png,Lung_Opacity,Viral Pneumonia,False,0.18772509453952088,0.30938720703125,0.6067642432305208
/Users/berfinaktas/Projects/covid_project_folders/jun26_bds_int_covid/data/raw/Normal/images/Normal-5662.png,/Users/berfinaktas/Projects/covid_project_folders/jun26_bds_int_covid/data/raw/Normal/masks/Normal-5662.png,Normal,Normal,True,0.18902284182184598,0.285400390625,0.6623075792149539
/Users/berfinaktas/Projects/covid_project_folders/jun26_bds_int_covid/data/raw/Normal/images/Normal-1199.png,/Users/berfinaktas/Projects/covid_project_folders/jun26_bds_int_covid/data/raw/Normal/masks/Normal-1199.png,Normal,Normal,True,0.19879252980166812,0.26031494140625,0.7636616197586238
/Users/berfinaktas/Projects/covid_project_folders/jun26_bds_int_covid/data/raw/Viral Pneumonia/images/Viral Pneumonia-174.png,/Users/berfinaktas/Projects/covid_project_folders/jun26_bds_int_covid/data/raw/Viral Pneumonia/masks/Viral Pneumonia-174.png,Viral Pneumonia,Viral Pneumonia,True,0.1456579744419738,0.379638671875,0.3836752818741638
/Users/berfinaktas/Projects/covid_project_folders/jun26_bds_int_covid/data/raw/COVID/images/COVID-3026.png,/Users/berfinaktas/Projects/covid_project_folders/jun26_bds_int_covid/data/raw/COVID/masks/COVID-3026.png,COVID,COVID,True,0.38443199266905465,0.3995361328125,0.9621958093323849
/Users/berfinaktas/Projects/covid_project_folders/jun26_bds_int_covid/data/raw/Normal/images/Normal-4684.png,/Users/berfinaktas/Projects/covid_project_folders/jun26_bds_int_covid/data/raw/Normal/masks/Normal-4684.png,Normal,Normal,True,0.0864203311092163,0.23724365234375,0.3642682544104451
/Users/berfinaktas/Projects/covid_project_folders/jun26_bds_int_covid/data/raw/Normal/images/Normal-2231.png,/Users/berfinaktas/Projects/covid_project_folders/jun26_bds_int_covid/data/raw/Normal/masks/Normal-2231.png,Normal,Normal,True,0.11856225700467858,0.27276611328125,0.4346663725139078
/Users/berfinaktas/Projects/covid_project_folders/jun26_bds_int_covid/data/raw/Normal/images/Normal-2105.png,/Users/berfinaktas/Projects/covid_project_folders/jun26_bds_int_covid/data/raw/Normal/masks/Normal-2105.png,Normal,COVID,False,0.30551933882548193,0.36297607421875,0.8417065490695638
/Users/berfinaktas/Projects/covid_project_folders/jun26_bds_int_covid/data/raw/Lung_Opacity/images/Lung_Opacity-3187.png,/Users/berfinaktas/Projects/covid_project_folders/jun26_bds_int_covid/data/raw/Lung_Opacity/masks/Lung_Opacity-3187.png,Lung_Opacity,Lung_Opacity,True,0.033773504548723396,0.21142578125,0.1597416566184423
/Users/berfinaktas/Projects/covid_project_folders/jun26_bds_int_covid/data/raw/Lung_Opacity/images/Lung_Opacity-4465.png,/Users/berfinaktas/Projects/covid_project_folders/jun26_bds_int_covid/data/raw/Lung_Opacity/masks/Lung_Opacity-4465.png,Lung_Opacity,Lung_Opacity,True,0.02102338205766038,0.22906494140625,0.09177913446115313
/Users/berfinaktas/Projects/covid_project_folders/jun26_bds_int_covid/data/raw/Normal/images/Normal-10057.png,/Users/berfinaktas/Projects/covid_project_folders/jun26_bds_int_covid/data/raw/Normal/masks/Normal-10057.png,Normal,Normal,True,0.19627141710923307,0.33966064453125,0.5778456240642722
/Users/berfinaktas/Projects/covid_project_folders/jun26_bds_int_covid/data/raw/Lung_Opacity/images/Lung_Opacity-5338.png,/Users/berfinaktas/Projects/covid_project_folders/jun26_bds_int_covid/data/raw/Lung_Opacity/masks/Lung_Opacity-5338.png,Lung_Opacity,Lung_Opacity,True,0.09522422926234511,0.38983154296875,0.24427020075689093
/Users/berfinaktas/Projects/covid_project_folders/jun26_bds_int_covid/data/raw/COVID/images/COVID-814.png,/Users/berfinaktas/Projects/covid_project_folders/jun26_bds_int_covid/data/raw/COVID/masks/COVID-814.png,COVID,Normal,False,0.1489439129419638,0.2801513671875,0.5316551349980686
/Users/berfinaktas/Projects/covid_project_folders/jun26_bds_int_covid/data/raw/Normal/images/Normal-7436.png,/Users/berfinaktas/Projects/covid_project_folders/jun26_bds_int_covid/data/raw/Normal/masks/Normal-7436.png,Normal,Normal,True,0.22409259344611582,0.365478515625,0.6131484721144225
/Users/berfinaktas/Projects/covid_project_folders/jun26_bds_int_covid/data/raw/Viral Pneumonia/images/Viral Pneumonia-129.png,/Users/berfinaktas/Projects/covid_project_folders/jun26_bds_int_covid/data/raw/Viral Pneumonia/masks/Viral Pneumonia-129.png,Viral Pneumonia,Viral Pneumonia,True,0.12084631398701283,0.32275390625,0.3744224675422122
/Users/berfinaktas/Projects/covid_project_folders/jun26_bds_int_covid/data/raw/Normal/images/Normal-2889.png,/Users/berfinaktas/Projects/covid_project_folders/jun26_bds_int_covid/data/raw/Normal/masks/Normal-2889.png,Normal,Normal,True,0.1891815532487846,0.3577880859375,0.5287530822975243
/Users/berfinaktas/Projects/covid_project_folders/jun26_bds_int_covid/data/raw/Normal/images/Normal-5172.png,/Users/berfinaktas/Projects/covid_project_folders/jun26_bds_int_covid/data/raw/Normal/masks/Normal-5172.png,Normal,Normal,True,0.1888054930993961,0.3028564453125,0.6234157998670911
/Users/berfinaktas/Projects/covid_project_folders/jun26_bds_int_covid/data/raw/Normal/images/Normal-5523.png,/Users/berfinaktas/Projects/covid_project_folders/jun26_bds_int_covid/data/raw/Normal/masks/Normal-5523.png,Normal,Normal,True,0.2527631282824953,0.43048095703125,0.5871644823168019
/Users/berfinaktas/Projects/covid_project_folders/jun26_bds_int_covid/data/raw/Lung_Opacity/images/Lung_Opacity-1138.png,/Users/berfinaktas/Projects/covid_project_folders/jun26_bds_int_covid/data/raw/Lung_Opacity/masks/Lung_Opacity-1138.png,Lung_Opacity,Lung_Opacity,True,0.050986155878504726,0.340087890625,0.14992052726371527
/Users/berfinaktas/Projects/covid_project_folders/jun26_bds_int_covid/data/raw/Normal/images/Normal-2345.png,/Users/berfinaktas/Projects/covid_project_folders/jun26_bds_int_covid/data/raw/Normal/masks/Normal-2345.png,Normal,Lung_Opacity,False,0.024339794861921706,0.2470703125,0.09851363612097955
/Users/berfinaktas/Projects/covid_project_folders/jun26_bds_int_covid/data/raw/Viral Pneumonia/images/Viral Pneumonia-1282.png,/Users/berfinaktas/Projects/covid_project_folders/jun26_bds_int_covid/data/raw/Viral Pneumonia/masks/Viral Pneumonia-1282.png,Viral Pneumonia,Viral Pneumonia,True,0.08934697350029298,0.28814697265625,0.31007430922025
/Users/berfinaktas/Projects/covid_project_folders/jun26_bds_int_covid/data/raw/COVID/images/COVID-969.png,/Users/berfinaktas/Projects/covid_project_folders/jun26_bds_int_covid/data/raw/COVID/masks/COVID-969.png,COVID,COVID,True,0.3789899403943459,0.37274169921875,1.016762925073025
/Users/berfinaktas/Projects/covid_project_folders/jun26_bds_int_covid/data/raw/Normal/images/Normal-2931.png,/Users/berfinaktas/Projects/covid_project_folders/jun26_bds_int_covid/data/raw/Normal/masks/Normal-2931.png,Normal,Normal,True,0.18648584459324458,0.371826171875,0.5015403936007418
/Users/berfinaktas/Projects/covid_project_folders/jun26_bds_int_covid/data/raw/Lung_Opacity/images/Lung_Opacity-709.png,/Users/berfinaktas/Projects/covid_project_folders/jun26_bds_int_covid/data/raw/Lung_Opacity/masks/Lung_Opacity-709.png,Lung_Opacity,Lung_Opacity,True,0.05063958751056059,0.309814453125,0.1634513399868055
/Users/berfinaktas/Projects/covid_project_folders/jun26_bds_int_covid/data/raw/Lung_Opacity/images/Lung_Opacity-2828.png,/Users/berfinaktas/Projects/covid_project_folders/jun26_bds_int_covid/data/raw/Lung_Opacity/masks/Lung_Opacity-2828.png,Lung_Opacity,Lung_Opacity,True,0.2912951666595924,0.39703369140625,0.7336787103075728
/Users/berfinaktas/Projects/covid_project_folders/jun26_bds_int_covid/data/raw/Normal/images/Normal-7639.png,/Users/berfinaktas/Projects/covid_project_folders/jun26_bds_int_covid/data/raw/Normal/masks/Normal-7639.png,Normal,Normal,True,0.16077994823065653,0.30877685546875,0.5206994804924049
/Users/berfinaktas/Projects/covid_project_folders/jun26_bds_int_covid/data/raw/COVID/images/COVID-2947.png,/Users/berfinaktas/Projects/covid_project_folders/jun26_bds_int_covid/data/raw/COVID/masks/COVID-2947.png,COVID,COVID,True,0.33596118893396554,0.279296875,1.2028820191202123
/Users/berfinaktas/Projects/covid_project_folders/jun26_bds_int_covid/data/raw/Normal/images/Normal-8645.png,/Users/berfinaktas/Projects/covid_project_folders/jun26_bds_int_covid/data/raw/Normal/masks/Normal-8645.png,Normal,Normal,True,0.19240824869260834,0.365966796875,0.5257532932921439
/Users/berfinaktas/Projects/covid_project_folders/jun26_bds_int_covid/data/raw/Normal/images/Normal-7514.png,/Users/berfinaktas/Projects/covid_project_folders/jun26_bds_int_covid/data/raw/Normal/masks/Normal-7514.png,Normal,Normal,True,0.1866784639755102,0.4521484375,0.41286986417045884
/Users/berfinaktas/Projects/covid_project_folders/jun26_bds_int_covid/data/raw/Normal/images/Normal-7026.png,/Users/berfinaktas/Projects/covid_project_folders/jun26_bds_int_covid/data/raw/Normal/masks/Normal-7026.png,Normal,Normal,True,0.13457315234319842,0.32537841796875,0.41358966947870246
/Users/berfinaktas/Projects/covid_project_folders/jun26_bds_int_covid/data/raw/Normal/images/Normal-4214.png,/Users/berfinaktas/Projects/covid_project_folders/jun26_bds_int_covid/data/raw/Normal/masks/Normal-4214.png,Normal,Normal,True,0.12571412058541218,0.31121826171875,0.40394197914716473
/Users/berfinaktas/Projects/covid_project_folders/jun26_bds_int_covid/data/raw/Normal/images/Normal-4280.png,/Users/berfinaktas/Projects/covid_project_folders/jun26_bds_int_covid/data/raw/Normal/masks/Normal-4280.png,Normal,Normal,True,0.21803995964933595,0.3551025390625,0.6140197144886078
/Users/berfinaktas/Projects/covid_project_folders/jun26_bds_int_covid/data/raw/Normal/images/Normal-1906.png,/Users/berfinaktas/Projects/covid_project_folders/jun26_bds_int_covid/data/raw/Normal/masks/Normal-1906.png,Normal,Normal,True,0.2953177691092094,0.37445068359375,0.7886693282942604
/Users/berfinaktas/Projects/covid_project_folders/jun26_bds_int_covid/data/raw/Lung_Opacity/images/Lung_Opacity-795.png,/Users/berfinaktas/Projects/covid_project_folders/jun26_bds_int_covid/data/raw/Lung_Opacity/masks/Lung_Opacity-795.png,Lung_Opacity,Lung_Opacity,True,0.07615736061016794,0.40692138671875,0.18715497168696438
/Users/berfinaktas/Projects/covid_project_folders/jun26_bds_int_covid/data/raw/Lung_Opacity/images/Lung_Opacity-2211.png,/Users/berfinaktas/Projects/covid_project_folders/jun26_bds_int_covid/data/raw/Lung_Opacity/masks/Lung_Opacity-2211.png,Lung_Opacity,Lung_Opacity,True,0.27684836427753867,0.399169921875,0.6935601835356565
/Users/berfinaktas/Projects/covid_project_folders/jun26_bds_int_covid/data/raw/Lung_Opacity/images/Lung_Opacity-1027.png,/Users/berfinaktas/Projects/covid_project_folders/jun26_bds_int_covid/data/raw/Lung_Opacity/masks/Lung_Opacity-1027.png,Lung_Opacity,Lung_Opacity,True,0.026127483117548162,0.42999267578125,0.060762623619291564
/Users/berfinaktas/Projects/covid_project_folders/jun26_bds_int_covid/data/raw/Normal/images/Normal-4089.png,/Users/berfinaktas/Projects/covid_project_folders/jun26_bds_int_covid/data/raw/Normal/masks/Normal-4089.png,Normal,Normal,True,0.13801857540963672,0.42669677734375,0.3234582090561419
/Users/berfinaktas/Projects/covid_project_folders/jun26_bds_int_covid/data/raw/Lung_Opacity/images/Lung_Opacity-3290.png,/Users/berfinaktas/Projects/covid_project_folders/jun26_bds_int_covid/data/raw/Lung_Opacity/masks/Lung_Opacity-3290.png,Lung_Opacity,Lung_Opacity,True,0.05126498248187786,0.29736328125,0.1723984960966927
/Users/berfinaktas/Projects/covid_project_folders/jun26_bds_int_covid/data/raw/Lung_Opacity/images/Lung_Opacity-752.png,/Users/berfinaktas/Projects/covid_project_folders/jun26_bds_int_covid/data/raw/Lung_Opacity/masks/Lung_Opacity-752.png,Lung_Opacity,Lung_Opacity,True,0.023529111577959932,0.35650634765625,0.06599913783483916
/Users/berfinaktas/Projects/covid_project_folders/jun26_bds_int_covid/data/raw/Normal/images/Normal-6640.png,/Users/berfinaktas/Projects/covid_project_folders/jun26_bds_int_covid/data/raw/Normal/masks/Normal-6640.png,Normal,COVID,False,0.2512306159296923,0.369873046875,0.6792347213518282
/Users/berfinaktas/Projects/covid_project_folders/jun26_bds_int_covid/data/raw/Normal/images/Normal-9072.png,/Users/berfinaktas/Projects/covid_project_folders/jun26_bds_int_covid/data/raw/Normal/masks/Normal-9072.png,Normal,Normal,True,0.3257461893445189,0.395751953125,0.8231069657958971
/Users/berfinaktas/Projects/covid_project_folders/jun26_bds_int_covid/data/raw/Lung_Opacity/images/Lung_Opacity-1214.png,/Users/berfinaktas/Projects/covid_project_folders/jun26_bds_int_covid/data/raw/Lung_Opacity/masks/Lung_Opacity-1214.png,Lung_Opacity,Normal,False,0.31434931534564525,0.38360595703125,0.8194588993831426
/Users/berfinaktas/Projects/covid_project_folders/jun26_bds_int_covid/data/raw/Normal/images/Normal-6126.png,/Users/berfinaktas/Projects/covid_project_folders/jun26_bds_int_covid/data/raw/Normal/masks/Normal-6126.png,Normal,Normal,True,0.19717089132293752,0.3572998046875,0.5518359896540841
/Users/berfinaktas/Projects/covid_project_folders/jun26_bds_int_covid/data/raw/Normal/images/Normal-4666.png,/Users/berfinaktas/Projects/covid_project_folders/jun26_bds_int_covid/data/raw/Normal/masks/Normal-4666.png,Normal,Lung_Opacity,False,0.05983397452585281,0.3570556640625,0.16757604079172178
/Users/berfinaktas/Projects/covid_project_folders/jun26_bds_int_covid/data/raw/Lung_Opacity/images/Lung_Opacity-2958.png,/Users/berfinaktas/Projects/covid_project_folders/jun26_bds_int_covid/data/raw/Lung_Opacity/masks/Lung_Opacity-2958.png,Lung_Opacity,Normal,False,0.20553121080940437,0.35546875,0.5781976919473354
/Users/berfinaktas/Projects/covid_project_folders/jun26_bds_int_covid/data/raw/Lung_Opacity/images/Lung_Opacity-3522.png,/Users/berfinaktas/Projects/covid_project_folders/jun26_bds_int_covid/data/raw/Lung_Opacity/masks/Lung_Opacity-3522.png,Lung_Opacity,Lung_Opacity,True,0.07641631000323947,0.43011474609375,0.1776649387105258
/Users/berfinaktas/Projects/covid_project_folders/jun26_bds_int_covid/data/raw/Viral Pneumonia/images/Viral Pneumonia-508.png,/Users/berfinaktas/Projects/covid_project_folders/jun26_bds_int_covid/data/raw/Viral Pneumonia/masks/Viral Pneumonia-508.png,Viral Pneumonia,Viral Pneumonia,True,0.10805228061598994,0.238525390625,0.4530011682733826
/Users/berfinaktas/Projects/covid_project_folders/jun26_bds_int_covid/data/raw/COVID/images/COVID-2395.png,/Users/berfinaktas/Projects/covid_project_folders/jun26_bds_int_covid/data/raw/COVID/masks/COVID-2395.png,COVID,COVID,True,0.24362665439846395,0.38555908203125,0.6318789149381722
/Users/berfinaktas/Projects/covid_project_folders/jun26_bds_int_covid/data/raw/Normal/images/Normal-7795.png,/Users/berfinaktas/Projects/covid_project_folders/jun26_bds_int_covid/data/raw/Normal/masks/Normal-7795.png,Normal,Normal,True,0.24415054596118735,0.419189453125,0.5824348493051971
/Users/berfinaktas/Projects/covid_project_folders/jun26_bds_int_covid/data/raw/COVID/images/COVID-945.png,/Users/berfinaktas/Projects/covid_project_folders/jun26_bds_int_covid/data/raw/COVID/masks/COVID-945.png,COVID,COVID,True,0.385623947234238,0.32513427734375,1.1860451945721335
/Users/berfinaktas/Projects/covid_project_folders/jun26_bds_int_covid/data/raw/Normal/images/Normal-5557.png,/Users/berfinaktas/Projects/covid_project_folders/jun26_bds_int_covid/data/raw/Normal/masks/Normal-5557.png,Normal,Normal,True,0.13263393674551638,0.31866455078125,0.41621804628204184
/Users/berfinaktas/Projects/covid_project_folders/jun26_bds_int_covid/data/raw/COVID/images/COVID-1043.png,/Users/berfinaktas/Projects/covid_project_folders/jun26_bds_int_covid/data/raw/COVID/masks/COVID-1043.png,COVID,COVID,True,0.3947731076349792,0.2928466796875,1.3480538965176112
/Users/berfinaktas/Projects/covid_project_folders/jun26_bds_int_covid/data/raw/Normal/images/Normal-6250.png,/Users/berfinaktas/Projects/covid_project_folders/jun26_bds_int_covid/data/raw/Normal/masks/Normal-6250.png,Normal,Normal,True,0.17469241179620856,0.40252685546875,0.43398945790281745
/Users/berfinaktas/Projects/covid_project_folders/jun26_bds_int_covid/data/raw/Normal/images/Normal-5661.png,/Users/berfinaktas/Projects/covid_project_folders/jun26_bds_int_covid/data/raw/Normal/masks/Normal-5661.png,Normal,Normal,True,0.21918450518191984,0.4091796875,0.5356680985830213
/Users/berfinaktas/Projects/covid_project_folders/jun26_bds_int_covid/data/raw/Viral Pneumonia/images/Viral Pneumonia-1056.png,/Users/berfinaktas/Projects/covid_project_folders/jun26_bds_int_covid/data/raw/Viral Pneumonia/masks/Viral Pneumonia-1056.png,Viral Pneumonia,Viral Pneumonia,True,0.16034440890885693,0.283935546875,0.5647211512387601
/Users/berfinaktas/Projects/covid_project_folders/jun26_bds_int_covid/data/raw/COVID/images/COVID-2819.png,/Users/berfinaktas/Projects/covid_project_folders/jun26_bds_int_covid/data/raw/COVID/masks/COVID-2819.png,COVID,Normal,False,0.2821596620269197,0.47161865234375,0.5982792678463896
/Users/berfinaktas/Projects/covid_project_folders/jun26_bds_int_covid/data/raw/Lung_Opacity/images/Lung_Opacity-3855.png,/Users/berfinaktas/Projects/covid_project_folders/jun26_bds_int_covid/data/raw/Lung_Opacity/masks/Lung_Opacity-3855.png,Lung_Opacity,COVID,False,0.34851782201784254,0.396728515625,0.8784793839908204
/Users/berfinaktas/Projects/covid_project_folders/jun26_bds_int_covid/data/raw/Normal/images/Normal-5478.png,/Users/berfinaktas/Projects/covid_project_folders/jun26_bds_int_covid/data/raw/Normal/masks/Normal-5478.png,Normal,Normal,True,0.15274301223243864,0.292236328125,0.5226694888087458
/Users/berfinaktas/Projects/covid_project_folders/jun26_bds_int_covid/data/raw/Normal/images/Normal-1294.png,/Users/berfinaktas/Projects/covid_project_folders/jun26_bds_int_covid/data/raw/Normal/masks/Normal-1294.png,Normal,Normal,True,0.21698398277598793,0.23321533203125,0.9304018774670992
/Users/berfinaktas/Projects/covid_project_folders/jun26_bds_int_covid/data/raw/Normal/images/Normal-6993.png,/Users/berfinaktas/Projects/covid_project_folders/jun26_bds_int_covid/data/raw/Normal/masks/Normal-6993.png,Normal,Normal,True,0.16713195952009646,0.32684326171875,0.5113520120965939
/Users/berfinaktas/Projects/covid_project_folders/jun26_bds_int_covid/data/raw/Normal/images/Normal-2976.png,/Users/berfinaktas/Projects/covid_project_folders/jun26_bds_int_covid/data/raw/Normal/masks/Normal-2976.png,Normal,Normal,True,0.11357336302140564,0.2779541015625,0.4086047386347628
/Users/berfinaktas/Projects/covid_project_folders/jun26_bds_int_covid/data/raw/Lung_Opacity/images/Lung_Opacity-3182.png,/Users/berfinaktas/Projects/covid_project_folders/jun26_bds_int_covid/data/raw/Lung_Opacity/masks/Lung_Opacity-3182.png,Lung_Opacity,Normal,False,0.30851029317688594,0.35723876953125,0.8635968979002391
/Users/berfinaktas/Projects/covid_project_folders/jun26_bds_int_covid/data/raw/Normal/images/Normal-6745.png,/Users/berfinaktas/Projects/covid_project_folders/jun26_bds_int_covid/data/raw/Normal/masks/Normal-6745.png,Normal,Normal,True,0.35553447689930606,0.4324951171875,0.8220543140725699
/Users/berfinaktas/Projects/covid_project_folders/jun26_bds_int_covid/data/raw/Lung_Opacity/images/Lung_Opacity-1462.png,/Users/berfinaktas/Projects/covid_project_folders/jun26_bds_int_covid/data/raw/Lung_Opacity/masks/Lung_Opacity-1462.png,Lung_Opacity,Lung_Opacity,True,0.009404525815142815,0.40966796875,0.02295645872397197
/Users/berfinaktas/Projects/covid_project_folders/jun26_bds_int_covid/data/raw/Normal/images/Normal-3555.png,/Users/berfinaktas/Projects/covid_project_folders/jun26_bds_int_covid/data/raw/Normal/masks/Normal-3555.png,Normal,COVID,False,0.32416344017069226,0.3873291015625,0.8369199186505866
/Users/berfinaktas/Projects/covid_project_folders/jun26_bds_int_covid/data/raw/Normal/images/Normal-2992.png,/Users/berfinaktas/Projects/covid_project_folders/jun26_bds_int_covid/data/raw/Normal/masks/Normal-2992.png,Normal,Normal,True,0.2098007837779827,0.34381103515625,0.6102212038733301
/Users/berfinaktas/Projects/covid_project_folders/jun26_bds_int_covid/data/raw/Lung_Opacity/images/Lung_Opacity-5649.png,/Users/berfinaktas/Projects/covid_project_folders/jun26_bds_int_covid/data/raw/Lung_Opacity/masks/Lung_Opacity-5649.png,Lung_Opacity,Lung_Opacity,True,0.1658134619910106,0.3734130859375,0.4440483428016864
/Users/berfinaktas/Projects/covid_project_folders/jun26_bds_int_covid/data/raw/Normal/images/Normal-8599.png,/Users/berfinaktas/Projects/covid_project_folders/jun26_bds_int_covid/data/raw/Normal/masks/Normal-8599.png,Normal,Normal,True,0.15279094723083309,0.304931640625,0.5010662288690891
/Users/berfinaktas/Projects/covid_project_folders/jun26_bds_int_covid/data/raw/Normal/images/Normal-751.png,/Users/berfinaktas/Projects/covid_project_folders/jun26_bds_int_covid/data/raw/Normal/masks/Normal-751.png,Normal,Normal,True,0.2640981912702616,0.3153076171875,0.8375889984072717
/Users/berfinaktas/Projects/covid_project_folders/jun26_bds_int_covid/data/raw/Normal/images/Normal-7616.png,/Users/berfinaktas/Projects/covid_project_folders/jun26_bds_int_covid/data/raw/Normal/masks/Normal-7616.png,Normal,Normal,True,0.23047153736100512,0.3487548828125,0.6608410339731725
/Users/berfinaktas/Projects/covid_project_folders/jun26_bds_int_covid/data/raw/Normal/images/Normal-6057.png,/Users/berfinaktas/Projects/covid_project_folders/jun26_bds_int_covid/data/raw/Normal/masks/Normal-6057.png,Normal,Normal,True,0.3786064925451239,0.40521240234375,0.9343408305255777
/Users/berfinaktas/Projects/covid_project_folders/jun26_bds_int_covid/data/raw/COVID/images/COVID-107.png,/Users/berfinaktas/Projects/covid_project_folders/jun26_bds_int_covid/data/raw/COVID/masks/COVID-107.png,COVID,Lung_Opacity,False,0.02713994122548205,0.36529541015625,0.07429587252101887
/Users/berfinaktas/Projects/covid_project_folders/jun26_bds_int_covid/data/raw/Lung_Opacity/images/Lung_Opacity-3585.png,/Users/berfinaktas/Projects/covid_project_folders/jun26_bds_int_covid/data/raw/Lung_Opacity/masks/Lung_Opacity-3585.png,Lung_Opacity,Lung_Opacity,True,0.02773090727722102,0.32867431640625,0.08437199346889307
/Users/berfinaktas/Projects/covid_project_folders/jun26_bds_int_covid/data/raw/Lung_Opacity/images/Lung_Opacity-922.png,/Users/berfinaktas/Projects/covid_project_folders/jun26_bds_int_covid/data/raw/Lung_Opacity/masks/Lung_Opacity-922.png,Lung_Opacity,Lung_Opacity,True,0.05018433811869712,0.4036865234375,0.12431511879902231
/Users/berfinaktas/Projects/covid_project_folders/jun26_bds_int_covid/data/raw/Normal/images/Normal-4614.png,/Users/berfinaktas/Projects/covid_project_folders/jun26_bds_int_covid/data/raw/Normal/masks/Normal-4614.png,Normal,Normal,True,0.19636619715395584,0.32452392578125,0.6050900459225903
/Users/berfinaktas/Projects/covid_project_folders/jun26_bds_int_covid/data/raw/COVID/images/COVID-31.png,/Users/berfinaktas/Projects/covid_project_folders/jun26_bds_int_covid/data/raw/COVID/masks/COVID-31.png,COVID,COVID,True,0.24931648222285693,0.3914794921875,0.6368570696506529
/Users/berfinaktas/Projects/covid_project_folders/jun26_bds_int_covid/data/raw/Normal/images/Normal-3413.png,/Users/berfinaktas/Projects/covid_project_folders/jun26_bds_int_covid/data/raw/Normal/masks/Normal-3413.png,Normal,Normal,True,0.19499266653702865,0.31866455078125,0.611905736169829
/Users/berfinaktas/Projects/covid_project_folders/jun26_bds_int_covid/data/raw/Lung_Opacity/images/Lung_Opacity-5133.png,/Users/berfinaktas/Projects/covid_project_folders/jun26_bds_int_covid/data/raw/Lung_Opacity/masks/Lung_Opacity-5133.png,Lung_Opacity,Normal,False,0.2691190602341291,0.35504150390625,0.757993240996385
/Users/berfinaktas/Projects/covid_project_folders/jun26_bds_int_covid/data/raw/Lung_Opacity/images/Lung_Opacity-3879.png,/Users/berfinaktas/Projects/covid_project_folders/jun26_bds_int_covid/data/raw/Lung_Opacity/masks/Lung_Opacity-3879.png,Lung_Opacity,Normal,False,0.289879315187252,0.3470458984375,0.8352765916334747
/Users/berfinaktas/Projects/covid_project_folders/jun26_bds_int_covid/data/raw/COVID/images/COVID-2858.png,/Users/berfinaktas/Projects/covid_project_folders/jun26_bds_int_covid/data/raw/COVID/masks/COVID-2858.png,COVID,COVID,True,0.33306714864263953,0.32720947265625,1.0179019144489845
/Users/berfinaktas/Projects/covid_project_folders/jun26_bds_int_covid/data/raw/COVID/images/COVID-1226.png,/Users/berfinaktas/Projects/covid_project_folders/jun26_bds_int_covid/data/raw/COVID/masks/COVID-1226.png,COVID,COVID,True,0.3825086921007476,0.34173583984375,1.1193110218572333
/Users/berfinaktas/Projects/covid_project_folders/jun26_bds_int_covid/data/raw/Lung_Opacity/images/Lung_Opacity-3807.png,/Users/berfinaktas/Projects/covid_project_folders/jun26_bds_int_covid/data/raw/Lung_Opacity/masks/Lung_Opacity-3807.png,Lung_Opacity,Lung_Opacity,True,0.2200795444237137,0.3585205078125,0.6138548273473144
/Users/berfinaktas/Projects/covid_project_folders/jun26_bds_int_covid/data/raw/Normal/images/Normal-7430.png,/Users/berfinaktas/Projects/covid_project_folders/jun26_bds_int_covid/data/raw/Normal/masks/Normal-7430.png,Normal,Normal,True,0.2276448925683767,0.396240234375,0.5745123105114424
/Users/berfinaktas/Projects/covid_project_folders/jun26_bds_int_covid/data/raw/Normal/images/Normal-6411.png,/Users/berfinaktas/Projects/covid_project_folders/jun26_bds_int_covid/data/raw/Normal/masks/Normal-6411.png,Normal,COVID,False,0.30100714076127216,0.3944091796875,0.7631849263746028
/Users/berfinaktas/Projects/covid_project_folders/jun26_bds_int_covid/data/raw/Viral Pneumonia/images/Viral Pneumonia-1037.png,/Users/berfinaktas/Projects/covid_project_folders/jun26_bds_int_covid/data/raw/Viral Pneumonia/masks/Viral Pneumonia-1037.png,Viral Pneumonia,Viral Pneumonia,True,0.08505097516668031,0.2064208984375,0.4120269595301272
/Users/berfinaktas/Projects/covid_project_folders/jun26_bds_int_covid/data/raw/Normal/images/Normal-7757.png,/Users/berfinaktas/Projects/covid_project_folders/jun26_bds_int_covid/data/raw/Normal/masks/Normal-7757.png,Normal,Normal,True,0.25981493959532237,0.3651123046875,0.7116028034653563
/Users/berfinaktas/Projects/covid_project_folders/jun26_bds_int_covid/data/raw/Viral Pneumonia/images/Viral Pneumonia-1142.png,/Users/berfinaktas/Projects/covid_project_folders/jun26_bds_int_covid/data/raw/Viral Pneumonia/masks/Viral Pneumonia-1142.png,Viral Pneumonia,Viral Pneumonia,True,0.1456263352870242,0.265380859375,0.548744682001519
/Users/berfinaktas/Projects/covid_project_folders/jun26_bds_int_covid/data/raw/Lung_Opacity/images/Lung_Opacity-5495.png,/Users/berfinaktas/Projects/covid_project_folders/jun26_bds_int_covid/data/raw/Lung_Opacity/masks/Lung_Opacity-5495.png,Lung_Opacity,Normal,False,0.22474819992914283,0.38629150390625,0.5818098447841802
/Users/berfinaktas/Projects/covid_project_folders/jun26_bds_int_covid/data/raw/Viral Pneumonia/images/Viral Pneumonia-224.png,/Users/berfinaktas/Projects/covid_project_folders/jun26_bds_int_covid/data/raw/Viral Pneumonia/masks/Viral Pneumonia-224.png,Viral Pneumonia,Viral Pneumonia,True,0.1486511829678886,0.27001953125,0.5505201134145313
/Users/berfinaktas/Projects/covid_project_folders/jun26_bds_int_covid/data/raw/Normal/images/Normal-1942.png,/Users/berfinaktas/Projects/covid_project_folders/jun26_bds_int_covid/data/raw/Normal/masks/Normal-1942.png,Normal,COVID,False,0.3191320450795941,0.33538818359375,0.9515303779042893
/Users/berfinaktas/Projects/covid_project_folders/jun26_bds_int_covid/data/raw/Lung_Opacity/images/Lung_Opacity-222.png,/Users/berfinaktas/Projects/covid_project_folders/jun26_bds_int_covid/data/raw/Lung_Opacity/masks/Lung_Opacity-222.png,Lung_Opacity,Lung_Opacity,True,0.15969619610793162,0.3472900390625,0.45983523322185443
/Users/berfinaktas/Projects/covid_project_folders/jun26_bds_int_covid/data/raw/Normal/images/Normal-9474.png,/Users/berfinaktas/Projects/covid_project_folders/jun26_bds_int_covid/data/raw/Normal/masks/Normal-9474.png,Normal,Lung_Opacity,False,0.036996900821416226,0.29656982421875,0.12474937704426496
/Users/berfinaktas/Projects/covid_project_folders/jun26_bds_int_covid/data/raw/Normal/images/Normal-1309.png,/Users/berfinaktas/Projects/covid_project_folders/jun26_bds_int_covid/data/raw/Normal/masks/Normal-1309.png,Normal,Normal,True,0.2452799510679222,0.31072998046875,0.7893668666856879
/Users/berfinaktas/Projects/covid_project_folders/jun26_bds_int_covid/data/raw/Normal/images/Normal-240.png,/Users/berfinaktas/Projects/covid_project_folders/jun26_bds_int_covid/data/raw/Normal/masks/Normal-240.png,Normal,Normal,True,0.206907966088476,0.253173828125,0.8172565372212128
/Users/berfinaktas/Projects/covid_project_folders/jun26_bds_int_covid/data/raw/Normal/images/Normal-9692.png,/Users/berfinaktas/Projects/covid_project_folders/jun26_bds_int_covid/data/raw/Normal/masks/Normal-9692.png,Normal,Normal,True,0.2521326782780996,0.31646728515625,0.7967100869640085
/Users/berfinaktas/Projects/covid_project_folders/jun26_bds_int_covid/data/raw/Normal/images/Normal-3339.png,/Users/berfinaktas/Projects/covid_project_folders/jun26_bds_int_covid/data/raw/Normal/masks/Normal-3339.png,Normal,COVID,False,0.1942036275094238,0.28369140625,0.6845594305323579
/Users/berfinaktas/Projects/covid_project_folders/jun26_bds_int_covid/data/raw/Lung_Opacity/images/Lung_Opacity-33.png,/Users/berfinaktas/Projects/covid_project_folders/jun26_bds_int_covid/data/raw/Lung_Opacity/masks/Lung_Opacity-33.png,Lung_Opacity,Lung_Opacity,True,0.03988483857811534,0.262451171875,0.1519705105264748
/Users/berfinaktas/Projects/covid_project_folders/jun26_bds_int_covid/data/raw/Normal/images/Normal-1702.png,/Users/berfinaktas/Projects/covid_project_folders/jun26_bds_int_covid/data/raw/Normal/masks/Normal-1702.png,Normal,Normal,True,0.1560095571838165,0.34661865234375,0.45008990753647643
/Users/berfinaktas/Projects/covid_project_folders/jun26_bds_int_covid/data/raw/COVID/images/COVID-94.png,/Users/berfinaktas/Projects/covid_project_folders/jun26_bds_int_covid/data/raw/COVID/masks/COVID-94.png,COVID,COVID,True,0.24065688076839403,0.333740234375,0.7210904049943979
/Users/berfinaktas/Projects/covid_project_folders/jun26_bds_int_covid/data/raw/Lung_Opacity/images/Lung_Opacity-5980.png,/Users/berfinaktas/Projects/covid_project_folders/jun26_bds_int_covid/data/raw/Lung_Opacity/masks/Lung_Opacity-5980.png,Lung_Opacity,Lung_Opacity,True,0.01579638963876315,0.327392578125,0.04824907677880229
/Users/berfinaktas/Projects/covid_project_folders/jun26_bds_int_covid/data/raw/Lung_Opacity/images/Lung_Opacity-4245.png,/Users/berfinaktas/Projects/covid_project_folders/jun26_bds_int_covid/data/raw/Lung_Opacity/masks/Lung_Opacity-4245.png,Lung_Opacity,Lung_Opacity,True,0.00465399975257029,0.33740234375,0.013793620106025983
/Users/berfinaktas/Projects/covid_project_folders/jun26_bds_int_covid/data/raw/Lung_Opacity/images/Lung_Opacity-3259.png,/Users/berfinaktas/Projects/covid_project_folders/jun26_bds_int_covid/data/raw/Lung_Opacity/masks/Lung_Opacity-3259.png,Lung_Opacity,Normal,False,0.19170206627034347,0.30828857421875,0.6218266984306686
/Users/berfinaktas/Projects/covid_project_folders/jun26_bds_int_covid/data/raw/Lung_Opacity/images/Lung_Opacity-4141.png,/Users/berfinaktas/Projects/covid_project_folders/jun26_bds_int_covid/data/raw/Lung_Opacity/masks/Lung_Opacity-4141.png,Lung_Opacity,COVID,False,0.3793269071416303,0.3426513671875,1.1070345647681636
/Users/berfinaktas/Projects/covid_project_folders/jun26_bds_int_covid/data/raw/Normal/images/Normal-360.png,/Users/berfinaktas/Projects/covid_project_folders/jun26_bds_int_covid/data/raw/Normal/masks/Normal-360.png,Normal,Normal,True,0.15733216235311212,0.23193359375,0.6783500389456287
/Users/berfinaktas/Projects/covid_project_folders/jun26_bds_int_covid/data/raw/Viral Pneumonia/images/Viral Pneumonia-645.png,/Users/berfinaktas/Projects/covid_project_folders/jun26_bds_int_covid/data/raw/Viral Pneumonia/masks/Viral Pneumonia-645.png,Viral Pneumonia,Viral Pneumonia,True,0.2132153839426562,0.3056640625,0.697548093154249
/Users/berfinaktas/Projects/covid_project_folders/jun26_bds_int_covid/data/raw/Lung_Opacity/images/Lung_Opacity-3673.png,/Users/berfinaktas/Projects/covid_project_folders/jun26_bds_int_covid/data/raw/Lung_Opacity/masks/Lung_Opacity-3673.png,Lung_Opacity,Lung_Opacity,True,0.025977906027748632,0.3599853515625,0.07216378642906639
/Users/berfinaktas/Projects/covid_project_folders/jun26_bds_int_covid/data/raw/Lung_Opacity/images/Lung_Opacity-613.png,/Users/berfinaktas/Projects/covid_project_folders/jun26_bds_int_covid/data/raw/Lung_Opacity/masks/Lung_Opacity-613.png,Lung_Opacity,COVID,False,0.35387109886882084,0.3704833984375,0.9551604751016081
/Users/berfinaktas/Projects/covid_project_folders/jun26_bds_int_covid/data/raw/COVID/images/COVID-1870.png,/Users/berfinaktas/Projects/covid_project_folders/jun26_bds_int_covid/data/raw/COVID/masks/COVID-1870.png,COVID,COVID,True,0.4334112522431693,0.37396240234375,1.158970125143151
/Users/berfinaktas/Projects/covid_project_folders/jun26_bds_int_covid/data/raw/Lung_Opacity/images/Lung_Opacity-5900.png,/Users/berfinaktas/Projects/covid_project_folders/jun26_bds_int_covid/data/raw/Lung_Opacity/masks/Lung_Opacity-5900.png,Lung_Opacity,COVID,False,0.29545829360027637,0.41180419921875,0.7174727556464989
/Users/berfinaktas/Projects/covid_project_folders/jun26_bds_int_covid/data/raw/Lung_Opacity/images/Lung_Opacity-4256.png,/Users/berfinaktas/Projects/covid_project_folders/jun26_bds_int_covid/data/raw/Lung_Opacity/masks/Lung_Opacity-4256.png,Lung_Opacity,Normal,False,0.23377695031317045,0.334716796875,0.6984320849618864
/Users/berfinaktas/Projects/covid_project_folders/jun26_bds_int_covid/data/raw/Lung_Opacity/images/Lung_Opacity-4892.png,/Users/berfinaktas/Projects/covid_project_folders/jun26_bds_int_covid/data/raw/Lung_Opacity/masks/Lung_Opacity-4892.png,Lung_Opacity,Lung_Opacity,True,0.02577633260058262,0.2645263671875,0.09744333948498977
/Users/berfinaktas/Projects/covid_project_folders/jun26_bds_int_covid/data/raw/COVID/images/COVID-290.png,/Users/berfinaktas/Projects/covid_project_folders/jun26_bds_int_covid/data/raw/COVID/masks/COVID-290.png,COVID,COVID,True,0.34969250302679045,0.27813720703125,1.2572661772198672
/Users/berfinaktas/Projects/covid_project_folders/jun26_bds_int_covid/data/raw/Normal/images/Normal-9490.png,/Users/berfinaktas/Projects/covid_project_folders/jun26_bds_int_covid/data/raw/Normal/masks/Normal-9490.png,Normal,Normal,True,0.22336659906243694,0.35345458984375,0.6319527472006504
/Users/berfinaktas/Projects/covid_project_folders/jun26_bds_int_covid/data/raw/COVID/images/COVID-3167.png,/Users/berfinaktas/Projects/covid_project_folders/jun26_bds_int_covid/data/raw/COVID/masks/COVID-3167.png,COVID,COVID,True,0.3496394562906192,0.4161376953125,0.8402013569764601
/Users/berfinaktas/Projects/covid_project_folders/jun26_bds_int_covid/data/raw/Lung_Opacity/images/Lung_Opacity-873.png,/Users/berfinaktas/Projects/covid_project_folders/jun26_bds_int_covid/data/raw/Lung_Opacity/masks/Lung_Opacity-873.png,Lung_Opacity,Lung_Opacity,True,0.053999520198203275,0.17730712890625,0.30455357622284424
/Users/berfinaktas/Projects/covid_project_folders/jun26_bds_int_covid/data/raw/Normal/images/Normal-3682.png,/Users/berfinaktas/Projects/covid_project_folders/jun26_bds_int_covid/data/raw/Normal/masks/Normal-3682.png,Normal,Normal,True,0.22677608861297902,0.34881591796875,0.6501311348792735
/Users/berfinaktas/Projects/covid_project_folders/jun26_bds_int_covid/data/raw/COVID/images/COVID-2848.png,/Users/berfinaktas/Projects/covid_project_folders/jun26_bds_int_covid/data/raw/COVID/masks/COVID-2848.png,COVID,COVID,True,0.3254820240602549,0.2967529296875,1.0968114936658198
/Users/berfinaktas/Projects/covid_project_folders/jun26_bds_int_covid/data/raw/Normal/images/Normal-607.png,/Users/berfinaktas/Projects/covid_project_folders/jun26_bds_int_covid/data/raw/Normal/masks/Normal-607.png,Normal,Normal,True,0.31973956953461674,0.23828125,1.3418578655878997
/Users/berfinaktas/Projects/covid_project_folders/jun26_bds_int_covid/data/raw/Normal/images/Normal-1394.png,/Users/berfinaktas/Projects/covid_project_folders/jun26_bds_int_covid/data/raw/Normal/masks/Normal-1394.png,Normal,Viral Pneumonia,False,0.12278479714788654,0.33984375,0.36129779390642475
/Users/berfinaktas/Projects/covid_project_folders/jun26_bds_int_covid/data/raw/Normal/images/Normal-7232.png,/Users/berfinaktas/Projects/covid_project_folders/jun26_bds_int_covid/data/raw/Normal/masks/Normal-7232.png,Normal,Normal,True,0.11704982799270208,0.39227294921875,0.29838873219735973
/Users/berfinaktas/Projects/covid_project_folders/jun26_bds_int_covid/data/raw/Normal/images/Normal-9950.png,/Users/berfinaktas/Projects/covid_project_folders/jun26_bds_int_covid/data/raw/Normal/masks/Normal-9950.png,Normal,Normal,True,0.246168405109121,0.345703125,0.7120803582817511
/Users/berfinaktas/Projects/covid_project_folders/jun26_bds_int_covid/data/raw/Normal/images/Normal-53.png,/Users/berfinaktas/Projects/covid_project_folders/jun26_bds_int_covid/data/raw/Normal/masks/Normal-53.png,Normal,Normal,True,0.23911723631477694,0.363037109375,0.658657834529473
/Users/berfinaktas/Projects/covid_project_folders/jun26_bds_int_covid/data/raw/Normal/images/Normal-432.png,/Users/berfinaktas/Projects/covid_project_folders/jun26_bds_int_covid/data/raw/Normal/masks/Normal-432.png,Normal,Normal,True,0.1934736834664022,0.29620361328125,0.6531779991579505
/Users/berfinaktas/Projects/covid_project_folders/jun26_bds_int_covid/data/raw/Normal/images/Normal-3835.png,/Users/berfinaktas/Projects/covid_project_folders/jun26_bds_int_covid/data/raw/Normal/masks/Normal-3835.png,Normal,Normal,True,0.30176168039992984,0.37457275390625,0.805615670795576
/Users/berfinaktas/Projects/covid_project_folders/jun26_bds_int_covid/data/raw/Lung_Opacity/images/Lung_Opacity-1658.png,/Users/berfinaktas/Projects/covid_project_folders/jun26_bds_int_covid/data/raw/Lung_Opacity/masks/Lung_Opacity-1658.png,Lung_Opacity,Lung_Opacity,True,0.03380217036725221,0.420654296875,0.08035617517368836
/Users/berfinaktas/Projects/covid_project_folders/jun26_bds_int_covid/data/raw/COVID/images/COVID-1809.png,/Users/berfinaktas/Projects/covid_project_folders/jun26_bds_int_covid/data/raw/COVID/masks/COVID-1809.png,COVID,COVID,True,0.3313026170115799,0.3519287109375,0.941391272479661
/Users/berfinaktas/Projects/covid_project_folders/jun26_bds_int_covid/data/raw/Normal/images/Normal-4136.png,/Users/berfinaktas/Projects/covid_project_folders/jun26_bds_int_covid/data/raw/Normal/masks/Normal-4136.png,Normal,Normal,True,0.23343135450997712,0.30712890625,0.7600435835237411
/Users/berfinaktas/Projects/covid_project_folders/jun26_bds_int_covid/data/raw/Lung_Opacity/images/Lung_Opacity-4217.png,/Users/berfinaktas/Projects/covid_project_folders/jun26_bds_int_covid/data/raw/Lung_Opacity/masks/Lung_Opacity-4217.png,Lung_Opacity,Lung_Opacity,True,0.05316075673822851,0.35308837890625,0.1505593497664885
/Users/berfinaktas/Projects/covid_project_folders/jun26_bds_int_covid/data/raw/Lung_Opacity/images/Lung_Opacity-3583.png,/Users/berfinaktas/Projects/covid_project_folders/jun26_bds_int_covid/data/raw/Lung_Opacity/masks/Lung_Opacity-3583.png,Lung_Opacity,COVID,False,0.3237814429831585,0.33392333984375,0.9696280683304822
/Users/berfinaktas/Projects/covid_project_folders/jun26_bds_int_covid/data/raw/Lung_Opacity/images/Lung_Opacity-3630.png,/Users/berfinaktas/Projects/covid_project_folders/jun26_bds_int_covid/data/raw/Lung_Opacity/masks/Lung_Opacity-3630.png,Lung_Opacity,Normal,False,0.17784445949679206,0.2716064453125,0.6547873313248183
/Users/berfinaktas/Projects/covid_project_folders/jun26_bds_int_covid/data/raw/Normal/images/Normal-3745.png,/Users/berfinaktas/Projects/covid_project_folders/jun26_bds_int_covid/data/raw/Normal/masks/Normal-3745.png,Normal,COVID,False,0.38962308701757553,0.3848876953125,1.0123033075952994
/Users/berfinaktas/Projects/covid_project_folders/jun26_bds_int_covid/data/raw/Normal/images/Normal-7780.png,/Users/berfinaktas/Projects/covid_project_folders/jun26_bds_int_covid/data/raw/Normal/masks/Normal-7780.png,Normal,Normal,True,0.35527717157473415,0.374755859375,0.9480229933355773
/Users/berfinaktas/Projects/covid_project_folders/jun26_bds_int_covid/data/raw/Normal/images/Normal-9671.png,/Users/berfinaktas/Projects/covid_project_folders/jun26_bds_int_covid/data/raw/Normal/masks/Normal-9671.png,Normal,Normal,True,0.22091583274180038,0.367431640625,0.601243356086654
/Users/berfinaktas/Projects/covid_project_folders/jun26_bds_int_covid/data/raw/COVID/images/COVID-2541.png,/Users/berfinaktas/Projects/covid_project_folders/jun26_bds_int_covid/data/raw/COVID/masks/COVID-2541.png,COVID,COVID,True,0.2839382928176311,0.3634033203125,0.7813310361981975
/Users/berfinaktas/Projects/covid_project_folders/jun26_bds_int_covid/data/raw/Normal/images/Normal-3701.png,/Users/berfinaktas/Projects/covid_project_folders/jun26_bds_int_covid/data/raw/Normal/masks/Normal-3701.png,Normal,Normal,True,0.25317415731268356,0.38568115234375,0.6564338334247519
/Users/berfinaktas/Projects/covid_project_folders/jun26_bds_int_covid/data/raw/Normal/images/Normal-4929.png,/Users/berfinaktas/Projects/covid_project_folders/jun26_bds_int_covid/data/raw/Normal/masks/Normal-4929.png,Normal,Lung_Opacity,False,0.011233885767706432,0.21539306640625,0.052155280367838536
/Users/berfinaktas/Projects/covid_project_folders/jun26_bds_int_covid/data/raw/Lung_Opacity/images/Lung_Opacity-5666.png,/Users/berfinaktas/Projects/covid_project_folders/jun26_bds_int_covid/data/raw/Lung_Opacity/masks/Lung_Opacity-5666.png,Lung_Opacity,Lung_Opacity,True,0.1190606195335985,0.290283203125,0.41015332010901556
/Users/berfinaktas/Projects/covid_project_folders/jun26_bds_int_covid/data/raw/Lung_Opacity/images/Lung_Opacity-2986.png,/Users/berfinaktas/Projects/covid_project_folders/jun26_bds_int_covid/data/raw/Lung_Opacity/masks/Lung_Opacity-2986.png,Lung_Opacity,Lung_Opacity,True,0.07771236170388252,0.3480224609375,0.22329697196710122
/Users/berfinaktas/Projects/covid_project_folders/jun26_bds_int_covid/data/raw/Lung_Opacity/images/Lung_Opacity-5786.png,/Users/berfinaktas/Projects/covid_project_folders/jun26_bds_int_covid/data/raw/Lung_Opacity/masks/Lung_Opacity-5786.png,Lung_Opacity,Lung_Opacity,True,0.08100342883624724,0.3658447265625,0.22141477778663243
/Users/berfinaktas/Projects/covid_project_folders/jun26_bds_int_covid/data/raw/Normal/images/Normal-2929.png,/Users/berfinaktas/Projects/covid_project_folders/jun26_bds_int_covid/data/raw/Normal/masks/Normal-2929.png,Normal,Normal,True,0.33484712144329354,0.43389892578125,0.7717168712515011
/Users/berfinaktas/Projects/covid_project_folders/jun26_bds_int_covid/data/raw/Lung_Opacity/images/Lung_Opacity-5736.png,/Users/berfinaktas/Projects/covid_project_folders/jun26_bds_int_covid/data/raw/Lung_Opacity/masks/Lung_Opacity-5736.png,Lung_Opacity,Lung_Opacity,True,0.03905064822518932,0.3714599609375,0.10512747626051623
/Users/berfinaktas/Projects/covid_project_folders/jun26_bds_int_covid/data/raw/Normal/images/Normal-6376.png,/Users/berfinaktas/Projects/covid_project_folders/jun26_bds_int_covid/data/raw/Normal/masks/Normal-6376.png,Normal,Normal,True,0.1796249058908925,0.322265625,0.5573815261584059
/Users/berfinaktas/Projects/covid_project_folders/jun26_bds_int_covid/data/raw/Lung_Opacity/images/Lung_Opacity-2652.png,/Users/berfinaktas/Projects/covid_project_folders/jun26_bds_int_covid/data/raw/Lung_Opacity/masks/Lung_Opacity-2652.png,Lung_Opacity,COVID,False,0.2606563272773109,0.275146484375,0.9473365718969525
/Users/berfinaktas/Projects/covid_project_folders/jun26_bds_int_covid/data/raw/Viral Pneumonia/images/Viral Pneumonia-897.png,/Users/berfinaktas/Projects/covid_project_folders/jun26_bds_int_covid/data/raw/Viral Pneumonia/masks/Viral Pneumonia-897.png,Viral Pneumonia,Viral Pneumonia,True,0.08607980568590798,0.22882080078125,0.37618872668922815
/Users/berfinaktas/Projects/covid_project_folders/jun26_bds_int_covid/data/raw/Viral Pneumonia/images/Viral Pneumonia-1062.png,/Users/berfinaktas/Projects/covid_project_folders/jun26_bds_int_covid/data/raw/Viral Pneumonia/masks/Viral Pneumonia-1062.png,Viral Pneumonia,Viral Pneumonia,True,0.12957706912519135,0.30877685546875,0.41964631360884264
/Users/berfinaktas/Projects/covid_project_folders/jun26_bds_int_covid/data/raw/Normal/images/Normal-526.png,/Users/berfinaktas/Projects/covid_project_folders/jun26_bds_int_covid/data/raw/Normal/masks/Normal-526.png,Normal,Normal,True,0.1829484940708214,0.1861572265625,0.9827633202807665
/Users/berfinaktas/Projects/covid_project_folders/jun26_bds_int_covid/data/raw/Viral Pneumonia/images/Viral Pneumonia-556.png,/Users/berfinaktas/Projects/covid_project_folders/jun26_bds_int_covid/data/raw/Viral Pneumonia/masks/Viral Pneumonia-556.png,Viral Pneumonia,Viral Pneumonia,True,0.08163319008484873,0.2354736328125,0.34667656463197555
/Users/berfinaktas/Projects/covid_project_folders/jun26_bds_int_covid/data/raw/Normal/images/Normal-4503.png,/Users/berfinaktas/Projects/covid_project_folders/jun26_bds_int_covid/data/raw/Normal/masks/Normal-4503.png,Normal,Normal,True,0.241577661913455,0.374755859375,0.6446267773273692
/Users/berfinaktas/Projects/covid_project_folders/jun26_bds_int_covid/data/raw/Normal/images/Normal-3212.png,/Users/berfinaktas/Projects/covid_project_folders/jun26_bds_int_covid/data/raw/Normal/masks/Normal-3212.png,Normal,Normal,True,0.18116601274142016,0.4090576171875,0.44288629554691555
/Users/berfinaktas/Projects/covid_project_folders/jun26_bds_int_covid/data/raw/COVID/images/COVID-265.png,/Users/berfinaktas/Projects/covid_project_folders/jun26_bds_int_covid/data/raw/COVID/masks/COVID-265.png,COVID,Lung_Opacity,False,0.029460220298735754,0.2587890625,0.11383873806002043
/Users/berfinaktas/Projects/covid_project_folders/jun26_bds_int_covid/data/raw/Lung_Opacity/images/Lung_Opacity-1059.png,/Users/berfinaktas/Projects/covid_project_folders/jun26_bds_int_covid/data/raw/Lung_Opacity/masks/Lung_Opacity-1059.png,Lung_Opacity,Normal,False,0.29986226924500176,0.41973876953125,0.7144021258266844
/Users/berfinaktas/Projects/covid_project_folders/jun26_bds_int_covid/data/raw/Normal/images/Normal-6338.png,/Users/berfinaktas/Projects/covid_project_folders/jun26_bds_int_covid/data/raw/Normal/masks/Normal-6338.png,Normal,COVID,False,0.3617815244979528,0.4154052734375,0.8709122094291006
/Users/berfinaktas/Projects/covid_project_folders/jun26_bds_int_covid/data/raw/Normal/images/Normal-8203.png,/Users/berfinaktas/Projects/covid_project_folders/jun26_bds_int_covid/data/raw/Normal/masks/Normal-8203.png,Normal,Normal,True,0.15977565478860054,0.26593017578125,0.6008180693266998
/Users/berfinaktas/Projects/covid_project_folders/jun26_bds_int_covid/data/raw/Lung_Opacity/images/Lung_Opacity-5144.png,/Users/berfinaktas/Projects/covid_project_folders/jun26_bds_int_covid/data/raw/Lung_Opacity/masks/Lung_Opacity-5144.png,Lung_Opacity,Lung_Opacity,True,0.07170696561481169,0.309814453125,0.23145132478980981
/Users/berfinaktas/Projects/covid_project_folders/jun26_bds_int_covid/data/raw/COVID/images/COVID-452.png,/Users/berfinaktas/Projects/covid_project_folders/jun26_bds_int_covid/data/raw/COVID/masks/COVID-452.png,COVID,Lung_Opacity,False,0.06826004516056529,0.3863525390625,0.17667813268731464
/Users/berfinaktas/Projects/covid_project_folders/jun26_bds_int_covid/data/raw/COVID/images/COVID-1022.png,/Users/berfinaktas/Projects/covid_project_folders/jun26_bds_int_covid/data/raw/COVID/masks/COVID-1022.png,COVID,COVID,True,0.41308246647534247,0.27838134765625,1.4838726443174766
/Users/berfinaktas/Projects/covid_project_folders/jun26_bds_int_covid/data/raw/Normal/images/Normal-1137.png,/Users/berfinaktas/Projects/covid_project_folders/jun26_bds_int_covid/data/raw/Normal/masks/Normal-1137.png,Normal,Normal,True,0.22091665198217253,0.343994140625,0.6422105085301482
/Users/berfinaktas/Projects/covid_project_folders/jun26_bds_int_covid/data/raw/Lung_Opacity/images/Lung_Opacity-510.png,/Users/berfinaktas/Projects/covid_project_folders/jun26_bds_int_covid/data/raw/Lung_Opacity/masks/Lung_Opacity-510.png,Lung_Opacity,Lung_Opacity,True,0.012813463261310916,0.28631591796875,0.04475288468840717
/Users/berfinaktas/Projects/covid_project_folders/jun26_bds_int_covid/data/raw/COVID/images/COVID-1581.png,/Users/berfinaktas/Projects/covid_project_folders/jun26_bds_int_covid/data/raw/COVID/masks/COVID-1581.png,COVID,COVID,True,0.2923743332592782,0.32269287109375,0.9060452196179334
/Users/berfinaktas/Projects/covid_project_folders/jun26_bds_int_covid/data/raw/COVID/images/COVID-1236.png,/Users/berfinaktas/Projects/covid_project_folders/jun26_bds_int_covid/data/raw/COVID/masks/COVID-1236.png,COVID,Normal,False,0.1874611246832937,0.35791015625,0.5237658708750144
/Users/berfinaktas/Projects/covid_project_folders/jun26_bds_int_covid/data/raw/Normal/images/Normal-9434.png,/Users/berfinaktas/Projects/covid_project_folders/jun26_bds_int_covid/data/raw/Normal/masks/Normal-9434.png,Normal,Normal,True,0.08783964538186646,0.32354736328125,0.27148929446076214
/Users/berfinaktas/Projects/covid_project_folders/jun26_bds_int_covid/data/raw/Normal/images/Normal-2794.png,/Users/berfinaktas/Projects/covid_project_folders/jun26_bds_int_covid/data/raw/Normal/masks/Normal-2794.png,Normal,Normal,True,0.20345205534762287,0.27252197265625,0.746552849902677
/Users/berfinaktas/Projects/covid_project_folders/jun26_bds_int_covid/data/raw/Normal/images/Normal-6015.png,/Users/berfinaktas/Projects/covid_project_folders/jun26_bds_int_covid/data/raw/Normal/masks/Normal-6015.png,Normal,Normal,True,0.19506088669942437,0.32147216796875,0.6067737929909567
/Users/berfinaktas/Projects/covid_project_folders/jun26_bds_int_covid/data/raw/Normal/images/Normal-8251.png,/Users/berfinaktas/Projects/covid_project_folders/jun26_bds_int_covid/data/raw/Normal/masks/Normal-8251.png,Normal,Normal,True,0.25593347065569105,0.45281982421875,0.5651993507511581
/Users/berfinaktas/Projects/covid_project_folders/jun26_bds_int_covid/data/raw/Viral Pneumonia/images/Viral Pneumonia-158.png,/Users/berfinaktas/Projects/covid_project_folders/jun26_bds_int_covid/data/raw/Viral Pneumonia/masks/Viral Pneumonia-158.png,Viral Pneumonia,Viral Pneumonia,True,0.0898966035510642,0.2083740234375,0.4314194354366244
/Users/berfinaktas/Projects/covid_project_folders/jun26_bds_int_covid/data/raw/COVID/images/COVID-2839.png,/Users/berfinaktas/Projects/covid_project_folders/jun26_bds_int_covid/data/raw/COVID/masks/COVID-2839.png,COVID,Lung_Opacity,False,0.029434339752145787,0.3004150390625,0.09797891558292494
/Users/berfinaktas/Projects/covid_project_folders/jun26_bds_int_covid/data/raw/Normal/images/Normal-4886.png,/Users/berfinaktas/Projects/covid_project_folders/jun26_bds_int_covid/data/raw/Normal/masks/Normal-4886.png,Normal,Normal,True,0.20309710943282192,0.280517578125,0.7240084945490327
/Users/berfinaktas/Projects/covid_project_folders/jun26_bds_int_covid/data/raw/Normal/images/Normal-3038.png,/Users/berfinaktas/Projects/covid_project_folders/jun26_bds_int_covid/data/raw/Normal/masks/Normal-3038.png,Normal,Normal,True,0.2335258917708399,0.35540771484375,0.657064779456198
/Users/berfinaktas/Projects/covid_project_folders/jun26_bds_int_covid/data/raw/Normal/images/Normal-1787.png,/Users/berfinaktas/Projects/covid_project_folders/jun26_bds_int_covid/data/raw/Normal/masks/Normal-1787.png,Normal,Normal,True,0.24489985340225906,0.31390380859375,0.7801748392266405
/Users/berfinaktas/Projects/covid_project_folders/jun26_bds_int_covid/data/raw/Normal/images/Normal-7384.png,/Users/berfinaktas/Projects/covid_project_folders/jun26_bds_int_covid/data/raw/Normal/masks/Normal-7384.png,Normal,COVID,False,0.16629160275652277,0.2215576171875,0.7505569199897711
/Users/berfinaktas/Projects/covid_project_folders/jun26_bds_int_covid/data/raw/Normal/images/Normal-3737.png,/Users/berfinaktas/Projects/covid_project_folders/jun26_bds_int_covid/data/raw/Normal/masks/Normal-3737.png,Normal,COVID,False,0.1952909082200905,0.2362060546875,0.8267819742320317
/Users/berfinaktas/Projects/covid_project_folders/jun26_bds_int_covid/data/raw/Normal/images/Normal-6682.png,/Users/berfinaktas/Projects/covid_project_folders/jun26_bds_int_covid/data/raw/Normal/masks/Normal-6682.png,Normal,Normal,True,0.21314103064408374,0.41552734375,0.5129410467204272
/Users/berfinaktas/Projects/covid_project_folders/jun26_bds_int_covid/data/raw/Normal/images/Normal-2380.png,/Users/berfinaktas/Projects/covid_project_folders/jun26_bds_int_covid/data/raw/Normal/masks/Normal-2380.png,Normal,Lung_Opacity,False,0.09455530231473944,0.36395263671875,0.2598011190884942
/Users/berfinaktas/Projects/covid_project_folders/jun26_bds_int_covid/data/raw/Lung_Opacity/images/Lung_Opacity-1822.png,/Users/berfinaktas/Projects/covid_project_folders/jun26_bds_int_covid/data/raw/Lung_Opacity/masks/Lung_Opacity-1822.png,Lung_Opacity,Lung_Opacity,True,0.026324678544350315,0.4075927734375,0.06458573424238329
/Users/berfinaktas/Projects/covid_project_folders/jun26_bds_int_covid/data/raw/Lung_Opacity/images/Lung_Opacity-4945.png,/Users/berfinaktas/Projects/covid_project_folders/jun26_bds_int_covid/data/raw/Lung_Opacity/masks/Lung_Opacity-4945.png,Lung_Opacity,Normal,False,0.22724763844459867,0.3724365234375,0.6101647506188634
/Users/berfinaktas/Projects/covid_project_folders/jun26_bds_int_covid/data/raw/Normal/images/Normal-210.png,/Users/berfinaktas/Projects/covid_project_folders/jun26_bds_int_covid/data/raw/Normal/masks/Normal-210.png,Normal,Normal,True,0.20990510995082257,0.23931884765625,0.8770939355864007
/Users/berfinaktas/Projects/covid_project_folders/jun26_bds_int_covid/data/raw/Lung_Opacity/images/Lung_Opacity-316.png,/Users/berfinaktas/Projects/covid_project_folders/jun26_bds_int_covid/data/raw/Lung_Opacity/masks/Lung_Opacity-316.png,Lung_Opacity,Lung_Opacity,True,0.03273255610274381,0.28997802734375,0.1128794357371826
/Users/berfinaktas/Projects/covid_project_folders/jun26_bds_int_covid/data/raw/Normal/images/Normal-7689.png,/Users/berfinaktas/Projects/covid_project_folders/jun26_bds_int_covid/data/raw/Normal/masks/Normal-7689.png,Normal,Normal,True,0.1457372874176752,0.3828125,0.38070148549923316
/Users/berfinaktas/Projects/covid_project_folders/jun26_bds_int_covid/data/raw/Normal/images/Normal-2984.png,/Users/berfinaktas/Projects/covid_project_folders/jun26_bds_int_covid/data/raw/Normal/masks/Normal-2984.png,Normal,Normal,True,0.31747138194138597,0.41888427734375,0.7578975843986111
/Users/berfinaktas/Projects/covid_project_folders/jun26_bds_int_covid/data/raw/Normal/images/Normal-5949.png,/Users/berfinaktas/Projects/covid_project_folders/jun26_bds_int_covid/data/raw/Normal/masks/Normal-5949.png,Normal,Normal,True,0.14543550893429058,0.29205322265625,0.49797604563833164
/Users/berfinaktas/Projects/covid_project_folders/jun26_bds_int_covid/data/raw/Normal/images/Normal-6962.png,/Users/berfinaktas/Projects/covid_project_folders/jun26_bds_int_covid/data/raw/Normal/masks/Normal-6962.png,Normal,Normal,True,0.18740370454775038,0.37451171875,0.5003947678145929
/Users/berfinaktas/Projects/covid_project_folders/jun26_bds_int_covid/data/raw/Lung_Opacity/images/Lung_Opacity-1703.png,/Users/berfinaktas/Projects/covid_project_folders/jun26_bds_int_covid/data/raw/Lung_Opacity/masks/Lung_Opacity-1703.png,Lung_Opacity,Lung_Opacity,True,0.012369713870991578,0.30413818359375,0.04067136104000121
/Users/berfinaktas/Projects/covid_project_folders/jun26_bds_int_covid/data/raw/Normal/images/Normal-1254.png,/Users/berfinaktas/Projects/covid_project_folders/jun26_bds_int_covid/data/raw/Normal/masks/Normal-1254.png,Normal,Normal,True,0.2243898442125349,0.295166015625,0.7602157170343614
/Users/berfinaktas/Projects/covid_project_folders/jun26_bds_int_covid/data/raw/Normal/images/Normal-5321.png,/Users/berfinaktas/Projects/covid_project_folders/jun26_bds_int_covid/data/raw/Normal/masks/Normal-5321.png,Normal,Normal,True,0.3303568006648978,0.4063720703125,0.8129416975208299
/Users/berfinaktas/Projects/covid_project_folders/jun26_bds_int_covid/data/raw/Viral Pneumonia/images/Viral Pneumonia-1204.png,/Users/berfinaktas/Projects/covid_project_folders/jun26_bds_int_covid/data/raw/Viral Pneumonia/masks/Viral Pneumonia-1204.png,Viral Pneumonia,Viral Pneumonia,True,0.09771725421947969,0.24664306640625,0.39618893668199834
/Users/berfinaktas/Projects/covid_project_folders/jun26_bds_int_covid/data/raw/Normal/images/Normal-5959.png,/Users/berfinaktas/Projects/covid_project_folders/jun26_bds_int_covid/data/raw/Normal/masks/Normal-5959.png,Normal,Normal,True,0.2259505187640586,0.3140869140625,0.7193885152410292
/Users/berfinaktas/Projects/covid_project_folders/jun26_bds_int_covid/data/raw/Normal/images/Normal-253.png,/Users/berfinaktas/Projects/covid_project_folders/jun26_bds_int_covid/data/raw/Normal/masks/Normal-253.png,Normal,Normal,True,0.2945665463569505,0.31817626953125,0.9257967188782423
/Users/berfinaktas/Projects/covid_project_folders/jun26_bds_int_covid/data/raw/Normal/images/Normal-187.png,/Users/berfinaktas/Projects/covid_project_folders/jun26_bds_int_covid/data/raw/Normal/masks/Normal-187.png,Normal,Normal,True,0.1344726082086841,0.23779296875,0.5655028780521253
/Users/berfinaktas/Projects/covid_project_folders/jun26_bds_int_covid/data/raw/Normal/images/Normal-7974.png,/Users/berfinaktas/Projects/covid_project_folders/jun26_bds_int_covid/data/raw/Normal/masks/Normal-7974.png,Normal,COVID,False,0.3736398002545045,0.33258056640625,1.1234565034629844
/Users/berfinaktas/Projects/covid_project_folders/jun26_bds_int_covid/data/raw/Lung_Opacity/images/Lung_Opacity-5467.png,/Users/berfinaktas/Projects/covid_project_folders/jun26_bds_int_covid/data/raw/Lung_Opacity/masks/Lung_Opacity-5467.png,Lung_Opacity,Viral Pneumonia,False,0.21572113028058598,0.32421875,0.6653567391786749
/Users/berfinaktas/Projects/covid_project_folders/jun26_bds_int_covid/data/raw/Normal/images/Normal-4007.png,/Users/berfinaktas/Projects/covid_project_folders/jun26_bds_int_covid/data/raw/Normal/masks/Normal-4007.png,Normal,Normal,True,0.2568287045886739,0.4541015625,0.5655754698898969
/Users/berfinaktas/Projects/covid_project_folders/jun26_bds_int_covid/data/raw/Normal/images/Normal-5645.png,/Users/berfinaktas/Projects/covid_project_folders/jun26_bds_int_covid/data/raw/Normal/masks/Normal-5645.png,Normal,Normal,True,0.11969942780191331,0.3079833984375,0.38865545483681085
/Users/berfinaktas/Projects/covid_project_folders/jun26_bds_int_covid/data/raw/Normal/images/Normal-8379.png,/Users/berfinaktas/Projects/covid_project_folders/jun26_bds_int_covid/data/raw/Normal/masks/Normal-8379.png,Normal,Normal,True,0.20634345289817335,0.3153076171875,0.6544194990870446
/Users/berfinaktas/Projects/covid_project_folders/jun26_bds_int_covid/data/raw/Normal/images/Normal-2880.png,/Users/berfinaktas/Projects/covid_project_folders/jun26_bds_int_covid/data/raw/Normal/masks/Normal-2880.png,Normal,Normal,True,0.13972920062381436,0.3751220703125,0.3724899484250853
/Users/berfinaktas/Projects/covid_project_folders/jun26_bds_int_covid/data/raw/COVID/images/COVID-1017.png,/Users/berfinaktas/Projects/covid_project_folders/jun26_bds_int_covid/data/raw/COVID/masks/COVID-1017.png,COVID,COVID,True,0.38152929536980756,0.40167236328125,0.9498519944292549
/Users/berfinaktas/Projects/covid_project_folders/jun26_bds_int_covid/data/raw/Normal/images/Normal-3515.png,/Users/berfinaktas/Projects/covid_project_folders/jun26_bds_int_covid/data/raw/Normal/masks/Normal-3515.png,Normal,Normal,True,0.3289011974001201,0.3870849609375,0.8496873570172765
/Users/berfinaktas/Projects/covid_project_folders/jun26_bds_int_covid/data/raw/Lung_Opacity/images/Lung_Opacity-4311.png,/Users/berfinaktas/Projects/covid_project_folders/jun26_bds_int_covid/data/raw/Lung_Opacity/masks/Lung_Opacity-4311.png,Lung_Opacity,Lung_Opacity,True,0.03359533745396157,0.28680419921875,0.11713683950749232
/Users/berfinaktas/Projects/covid_project_folders/jun26_bds_int_covid/data/raw/COVID/images/COVID-1160.png,/Users/berfinaktas/Projects/covid_project_folders/jun26_bds_int_covid/data/raw/COVID/masks/COVID-1160.png,COVID,COVID,True,0.2821519490203502,0.30029296875,0.9395889294206132
/Users/berfinaktas/Projects/covid_project_folders/jun26_bds_int_covid/data/raw/Normal/images/Normal-8572.png,/Users/berfinaktas/Projects/covid_project_folders/jun26_bds_int_covid/data/raw/Normal/masks/Normal-8572.png,Normal,Normal,True,0.2528489421789496,0.41680908203125,0.6066301169512243
/Users/berfinaktas/Projects/covid_project_folders/jun26_bds_int_covid/data/raw/COVID/images/COVID-790.png,/Users/berfinaktas/Projects/covid_project_folders/jun26_bds_int_covid/data/raw/COVID/masks/COVID-790.png,COVID,COVID,True,0.34235210213936085,0.3843994140625,0.8906155670770544
/Users/berfinaktas/Projects/covid_project_folders/jun26_bds_int_covid/data/raw/COVID/images/COVID-783.png,/Users/berfinaktas/Projects/covid_project_folders/jun26_bds_int_covid/data/raw/COVID/masks/COVID-783.png,COVID,COVID,True,0.2816982403709957,0.3875732421875,0.7268258220847864
/Users/berfinaktas/Projects/covid_project_folders/jun26_bds_int_covid/data/raw/Normal/images/Normal-6797.png,/Users/berfinaktas/Projects/covid_project_folders/jun26_bds_int_covid/data/raw/Normal/masks/Normal-6797.png,Normal,Normal,True,0.18944946166527726,0.353515625,0.5359012396277456
/Users/berfinaktas/Projects/covid_project_folders/jun26_bds_int_covid/data/raw/COVID/images/COVID-463.png,/Users/berfinaktas/Projects/covid_project_folders/jun26_bds_int_covid/data/raw/COVID/masks/COVID-463.png,COVID,Normal,False,0.26508635988336243,0.3912353515625,0.6775623900669282
/Users/berfinaktas/Projects/covid_project_folders/jun26_bds_int_covid/data/raw/Lung_Opacity/images/Lung_Opacity-5075.png,/Users/berfinaktas/Projects/covid_project_folders/jun26_bds_int_covid/data/raw/Lung_Opacity/masks/Lung_Opacity-5075.png,Lung_Opacity,Lung_Opacity,True,0.04998246587921483,0.37152099609375,0.13453470033925674
/Users/berfinaktas/Projects/covid_project_folders/jun26_bds_int_covid/data/raw/Normal/images/Normal-6046.png,/Users/berfinaktas/Projects/covid_project_folders/jun26_bds_int_covid/data/raw/Normal/masks/Normal-6046.png,Normal,Normal,True,0.2432514138107337,0.31842041015625,0.7639316012794827
/Users/berfinaktas/Projects/covid_project_folders/jun26_bds_int_covid/data/raw/COVID/images/COVID-762.png,/Users/berfinaktas/Projects/covid_project_folders/jun26_bds_int_covid/data/raw/COVID/masks/COVID-762.png,COVID,COVID,True,0.34214924691997517,0.32122802734375,1.0651288735582127
/Users/berfinaktas/Projects/covid_project_folders/jun26_bds_int_covid/data/raw/Normal/images/Normal-4630.png,/Users/berfinaktas/Projects/covid_project_folders/jun26_bds_int_covid/data/raw/Normal/masks/Normal-4630.png,Normal,Normal,True,0.37905671482050796,0.4427490234375,0.8561435367547839
/Users/berfinaktas/Projects/covid_project_folders/jun26_bds_int_covid/data/raw/Lung_Opacity/images/Lung_Opacity-1072.png,/Users/berfinaktas/Projects/covid_project_folders/jun26_bds_int_covid/data/raw/Lung_Opacity/masks/Lung_Opacity-1072.png,Lung_Opacity,Lung_Opacity,True,0.04688440192385408,0.32977294921875,0.1421717640422775
/Users/berfinaktas/Projects/covid_project_folders/jun26_bds_int_covid/data/raw/Lung_Opacity/images/Lung_Opacity-191.png,/Users/berfinaktas/Projects/covid_project_folders/jun26_bds_int_covid/data/raw/Lung_Opacity/masks/Lung_Opacity-191.png,Lung_Opacity,Lung_Opacity,True,0.08650352307484431,0.250244140625,0.34567651757518275
/Users/berfinaktas/Projects/covid_project_folders/jun26_bds_int_covid/data/raw/Lung_Opacity/images/Lung_Opacity-3131.png,/Users/berfinaktas/Projects/covid_project_folders/jun26_bds_int_covid/data/raw/Lung_Opacity/masks/Lung_Opacity-3131.png,Lung_Opacity,Lung_Opacity,True,0.010305585042724231,0.3941650390625,0.02614535542582747
/Users/berfinaktas/Projects/covid_project_folders/jun26_bds_int_covid/data/raw/Lung_Opacity/images/Lung_Opacity-2752.png,/Users/berfinaktas/Projects/covid_project_folders/jun26_bds_int_covid/data/raw/Lung_Opacity/masks/Lung_Opacity-2752.png,Lung_Opacity,Lung_Opacity,True,0.05251128193070809,0.37774658203125,0.1390119313544549
/Users/berfinaktas/Projects/covid_project_folders/jun26_bds_int_covid/data/raw/Normal/images/Normal-1979.png,/Users/berfinaktas/Projects/covid_project_folders/jun26_bds_int_covid/data/raw/Normal/masks/Normal-1979.png,Normal,Normal,True,0.22066603145935568,0.3094482421875,0.7130951202031722
/Users/berfinaktas/Projects/covid_project_folders/jun26_bds_int_covid/data/raw/Normal/images/Normal-7074.png,/Users/berfinaktas/Projects/covid_project_folders/jun26_bds_int_covid/data/raw/Normal/masks/Normal-7074.png,Normal,Normal,True,0.1828156141732313,0.3974609375,0.45995869511889154
/Users/berfinaktas/Projects/covid_project_folders/jun26_bds_int_covid/data/raw/Normal/images/Normal-9036.png,/Users/berfinaktas/Projects/covid_project_folders/jun26_bds_int_covid/data/raw/Normal/masks/Normal-9036.png,Normal,Lung_Opacity,False,0.023119471807672574,0.3720703125,0.06213737304739295
/Users/berfinaktas/Projects/covid_project_folders/jun26_bds_int_covid/data/raw/Lung_Opacity/images/Lung_Opacity-2686.png,/Users/berfinaktas/Projects/covid_project_folders/jun26_bds_int_covid/data/raw/Lung_Opacity/masks/Lung_Opacity-2686.png,Lung_Opacity,Lung_Opacity,True,0.006087256876636857,0.2041015625,0.02982464613242173
/Users/berfinaktas/Projects/covid_project_folders/jun26_bds_int_covid/data/raw/Lung_Opacity/images/Lung_Opacity-2670.png,/Users/berfinaktas/Projects/covid_project_folders/jun26_bds_int_covid/data/raw/Lung_Opacity/masks/Lung_Opacity-2670.png,Lung_Opacity,Lung_Opacity,True,0.01506428735089464,0.36883544921875,0.04084284030399765
/Users/berfinaktas/Projects/covid_project_folders/jun26_bds_int_covid/data/raw/COVID/images/COVID-1234.png,/Users/berfinaktas/Projects/covid_project_folders/jun26_bds_int_covid/data/raw/COVID/masks/COVID-1234.png,COVID,Normal,False,0.15149601503154103,0.37884521484375,0.39988894961765237
/Users/berfinaktas/Projects/covid_project_folders/jun26_bds_int_covid/data/raw/COVID/images/COVID-599.png,/Users/berfinaktas/Projects/covid_project_folders/jun26_bds_int_covid/data/raw/COVID/masks/COVID-599.png,COVID,COVID,True,0.2592996987379233,0.30975341796875,0.837116505245741
/Users/berfinaktas/Projects/covid_project_folders/jun26_bds_int_covid/data/raw/COVID/images/COVID-1143.png,/Users/berfinaktas/Projects/covid_project_folders/jun26_bds_int_covid/data/raw/COVID/masks/COVID-1143.png,COVID,COVID,True,0.3816122952089593,0.2977294921875,1.2817416655808915
/Users/berfinaktas/Projects/covid_project_folders/jun26_bds_int_covid/data/raw/Viral Pneumonia/images/Viral Pneumonia-572.png,/Users/berfinaktas/Projects/covid_project_folders/jun26_bds_int_covid/data/raw/Viral Pneumonia/masks/Viral Pneumonia-572.png,Viral Pneumonia,Viral Pneumonia,True,0.09940357796864138,0.26434326171875,0.3760397648206466
/Users/berfinaktas/Projects/covid_project_folders/jun26_bds_int_covid/data/raw/Normal/images/Normal-5109.png,/Users/berfinaktas/Projects/covid_project_folders/jun26_bds_int_covid/data/raw/Normal/masks/Normal-5109.png,Normal,Normal,True,0.29653490508324304,0.42462158203125,0.6983509968210225
/Users/berfinaktas/Projects/covid_project_folders/jun26_bds_int_covid/data/raw/Normal/images/Normal-8044.png,/Users/berfinaktas/Projects/covid_project_folders/jun26_bds_int_covid/data/raw/Normal/masks/Normal-8044.png,Normal,Lung_Opacity,False,0.07502345196276486,0.427490234375,0.1754974638717789
/Users/berfinaktas/Projects/covid_project_folders/jun26_bds_int_covid/data/raw/Viral Pneumonia/images/Viral Pneumonia-132.png,/Users/berfinaktas/Projects/covid_project_folders/jun26_bds_int_covid/data/raw/Viral Pneumonia/masks/Viral Pneumonia-132.png,Viral Pneumonia,Viral Pneumonia,True,0.17514085018895245,0.28167724609375,0.6217784809308335
/Users/berfinaktas/Projects/covid_project_folders/jun26_bds_int_covid/data/raw/Normal/images/Normal-9035.png,/Users/berfinaktas/Projects/covid_project_folders/jun26_bds_int_covid/data/raw/Normal/masks/Normal-9035.png,Normal,Normal,True,0.2739567058541455,0.3629150390625,0.7548783499351363
/Users/berfinaktas/Projects/covid_project_folders/jun26_bds_int_covid/data/raw/Normal/images/Normal-1279.png,/Users/berfinaktas/Projects/covid_project_folders/jun26_bds_int_covid/data/raw/Normal/masks/Normal-1279.png,Normal,Normal,True,0.21465588700743546,0.2432861328125,0.8823186283817919
/Users/berfinaktas/Projects/covid_project_folders/jun26_bds_int_covid/data/raw/Lung_Opacity/images/Lung_Opacity-5989.png,/Users/berfinaktas/Projects/covid_project_folders/jun26_bds_int_covid/data/raw/Lung_Opacity/masks/Lung_Opacity-5989.png,Lung_Opacity,Lung_Opacity,True,0.028654210377061486,0.31463623046875,0.09107091810238126
/Users/berfinaktas/Projects/covid_project_folders/jun26_bds_int_covid/data/raw/Normal/images/Normal-9056.png,/Users/berfinaktas/Projects/covid_project_folders/jun26_bds_int_covid/data/raw/Normal/masks/Normal-9056.png,Normal,Normal,True,0.1998783115225024,0.40289306640625,0.49610759824036954
/Users/berfinaktas/Projects/covid_project_folders/jun26_bds_int_covid/data/raw/Normal/images/Normal-645.png,/Users/berfinaktas/Projects/covid_project_folders/jun26_bds_int_covid/data/raw/Normal/masks/Normal-645.png,Normal,Normal,True,0.25706466052234583,0.31121826171875,0.8259947828982377
/Users/berfinaktas/Projects/covid_project_folders/jun26_bds_int_covid/data/raw/Normal/images/Normal-5402.png,/Users/berfinaktas/Projects/covid_project_folders/jun26_bds_int_covid/data/raw/Normal/masks/Normal-5402.png,Normal,Normal,True,0.2580976092171365,0.2930908203125,0.8806062535221916
/Users/berfinaktas/Projects/covid_project_folders/jun26_bds_int_covid/data/raw/COVID/images/COVID-322.png,/Users/berfinaktas/Projects/covid_project_folders/jun26_bds_int_covid/data/raw/COVID/masks/COVID-322.png,COVID,COVID,True,0.2512665360279567,0.3939208984375,0.637860385231181
/Users/berfinaktas/Projects/covid_project_folders/jun26_bds_int_covid/data/raw/Normal/images/Normal-7253.png,/Users/berfinaktas/Projects/covid_project_folders/jun26_bds_int_covid/data/raw/Normal/masks/Normal-7253.png,Normal,Normal,True,0.2692488494586387,0.42474365234375,0.6339090601423102
/Users/berfinaktas/Projects/covid_project_folders/jun26_bds_int_covid/data/raw/Normal/images/Normal-7160.png,/Users/berfinaktas/Projects/covid_project_folders/jun26_bds_int_covid/data/raw/Normal/masks/Normal-7160.png,Normal,Normal,True,0.2713710346112638,0.3497314453125,0.7759411921589783
/Users/berfinaktas/Projects/covid_project_folders/jun26_bds_int_covid/data/raw/Normal/images/Normal-6675.png,/Users/berfinaktas/Projects/covid_project_folders/jun26_bds_int_covid/data/raw/Normal/masks/Normal-6675.png,Normal,Normal,True,0.34992507092016367,0.45233154296875,0.7736030713744382
/Users/berfinaktas/Projects/covid_project_folders/jun26_bds_int_covid/data/raw/Lung_Opacity/images/Lung_Opacity-2857.png,/Users/berfinaktas/Projects/covid_project_folders/jun26_bds_int_covid/data/raw/Lung_Opacity/masks/Lung_Opacity-2857.png,Lung_Opacity,Lung_Opacity,True,0.04957860230323005,0.2984619140625,0.16611366464951352
/Users/berfinaktas/Projects/covid_project_folders/jun26_bds_int_covid/data/raw/Normal/images/Normal-6581.png,/Users/berfinaktas/Projects/covid_project_folders/jun26_bds_int_covid/data/raw/Normal/masks/Normal-6581.png,Normal,Normal,True,0.24618353643651608,0.45745849609375,0.5381549114043869
/Users/berfinaktas/Projects/covid_project_folders/jun26_bds_int_covid/data/raw/COVID/images/COVID-890.png,/Users/berfinaktas/Projects/covid_project_folders/jun26_bds_int_covid/data/raw/COVID/masks/COVID-890.png,COVID,COVID,True,0.3556274222373692,0.31768798828125,1.1194235707852176
/Users/berfinaktas/Projects/covid_project_folders/jun26_bds_int_covid/data/raw/Normal/images/Normal-5282.png,/Users/berfinaktas/Projects/covid_project_folders/jun26_bds_int_covid/data/raw/Normal/masks/Normal-5282.png,Normal,Normal,True,0.28623070000712253,0.3282470703125,0.8719977294378385
/Users/berfinaktas/Projects/covid_project_folders/jun26_bds_int_covid/data/raw/Normal/images/Normal-145.png,/Users/berfinaktas/Projects/covid_project_folders/jun26_bds_int_covid/data/raw/Normal/masks/Normal-145.png,Normal,Normal,True,0.19124105504919622,0.27117919921875,0.7052202219054763
/Users/berfinaktas/Projects/covid_project_folders/jun26_bds_int_covid/data/raw/COVID/images/COVID-726.png,/Users/berfinaktas/Projects/covid_project_folders/jun26_bds_int_covid/data/raw/COVID/masks/COVID-726.png,COVID,COVID,True,0.28970757184028345,0.28082275390625,1.0316385257620526
/Users/berfinaktas/Projects/covid_project_folders/jun26_bds_int_covid/data/raw/COVID/images/COVID-55.png,/Users/berfinaktas/Projects/covid_project_folders/jun26_bds_int_covid/data/raw/COVID/masks/COVID-55.png,COVID,COVID,True,0.24390930547616257,0.2679443359375,0.9102984193442933
/Users/berfinaktas/Projects/covid_project_folders/jun26_bds_int_covid/data/raw/Normal/images/Normal-3530.png,/Users/berfinaktas/Projects/covid_project_folders/jun26_bds_int_covid/data/raw/Normal/masks/Normal-3530.png,Normal,Normal,True,0.15650286269698102,0.37957763671875,0.41230791163005903
/Users/berfinaktas/Projects/covid_project_folders/jun26_bds_int_covid/data/raw/Normal/images/Normal-4059.png,/Users/berfinaktas/Projects/covid_project_folders/jun26_bds_int_covid/data/raw/Normal/masks/Normal-4059.png,Normal,Normal,True,0.33304161931981224,0.42864990234375,0.7769548470647591
/Users/berfinaktas/Projects/covid_project_folders/jun26_bds_int_covid/data/raw/Normal/images/Normal-96.png,/Users/berfinaktas/Projects/covid_project_folders/jun26_bds_int_covid/data/raw/Normal/masks/Normal-96.png,Normal,Normal,True,0.2163914573994595,0.34320068359375,0.6305099836444504
/Users/berfinaktas/Projects/covid_project_folders/jun26_bds_int_covid/data/raw/Normal/images/Normal-183.png,/Users/berfinaktas/Projects/covid_project_folders/jun26_bds_int_covid/data/raw/Normal/masks/Normal-183.png,Normal,Normal,True,0.17961525732891068,0.28436279296875,0.6316412054253858
/Users/berfinaktas/Projects/covid_project_folders/jun26_bds_int_covid/data/raw/Normal/images/Normal-2687.png,/Users/berfinaktas/Projects/covid_project_folders/jun26_bds_int_covid/data/raw/Normal/masks/Normal-2687.png,Normal,Normal,True,0.18352618696259065,0.412353515625,0.4450700188269812
/Users/berfinaktas/Projects/covid_project_folders/jun26_bds_int_covid/data/raw/Normal/images/Normal-5270.png,/Users/berfinaktas/Projects/covid_project_folders/jun26_bds_int_covid/data/raw/Normal/masks/Normal-5270.png,Normal,Normal,True,0.2676903725249607,0.44500732421875,0.6015414982099789
/Users/berfinaktas/Projects/covid_project_folders/jun26_bds_int_covid/data/raw/Lung_Opacity/images/Lung_Opacity-3307.png,/Users/berfinaktas/Projects/covid_project_folders/jun26_bds_int_covid/data/raw/Lung_Opacity/masks/Lung_Opacity-3307.png,Lung_Opacity,Normal,False,0.115703606594463,0.34991455078125,0.3306624612669949
/Users/berfinaktas/Projects/covid_project_folders/jun26_bds_int_covid/data/raw/COVID/images/COVID-532.png,/Users/berfinaktas/Projects/covid_project_folders/jun26_bds_int_covid/data/raw/COVID/masks/COVID-532.png,COVID,Normal,False,0.1045863227676978,0.35595703125,0.29381726890019905
/Users/berfinaktas/Projects/covid_project_folders/jun26_bds_int_covid/data/raw/Lung_Opacity/images/Lung_Opacity-3553.png,/Users/berfinaktas/Projects/covid_project_folders/jun26_bds_int_covid/data/raw/Lung_Opacity/masks/Lung_Opacity-3553.png,Lung_Opacity,Lung_Opacity,True,0.017902098261556604,0.25341796875,0.07064257656968771
/Users/berfinaktas/Projects/covid_project_folders/jun26_bds_int_covid/data/raw/Normal/images/Normal-7525.png,/Users/berfinaktas/Projects/covid_project_folders/jun26_bds_int_covid/data/raw/Normal/masks/Normal-7525.png,Normal,Normal,True,0.314423318335721,0.43743896484375,0.7187821470088535
/Users/berfinaktas/Projects/covid_project_folders/jun26_bds_int_covid/data/raw/Normal/images/Normal-8372.png,/Users/berfinaktas/Projects/covid_project_folders/jun26_bds_int_covid/data/raw/Normal/masks/Normal-8372.png,Normal,Normal,True,0.19228171195370278,0.38916015625,0.4940940352336051
/Users/berfinaktas/Projects/covid_project_folders/jun26_bds_int_covid/data/raw/Viral Pneumonia/images/Viral Pneumonia-829.png,/Users/berfinaktas/Projects/covid_project_folders/jun26_bds_int_covid/data/raw/Viral Pneumonia/masks/Viral Pneumonia-829.png,Viral Pneumonia,Viral Pneumonia,True,0.1491111302460325,0.31231689453125,0.47743536407093934
/Users/berfinaktas/Projects/covid_project_folders/jun26_bds_int_covid/data/raw/Lung_Opacity/images/Lung_Opacity-588.png,/Users/berfinaktas/Projects/covid_project_folders/jun26_bds_int_covid/data/raw/Lung_Opacity/masks/Lung_Opacity-588.png,Lung_Opacity,Normal,False,0.1809178966855488,0.2755126953125,0.6566590206681505
/Users/berfinaktas/Projects/covid_project_folders/jun26_bds_int_covid/data/raw/Lung_Opacity/images/Lung_Opacity-2144.png,/Users/berfinaktas/Projects/covid_project_folders/jun26_bds_int_covid/data/raw/Lung_Opacity/masks/Lung_Opacity-2144.png,Lung_Opacity,Lung_Opacity,True,0.03829645966932987,0.31622314453125,0.1211058087670914
/Users/berfinaktas/Projects/covid_project_folders/jun26_bds_int_covid/data/raw/Normal/images/Normal-4560.png,/Users/berfinaktas/Projects/covid_project_folders/jun26_bds_int_covid/data/raw/Normal/masks/Normal-4560.png,Normal,Normal,True,0.18652928857906223,0.4376220703125,0.426233732786521
/Users/berfinaktas/Projects/covid_project_folders/jun26_bds_int_covid/data/raw/Normal/images/Normal-2486.png,/Users/berfinaktas/Projects/covid_project_folders/jun26_bds_int_covid/data/raw/Normal/masks/Normal-2486.png,Normal,Normal,True,0.2859962177722643,0.3897705078125,0.7337554074507953
/Users/berfinaktas/Projects/covid_project_folders/jun26_bds_int_covid/data/raw/Lung_Opacity/images/Lung_Opacity-1617.png,/Users/berfinaktas/Projects/covid_project_folders/jun26_bds_int_covid/data/raw/Lung_Opacity/masks/Lung_Opacity-1617.png,Lung_Opacity,COVID,False,0.22084202128817212,0.24072265625,0.9174126969537049
/Users/berfinaktas/Projects/covid_project_folders/jun26_bds_int_covid/data/raw/Lung_Opacity/images/Lung_Opacity-2313.png,/Users/berfinaktas/Projects/covid_project_folders/jun26_bds_int_covid/data/raw/Lung_Opacity/masks/Lung_Opacity-2313.png,Lung_Opacity,Lung_Opacity,True,0.030197239178860236,0.35345458984375,0.08543456513666829
/Users/berfinaktas/Projects/covid_project_folders/jun26_bds_int_covid/data/raw/COVID/images/COVID-1406.png,/Users/berfinaktas/Projects/covid_project_folders/jun26_bds_int_covid/data/raw/COVID/masks/COVID-1406.png,COVID,Lung_Opacity,False,0.07063801393718722,0.32684326171875,0.2161219832580533
/Users/berfinaktas/Projects/covid_project_folders/jun26_bds_int_covid/data/raw/Normal/images/Normal-2899.png,/Users/berfinaktas/Projects/covid_project_folders/jun26_bds_int_covid/data/raw/Normal/masks/Normal-2899.png,Normal,Normal,True,0.20307903122434115,0.37030029296875,0.5484171497576406
/Users/berfinaktas/Projects/covid_project_folders/jun26_bds_int_covid/data/raw/Normal/images/Normal-643.png,/Users/berfinaktas/Projects/covid_project_folders/jun26_bds_int_covid/data/raw/Normal/masks/Normal-643.png,Normal,Normal,True,0.2623267806137196,0.23382568359375,1.1218903611524882
/Users/berfinaktas/Projects/covid_project_folders/jun26_bds_int_covid/data/raw/Lung_Opacity/images/Lung_Opacity-5924.png,/Users/berfinaktas/Projects/covid_project_folders/jun26_bds_int_covid/data/raw/Lung_Opacity/masks/Lung_Opacity-5924.png,Lung_Opacity,Lung_Opacity,True,0.021254960558159983,0.276123046875,0.07697640888260238
/Users/berfinaktas/Projects/covid_project_folders/jun26_bds_int_covid/data/raw/Normal/images/Normal-8449.png,/Users/berfinaktas/Projects/covid_project_folders/jun26_bds_int_covid/data/raw/Normal/masks/Normal-8449.png,Normal,Lung_Opacity,False,0.10486871639077577,0.3173828125,0.33041712487432123
/Users/berfinaktas/Projects/covid_project_folders/jun26_bds_int_covid/data/raw/Normal/images/Normal-7295.png,/Users/berfinaktas/Projects/covid_project_folders/jun26_bds_int_covid/data/raw/Normal/masks/Normal-7295.png,Normal,Normal,True,0.3031764308985712,0.39642333984375,0.7647794678740863
/Users/berfinaktas/Projects/covid_project_folders/jun26_bds_int_covid/data/raw/COVID/images/COVID-58.png,/Users/berfinaktas/Projects/covid_project_folders/jun26_bds_int_covid/data/raw/COVID/masks/COVID-58.png,COVID,COVID,True,0.3855690820418077,0.26959228515625,1.430193307714054
/Users/berfinaktas/Projects/covid_project_folders/jun26_bds_int_covid/data/raw/Normal/images/Normal-1425.png,/Users/berfinaktas/Projects/covid_project_folders/jun26_bds_int_covid/data/raw/Normal/masks/Normal-1425.png,Normal,Normal,True,0.18088559109445418,0.37286376953125,0.48512514724038913
/Users/berfinaktas/Projects/covid_project_folders/jun26_bds_int_covid/data/raw/Normal/images/Normal-2281.png,/Users/berfinaktas/Projects/covid_project_folders/jun26_bds_int_covid/data/raw/Normal/masks/Normal-2281.png,Normal,COVID,False,0.3370629731088423,0.3582763671875,0.9407904176175933
/Users/berfinaktas/Projects/covid_project_folders/jun26_bds_int_covid/data/raw/Normal/images/Normal-7543.png,/Users/berfinaktas/Projects/covid_project_folders/jun26_bds_int_covid/data/raw/Normal/masks/Normal-7543.png,Normal,Normal,True,0.2959424461635657,0.3828125,0.7730741450803349
/Users/berfinaktas/Projects/covid_project_folders/jun26_bds_int_covid/data/raw/COVID/images/COVID-1864.png,/Users/berfinaktas/Projects/covid_project_folders/jun26_bds_int_covid/data/raw/COVID/masks/COVID-1864.png,COVID,COVID,True,0.3448767032760702,0.36083984375,0.9557611479152798
/Users/berfinaktas/Projects/covid_project_folders/jun26_bds_int_covid/data/raw/Normal/images/Normal-1459.png,/Users/berfinaktas/Projects/covid_project_folders/jun26_bds_int_covid/data/raw/Normal/masks/Normal-1459.png,Normal,Normal,True,0.13816078701402285,0.3013916015625,0.4584095452486331
/Users/berfinaktas/Projects/covid_project_folders/jun26_bds_int_covid/data/raw/COVID/images/COVID-1692.png,/Users/berfinaktas/Projects/covid_project_folders/jun26_bds_int_covid/data/raw/COVID/masks/COVID-1692.png,COVID,Lung_Opacity,False,0.028041479397762983,0.363037109375,0.07724135817971566
/Users/berfinaktas/Projects/covid_project_folders/jun26_bds_int_covid/data/raw/Lung_Opacity/images/Lung_Opacity-4195.png,/Users/berfinaktas/Projects/covid_project_folders/jun26_bds_int_covid/data/raw/Lung_Opacity/masks/Lung_Opacity-4195.png,Lung_Opacity,Normal,False,0.20191565325620395,0.32427978515625,0.6226587733765566
/Users/berfinaktas/Projects/covid_project_folders/jun26_bds_int_covid/data/raw/COVID/images/COVID-3301.png,/Users/berfinaktas/Projects/covid_project_folders/jun26_bds_int_covid/data/raw/COVID/masks/COVID-3301.png,COVID,Lung_Opacity,False,0.027650784990978877,0.2587890625,0.10684680690853725
/Users/berfinaktas/Projects/covid_project_folders/jun26_bds_int_covid/data/raw/Normal/images/Normal-9439.png,/Users/berfinaktas/Projects/covid_project_folders/jun26_bds_int_covid/data/raw/Normal/masks/Normal-9439.png,Normal,Normal,True,0.14865795987378708,0.4217529296875,0.3524764131073991
/Users/berfinaktas/Projects/covid_project_folders/jun26_bds_int_covid/data/raw/Lung_Opacity/images/Lung_Opacity-4081.png,/Users/berfinaktas/Projects/covid_project_folders/jun26_bds_int_covid/data/raw/Lung_Opacity/masks/Lung_Opacity-4081.png,Lung_Opacity,COVID,False,0.3238930141395083,0.37420654296875,0.865546100744039
/Users/berfinaktas/Projects/covid_project_folders/jun26_bds_int_covid/data/raw/Viral Pneumonia/images/Viral Pneumonia-1140.png,/Users/berfinaktas/Projects/covid_project_folders/jun26_bds_int_covid/data/raw/Viral Pneumonia/masks/Viral Pneumonia-1140.png,Viral Pneumonia,Viral Pneumonia,True,0.16950499847765477,0.34747314453125,0.4878218680937811
/Users/berfinaktas/Projects/covid_project_folders/jun26_bds_int_covid/data/raw/Normal/images/Normal-1475.png,/Users/berfinaktas/Projects/covid_project_folders/jun26_bds_int_covid/data/raw/Normal/masks/Normal-1475.png,Normal,Normal,True,0.2783593150913902,0.40484619140625,0.6875680715298262
/Users/berfinaktas/Projects/covid_project_folders/jun26_bds_int_covid/data/raw/Normal/images/Normal-7123.png,/Users/berfinaktas/Projects/covid_project_folders/jun26_bds_int_covid/data/raw/Normal/masks/Normal-7123.png,Normal,Normal,True,0.1878587898624862,0.34375,0.546498297781778
/Users/berfinaktas/Projects/covid_project_folders/jun26_bds_int_covid/data/raw/Normal/images/Normal-4565.png,/Users/berfinaktas/Projects/covid_project_folders/jun26_bds_int_covid/data/raw/Normal/masks/Normal-4565.png,Normal,COVID,False,0.34418294841764757,0.37811279296875,0.9102652827884968
/Users/berfinaktas/Projects/covid_project_folders/jun26_bds_int_covid/data/raw/Viral Pneumonia/images/Viral Pneumonia-925.png,/Users/berfinaktas/Projects/covid_project_folders/jun26_bds_int_covid/data/raw/Viral Pneumonia/masks/Viral Pneumonia-925.png,Viral Pneumonia,Viral Pneumonia,True,0.13971315198993142,0.29052734375,0.4808950172695455
/Users/berfinaktas/Projects/covid_project_folders/jun26_bds_int_covid/data/raw/COVID/images/COVID-2155.png,/Users/berfinaktas/Projects/covid_project_folders/jun26_bds_int_covid/data/raw/COVID/masks/COVID-2155.png,COVID,COVID,True,0.20819581772996662,0.25115966796875,0.828938099073578
/Users/berfinaktas/Projects/covid_project_folders/jun26_bds_int_covid/data/raw/Normal/images/Normal-3981.png,/Users/berfinaktas/Projects/covid_project_folders/jun26_bds_int_covid/data/raw/Normal/masks/Normal-3981.png,Normal,Normal,True,0.23948825937224316,0.36260986328125,0.6604571017597765
/Users/berfinaktas/Projects/covid_project_folders/jun26_bds_int_covid/data/raw/Lung_Opacity/images/Lung_Opacity-628.png,/Users/berfinaktas/Projects/covid_project_folders/jun26_bds_int_covid/data/raw/Lung_Opacity/masks/Lung_Opacity-628.png,Lung_Opacity,Lung_Opacity,True,0.008597320114547986,0.31268310546875,0.027495313831105643
/Users/berfinaktas/Projects/covid_project_folders/jun26_bds_int_covid/data/raw/Normal/images/Normal-7914.png,/Users/berfinaktas/Projects/covid_project_folders/jun26_bds_int_covid/data/raw/Normal/masks/Normal-7914.png,Normal,Lung_Opacity,False,0.012462219680525912,0.26629638671875,0.046798305580045045
/Users/berfinaktas/Projects/covid_project_folders/jun26_bds_int_covid/data/raw/COVID/images/COVID-3478.png,/Users/berfinaktas/Projects/covid_project_folders/jun26_bds_int_covid/data/raw/COVID/masks/COVID-3478.png,COVID,COVID,True,0.3139290118128431,0.2664794921875,1.1780606801515394
/Users/berfinaktas/Projects/covid_project_folders/jun26_bds_int_covid/data/raw/Normal/images/Normal-2535.png,/Users/berfinaktas/Projects/covid_project_folders/jun26_bds_int_covid/data/raw/Normal/masks/Normal-2535.png,Normal,Normal,True,0.1522714273915009,0.29522705078125,0.5157773550511372
/Users/berfinaktas/Projects/covid_project_folders/jun26_bds_int_covid/data/raw/Normal/images/Normal-7486.png,/Users/berfinaktas/Projects/covid_project_folders/jun26_bds_int_covid/data/raw/Normal/masks/Normal-7486.png,Normal,Normal,True,0.2600225152150987,0.39013671875,0.6664907523911416
/Users/berfinaktas/Projects/covid_project_folders/jun26_bds_int_covid/data/raw/Normal/images/Normal-10125.png,/Users/berfinaktas/Projects/covid_project_folders/jun26_bds_int_covid/data/raw/Normal/masks/Normal-10125.png,Normal,Normal,True,0.1810540791054176,0.3819580078125,0.47401566507880505
/Users/berfinaktas/Projects/covid_project_folders/jun26_bds_int_covid/data/raw/Viral Pneumonia/images/Viral Pneumonia-927.png,/Users/berfinaktas/Projects/covid_project_folders/jun26_bds_int_covid/data/raw/Viral Pneumonia/masks/Viral Pneumonia-927.png,Viral Pneumonia,COVID,False,0.33247345536250567,0.256103515625,1.298199497773902
/Users/berfinaktas/Projects/covid_project_folders/jun26_bds_int_covid/data/raw/Normal/images/Normal-4621.png,/Users/berfinaktas/Projects/covid_project_folders/jun26_bds_int_covid/data/raw/Normal/masks/Normal-4621.png,Normal,Normal,True,0.19938417525055888,0.26507568359375,0.752178293185622
/Users/berfinaktas/Projects/covid_project_folders/jun26_bds_int_covid/data/raw/Lung_Opacity/images/Lung_Opacity-4603.png,/Users/berfinaktas/Projects/covid_project_folders/jun26_bds_int_covid/data/raw/Lung_Opacity/masks/Lung_Opacity-4603.png,Lung_Opacity,Lung_Opacity,True,0.02307041410742221,0.3289794921875,0.07012721052616058
/Users/berfinaktas/Projects/covid_project_folders/jun26_bds_int_covid/data/raw/Normal/images/Normal-9366.png,/Users/berfinaktas/Projects/covid_project_folders/jun26_bds_int_covid/data/raw/Normal/masks/Normal-9366.png,Normal,Normal,True,0.3682764709244491,0.43560791015625,0.8454310914426473
/Users/berfinaktas/Projects/covid_project_folders/jun26_bds_int_covid/data/raw/Normal/images/Normal-7841.png,/Users/berfinaktas/Projects/covid_project_folders/jun26_bds_int_covid/data/raw/Normal/masks/Normal-7841.png,Normal,Normal,True,0.26031397107647075,0.3685302734375,0.7063570887904764
/Users/berfinaktas/Projects/covid_project_folders/jun26_bds_int_covid/data/raw/Normal/images/Normal-5464.png,/Users/berfinaktas/Projects/covid_project_folders/jun26_bds_int_covid/data/raw/Normal/masks/Normal-5464.png,Normal,Normal,True,0.25356380310711185,0.38934326171875,0.6512602837602948
/Users/berfinaktas/Projects/covid_project_folders/jun26_bds_int_covid/data/raw/COVID/images/COVID-935.png,/Users/berfinaktas/Projects/covid_project_folders/jun26_bds_int_covid/data/raw/COVID/masks/COVID-935.png,COVID,COVID,True,0.32303282142512146,0.38446044921875,0.8402238047672949
/Users/berfinaktas/Projects/covid_project_folders/jun26_bds_int_covid/data/raw/Lung_Opacity/images/Lung_Opacity-3103.png,/Users/berfinaktas/Projects/covid_project_folders/jun26_bds_int_covid/data/raw/Lung_Opacity/masks/Lung_Opacity-3103.png,Lung_Opacity,Lung_Opacity,True,0.082575313987751,0.30487060546875,0.2708536425175801
/Users/berfinaktas/Projects/covid_project_folders/jun26_bds_int_covid/data/raw/COVID/images/COVID-1354.png,/Users/berfinaktas/Projects/covid_project_folders/jun26_bds_int_covid/data/raw/COVID/masks/COVID-1354.png,COVID,COVID,True,0.3219205076337845,0.36431884765625,0.8836229849341473
/Users/berfinaktas/Projects/covid_project_folders/jun26_bds_int_covid/data/raw/Normal/images/Normal-6147.png,/Users/berfinaktas/Projects/covid_project_folders/jun26_bds_int_covid/data/raw/Normal/masks/Normal-6147.png,Normal,Normal,True,0.22903715840373862,0.4168701171875,0.5494209082411206
/Users/berfinaktas/Projects/covid_project_folders/jun26_bds_int_covid/data/raw/Normal/images/Normal-8101.png,/Users/berfinaktas/Projects/covid_project_folders/jun26_bds_int_covid/data/raw/Normal/masks/Normal-8101.png,Normal,Normal,True,0.0718271749241963,0.32806396484375,0.21894259236428504
/Users/berfinaktas/Projects/covid_project_folders/jun26_bds_int_covid/data/raw/Normal/images/Normal-1258.png,/Users/berfinaktas/Projects/covid_project_folders/jun26_bds_int_covid/data/raw/Normal/masks/Normal-1258.png,Normal,Normal,True,0.2248137517027494,0.31170654296875,0.7212352668685815
/Users/berfinaktas/Projects/covid_project_folders/jun26_bds_int_covid/data/raw/Normal/images/Normal-6866.png,/Users/berfinaktas/Projects/covid_project_folders/jun26_bds_int_covid/data/raw/Normal/masks/Normal-6866.png,Normal,Normal,True,0.20049338762769792,0.32366943359375,0.619438744652499
/Users/berfinaktas/Projects/covid_project_folders/jun26_bds_int_covid/data/raw/Normal/images/Normal-4031.png,/Users/berfinaktas/Projects/covid_project_folders/jun26_bds_int_covid/data/raw/Normal/masks/Normal-4031.png,Normal,Lung_Opacity,False,0.042390314250297705,0.322021484375,0.13163815554906702
/Users/berfinaktas/Projects/covid_project_folders/jun26_bds_int_covid/data/raw/Lung_Opacity/images/Lung_Opacity-5264.png,/Users/berfinaktas/Projects/covid_project_folders/jun26_bds_int_covid/data/raw/Lung_Opacity/masks/Lung_Opacity-5264.png,Lung_Opacity,Lung_Opacity,True,0.0178894486682914,0.2711181640625,0.06598395474589966
/Users/berfinaktas/Projects/covid_project_folders/jun26_bds_int_covid/data/raw/Normal/images/Normal-6611.png,/Users/berfinaktas/Projects/covid_project_folders/jun26_bds_int_covid/data/raw/Normal/masks/Normal-6611.png,Normal,Normal,True,0.27626708568126873,0.392333984375,0.7041630261048393
/Users/berfinaktas/Projects/covid_project_folders/jun26_bds_int_covid/data/raw/Normal/images/Normal-9425.png,/Users/berfinaktas/Projects/covid_project_folders/jun26_bds_int_covid/data/raw/Normal/masks/Normal-9425.png,Normal,Normal,True,0.22523515029505362,0.367919921875,0.6121852525604111
/Users/berfinaktas/Projects/covid_project_folders/jun26_bds_int_covid/data/raw/Normal/images/Normal-3695.png,/Users/berfinaktas/Projects/covid_project_folders/jun26_bds_int_covid/data/raw/Normal/masks/Normal-3695.png,Normal,Normal,True,0.22669706431891098,0.414306640625,0.5471721717444075
/Users/berfinaktas/Projects/covid_project_folders/jun26_bds_int_covid/data/raw/Normal/images/Normal-1547.png,/Users/berfinaktas/Projects/covid_project_folders/jun26_bds_int_covid/data/raw/Normal/masks/Normal-1547.png,Normal,Normal,True,0.3205418310916558,0.43048095703125,0.7446132653630637
/Users/berfinaktas/Projects/covid_project_folders/jun26_bds_int_covid/data/raw/Normal/images/Normal-9555.png,/Users/berfinaktas/Projects/covid_project_folders/jun26_bds_int_covid/data/raw/Normal/masks/Normal-9555.png,Normal,Lung_Opacity,False,0.03997084618048783,0.341796875,0.11694327568234154
/Users/berfinaktas/Projects/covid_project_folders/jun26_bds_int_covid/data/raw/Lung_Opacity/images/Lung_Opacity-5130.png,/Users/berfinaktas/Projects/covid_project_folders/jun26_bds_int_covid/data/raw/Lung_Opacity/masks/Lung_Opacity-5130.png,Lung_Opacity,Lung_Opacity,True,0.05718464429106271,0.3848876953125,0.14857488297887272
/Users/berfinaktas/Projects/covid_project_folders/jun26_bds_int_covid/data/raw/Normal/images/Normal-3903.png,/Users/berfinaktas/Projects/covid_project_folders/jun26_bds_int_covid/data/raw/Normal/masks/Normal-3903.png,Normal,Normal,True,0.24995850986294804,0.3118896484375,0.8014325294705559
/Users/berfinaktas/Projects/covid_project_folders/jun26_bds_int_covid/data/raw/Lung_Opacity/images/Lung_Opacity-496.png,/Users/berfinaktas/Projects/covid_project_folders/jun26_bds_int_covid/data/raw/Lung_Opacity/masks/Lung_Opacity-496.png,Lung_Opacity,Lung_Opacity,True,0.03443315579235079,0.32989501953125,0.10437610074040246
/Users/berfinaktas/Projects/covid_project_folders/jun26_bds_int_covid/data/raw/Lung_Opacity/images/Lung_Opacity-1846.png,/Users/berfinaktas/Projects/covid_project_folders/jun26_bds_int_covid/data/raw/Lung_Opacity/masks/Lung_Opacity-1846.png,Lung_Opacity,COVID,False,0.3496519601188446,0.38031005859375,0.9193865695052399
/Users/berfinaktas/Projects/covid_project_folders/jun26_bds_int_covid/data/raw/Normal/images/Normal-3912.png,/Users/berfinaktas/Projects/covid_project_folders/jun26_bds_int_covid/data/raw/Normal/masks/Normal-3912.png,Normal,Lung_Opacity,False,0.03717656125554121,0.41046142578125,0.0905726066335743
/Users/berfinaktas/Projects/covid_project_folders/jun26_bds_int_covid/data/raw/Normal/images/Normal-6062.png,/Users/berfinaktas/Projects/covid_project_folders/jun26_bds_int_covid/data/raw/Normal/masks/Normal-6062.png,Normal,Normal,True,0.14630432202809043,0.37518310546875,0.3899544512946533
/Users/berfinaktas/Projects/covid_project_folders/jun26_bds_int_covid/data/raw/Lung_Opacity/images/Lung_Opacity-3871.png,/Users/berfinaktas/Projects/covid_project_folders/jun26_bds_int_covid/data/raw/Lung_Opacity/masks/Lung_Opacity-3871.png,Lung_Opacity,Normal,False,0.22654458761429763,0.4241943359375,0.5340584925859931
/Users/berfinaktas/Projects/covid_project_folders/jun26_bds_int_covid/data/raw/Normal/images/Normal-8470.png,/Users/berfinaktas/Projects/covid_project_folders/jun26_bds_int_covid/data/raw/Normal/masks/Normal-8470.png,Normal,Normal,True,0.25374795592586824,0.39019775390625,0.6503060394008173
/Users/berfinaktas/Projects/covid_project_folders/jun26_bds_int_covid/data/raw/COVID/images/COVID-3608.png,/Users/berfinaktas/Projects/covid_project_folders/jun26_bds_int_covid/data/raw/COVID/masks/COVID-3608.png,COVID,COVID,True,0.3632394254110032,0.385498046875,0.9422600927697714
/Users/berfinaktas/Projects/covid_project_folders/jun26_bds_int_covid/data/raw/Lung_Opacity/images/Lung_Opacity-2747.png,/Users/berfinaktas/Projects/covid_project_folders/jun26_bds_int_covid/data/raw/Lung_Opacity/masks/Lung_Opacity-2747.png,Lung_Opacity,Lung_Opacity,True,0.027297847029561013,0.26947021484375,0.1013019084331433
/Users/berfinaktas/Projects/covid_project_folders/jun26_bds_int_covid/data/raw/Lung_Opacity/images/Lung_Opacity-4163.png,/Users/berfinaktas/Projects/covid_project_folders/jun26_bds_int_covid/data/raw/Lung_Opacity/masks/Lung_Opacity-4163.png,Lung_Opacity,Lung_Opacity,True,0.015954230847345145,0.2894287109375,0.05512317971381334
/Users/berfinaktas/Projects/covid_project_folders/jun26_bds_int_covid/data/raw/Normal/images/Normal-9652.png,/Users/berfinaktas/Projects/covid_project_folders/jun26_bds_int_covid/data/raw/Normal/masks/Normal-9652.png,Normal,Normal,True,0.36071243504841954,0.3731689453125,0.9666196493021436
/Users/berfinaktas/Projects/covid_project_folders/jun26_bds_int_covid/data/raw/Lung_Opacity/images/Lung_Opacity-1925.png,/Users/berfinaktas/Projects/covid_project_folders/jun26_bds_int_covid/data/raw/Lung_Opacity/masks/Lung_Opacity-1925.png,Lung_Opacity,Lung_Opacity,True,0.04629086753872519,0.27581787109375,0.16783128430061375
/Users/berfinaktas/Projects/covid_project_folders/jun26_bds_int_covid/data/raw/Normal/images/Normal-5716.png,/Users/berfinaktas/Projects/covid_project_folders/jun26_bds_int_covid/data/raw/Normal/masks/Normal-5716.png,Normal,Normal,True,0.25263806017053814,0.376953125,0.6702108124731374
/Users/berfinaktas/Projects/covid_project_folders/jun26_bds_int_covid/data/raw/Normal/images/Normal-4837.png,/Users/berfinaktas/Projects/covid_project_folders/jun26_bds_int_covid/data/raw/Normal/masks/Normal-4837.png,Normal,Normal,True,0.20250028148870286,0.28973388671875,0.6989181824122409
/Users/berfinaktas/Projects/covid_project_folders/jun26_bds_int_covid/data/raw/Lung_Opacity/images/Lung_Opacity-1318.png,/Users/berfinaktas/Projects/covid_project_folders/jun26_bds_int_covid/data/raw/Lung_Opacity/masks/Lung_Opacity-1318.png,Lung_Opacity,Lung_Opacity,True,0.019217488561851383,0.26458740234375,0.07263191063376541
/Users/berfinaktas/Projects/covid_project_folders/jun26_bds_int_covid/data/raw/Normal/images/Normal-1895.png,/Users/berfinaktas/Projects/covid_project_folders/jun26_bds_int_covid/data/raw/Normal/masks/Normal-1895.png,Normal,Normal,True,0.2874235540546009,0.36773681640625,0.7816012464117147
/Users/berfinaktas/Projects/covid_project_folders/jun26_bds_int_covid/data/raw/Lung_Opacity/images/Lung_Opacity-2572.png,/Users/berfinaktas/Projects/covid_project_folders/jun26_bds_int_covid/data/raw/Lung_Opacity/masks/Lung_Opacity-2572.png,Lung_Opacity,Lung_Opacity,True,0.03262779202216692,0.316650390625,0.10304042877624957
/Users/berfinaktas/Projects/covid_project_folders/jun26_bds_int_covid/data/raw/Normal/images/Normal-4396.png,/Users/berfinaktas/Projects/covid_project_folders/jun26_bds_int_covid/data/raw/Normal/masks/Normal-4396.png,Normal,Normal,True,0.1881744501222982,0.27227783203125,0.6911119010992454
/Users/berfinaktas/Projects/covid_project_folders/jun26_bds_int_covid/data/raw/COVID/images/COVID-3292.png,/Users/berfinaktas/Projects/covid_project_folders/jun26_bds_int_covid/data/raw/COVID/masks/COVID-3292.png,COVID,COVID,True,0.3034708110271682,0.29840087890625,1.0169903391018866
/Users/berfinaktas/Projects/covid_project_folders/jun26_bds_int_covid/data/raw/Lung_Opacity/images/Lung_Opacity-3171.png,/Users/berfinaktas/Projects/covid_project_folders/jun26_bds_int_covid/data/raw/Lung_Opacity/masks/Lung_Opacity-3171.png,Lung_Opacity,Lung_Opacity,True,0.02885149390053405,0.2911376953125,0.09909913544367921
/Users/berfinaktas/Projects/covid_project_folders/jun26_bds_int_covid/data/raw/Normal/images/Normal-3650.png,/Users/berfinaktas/Projects/covid_project_folders/jun26_bds_int_covid/data/raw/Normal/masks/Normal-3650.png,Normal,Normal,True,0.40395830083693496,0.4091796875,0.9872393796110296
/Users/berfinaktas/Projects/covid_project_folders/jun26_bds_int_covid/data/raw/Lung_Opacity/images/Lung_Opacity-5668.png,/Users/berfinaktas/Projects/covid_project_folders/jun26_bds_int_covid/data/raw/Lung_Opacity/masks/Lung_Opacity-5668.png,Lung_Opacity,Lung_Opacity,True,0.042518946423729435,0.3853759765625,0.11033107668773885
/Users/berfinaktas/Projects/covid_project_folders/jun26_bds_int_covid/data/raw/Lung_Opacity/images/Lung_Opacity-3544.png,/Users/berfinaktas/Projects/covid_project_folders/jun26_bds_int_covid/data/raw/Lung_Opacity/masks/Lung_Opacity-3544.png,Lung_Opacity,Lung_Opacity,True,0.07326080495676657,0.34527587890625,0.21218048937805611
/Users/berfinaktas/Projects/covid_project_folders/jun26_bds_int_covid/data/raw/COVID/images/COVID-972.png,/Users/berfinaktas/Projects/covid_project_folders/jun26_bds_int_covid/data/raw/COVID/masks/COVID-972.png,COVID,COVID,True,0.3494325518857249,0.35888671875,0.9736569609006321
/Users/berfinaktas/Projects/covid_project_folders/jun26_bds_int_covid/data/raw/Lung_Opacity/images/Lung_Opacity-4697.png,/Users/berfinaktas/Projects/covid_project_folders/jun26_bds_int_covid/data/raw/Lung_Opacity/masks/Lung_Opacity-4697.png,Lung_Opacity,COVID,False,0.29097361626904555,0.39337158203125,0.7396915017768879
/Users/berfinaktas/Projects/covid_project_folders/jun26_bds_int_covid/data/raw/Lung_Opacity/images/Lung_Opacity-2395.png,/Users/berfinaktas/Projects/covid_project_folders/jun26_bds_int_covid/data/raw/Lung_Opacity/masks/Lung_Opacity-2395.png,Lung_Opacity,Lung_Opacity,True,0.012588703461784869,0.27490234375,0.04579336534588883
/Users/berfinaktas/Projects/covid_project_folders/jun26_bds_int_covid/data/raw/Normal/images/Normal-9997.png,/Users/berfinaktas/Projects/covid_project_folders/jun26_bds_int_covid/data/raw/Normal/masks/Normal-9997.png,Normal,Normal,True,0.3294930848512269,0.37322998046875,0.8828151598041704
/Users/berfinaktas/Projects/covid_project_folders/jun26_bds_int_covid/data/raw/Normal/images/Normal-495.png,/Users/berfinaktas/Projects/covid_project_folders/jun26_bds_int_covid/data/raw/Normal/masks/Normal-495.png,Normal,Normal,True,0.18754022246917132,0.3353271484375,0.5592753922342378
/Users/berfinaktas/Projects/covid_project_folders/jun26_bds_int_covid/data/raw/Lung_Opacity/images/Lung_Opacity-110.png,/Users/berfinaktas/Projects/covid_project_folders/jun26_bds_int_covid/data/raw/Lung_Opacity/masks/Lung_Opacity-110.png,Lung_Opacity,Normal,False,0.18888722060388718,0.37896728515625,0.4984261913954079
/Users/berfinaktas/Projects/covid_project_folders/jun26_bds_int_covid/data/raw/Lung_Opacity/images/Lung_Opacity-693.png,/Users/berfinaktas/Projects/covid_project_folders/jun26_bds_int_covid/data/raw/Lung_Opacity/masks/Lung_Opacity-693.png,Lung_Opacity,Lung_Opacity,True,0.041136462226884496,0.390625,0.10530934330082431
/Users/berfinaktas/Projects/covid_project_folders/jun26_bds_int_covid/data/raw/Normal/images/Normal-990.png,/Users/berfinaktas/Projects/covid_project_folders/jun26_bds_int_covid/data/raw/Normal/masks/Normal-990.png,Normal,Normal,True,0.1840072603279198,0.22613525390625,0.8137044408131276
/Users/berfinaktas/Projects/covid_project_folders/jun26_bds_int_covid/data/raw/Normal/images/Normal-6525.png,/Users/berfinaktas/Projects/covid_project_folders/jun26_bds_int_covid/data/raw/Normal/masks/Normal-6525.png,Normal,Normal,True,0.13063326970979372,0.27459716796875,0.4757269373027918
/Users/berfinaktas/Projects/covid_project_folders/jun26_bds_int_covid/data/raw/Normal/images/Normal-9168.png,/Users/berfinaktas/Projects/covid_project_folders/jun26_bds_int_covid/data/raw/Normal/masks/Normal-9168.png,Normal,Normal,True,0.1841178825484046,0.3597412109375,0.5118064790758502
/Users/berfinaktas/Projects/covid_project_folders/jun26_bds_int_covid/data/raw/Lung_Opacity/images/Lung_Opacity-3073.png,/Users/berfinaktas/Projects/covid_project_folders/jun26_bds_int_covid/data/raw/Lung_Opacity/masks/Lung_Opacity-3073.png,Lung_Opacity,Lung_Opacity,True,0.03608442351083823,0.322998046875,0.11171715699198291
/Users/berfinaktas/Projects/covid_project_folders/jun26_bds_int_covid/data/raw/Normal/images/Normal-326.png,/Users/berfinaktas/Projects/covid_project_folders/jun26_bds_int_covid/data/raw/Normal/masks/Normal-326.png,Normal,Viral Pneumonia,False,0.11587586782359376,0.301513671875,0.38431380939711746
/Users/berfinaktas/Projects/covid_project_folders/jun26_bds_int_covid/data/raw/Normal/images/Normal-5810.png,/Users/berfinaktas/Projects/covid_project_folders/jun26_bds_int_covid/data/raw/Normal/masks/Normal-5810.png,Normal,Normal,True,0.29525085042881005,0.4154052734375,0.710753736912375
/Users/berfinaktas/Projects/covid_project_folders/jun26_bds_int_covid/data/raw/COVID/images/COVID-212.png,/Users/berfinaktas/Projects/covid_project_folders/jun26_bds_int_covid/data/raw/COVID/masks/COVID-212.png,COVID,COVID,True,0.26614903374923954,0.41241455078125,0.6453434614396242
/Users/berfinaktas/Projects/covid_project_folders/jun26_bds_int_covid/data/raw/Lung_Opacity/images/Lung_Opacity-2793.png,/Users/berfinaktas/Projects/covid_project_folders/jun26_bds_int_covid/data/raw/Lung_Opacity/masks/Lung_Opacity-2793.png,Lung_Opacity,Normal,False,0.22258016077267267,0.3004150390625,0.7409088488621433
/Users/berfinaktas/Projects/covid_project_folders/jun26_bds_int_covid/data/raw/Normal/images/Normal-2506.png,/Users/berfinaktas/Projects/covid_project_folders/jun26_bds_int_covid/data/raw/Normal/masks/Normal-2506.png,Normal,Lung_Opacity,False,0.07144343318433184,0.34808349609375,0.2052479763794657
/Users/berfinaktas/Projects/covid_project_folders/jun26_bds_int_covid/data/raw/Lung_Opacity/images/Lung_Opacity-3505.png,/Users/berfinaktas/Projects/covid_project_folders/jun26_bds_int_covid/data/raw/Lung_Opacity/masks/Lung_Opacity-3505.png,Lung_Opacity,Lung_Opacity,True,0.05241513888040997,0.33416748046875,0.1568529014459611
/Users/berfinaktas/Projects/covid_project_folders/jun26_bds_int_covid/data/raw/Lung_Opacity/images/Lung_Opacity-2435.png,/Users/berfinaktas/Projects/covid_project_folders/jun26_bds_int_covid/data/raw/Lung_Opacity/masks/Lung_Opacity-2435.png,Lung_Opacity,Lung_Opacity,True,0.030798575164351638,0.3775634765625,0.08157191327073024
/Users/berfinaktas/Projects/covid_project_folders/jun26_bds_int_covid/data/raw/Normal/images/Normal-8408.png,/Users/berfinaktas/Projects/covid_project_folders/jun26_bds_int_covid/data/raw/Normal/masks/Normal-8408.png,Normal,Normal,True,0.22276777156727334,0.34027099609375,0.6546775191673913
/Users/berfinaktas/Projects/covid_project_folders/jun26_bds_int_covid/data/raw/Lung_Opacity/images/Lung_Opacity-1906.png,/Users/berfinaktas/Projects/covid_project_folders/jun26_bds_int_covid/data/raw/Lung_Opacity/masks/Lung_Opacity-1906.png,Lung_Opacity,Lung_Opacity,True,0.034638869778570495,0.25567626953125,0.1354794085586295
/Users/berfinaktas/Projects/covid_project_folders/jun26_bds_int_covid/data/raw/Viral Pneumonia/images/Viral Pneumonia-512.png,/Users/berfinaktas/Projects/covid_project_folders/jun26_bds_int_covid/data/raw/Viral Pneumonia/masks/Viral Pneumonia-512.png,Viral Pneumonia,Viral Pneumonia,True,0.12982597604114984,0.26873779296875,0.4830953421435837
/Users/berfinaktas/Projects/covid_project_folders/jun26_bds_int_covid/data/raw/Normal/images/Normal-2645.png,/Users/berfinaktas/Projects/covid_project_folders/jun26_bds_int_covid/data/raw/Normal/masks/Normal-2645.png,Normal,Normal,True,0.14213379744071702,0.2601318359375,0.5463913977636574
/Users/berfinaktas/Projects/covid_project_folders/jun26_bds_int_covid/data/raw/Normal/images/Normal-5896.png,/Users/berfinaktas/Projects/covid_project_folders/jun26_bds_int_covid/data/raw/Normal/masks/Normal-5896.png,Normal,COVID,False,0.328286033920906,0.419189453125,0.7831447844729359
/Users/berfinaktas/Projects/covid_project_folders/jun26_bds_int_covid/data/raw/Normal/images/Normal-9990.png,/Users/berfinaktas/Projects/covid_project_folders/jun26_bds_int_covid/data/raw/Normal/masks/Normal-9990.png,Normal,Normal,True,0.2823994586275846,0.37615966796875,0.7507435875635804
/Users/berfinaktas/Projects/covid_project_folders/jun26_bds_int_covid/data/raw/Normal/images/Normal-5144.png,/Users/berfinaktas/Projects/covid_project_folders/jun26_bds_int_covid/data/raw/Normal/masks/Normal-5144.png,Normal,Normal,True,0.18854608637252493,0.32684326171875,0.576870042787572
/Users/berfinaktas/Projects/covid_project_folders/jun26_bds_int_covid/data/raw/COVID/images/COVID-2890.png,/Users/berfinaktas/Projects/covid_project_folders/jun26_bds_int_covid/data/raw/COVID/masks/COVID-2890.png,COVID,COVID,True,0.32782826755697564,0.328857421875,0.9968705151546936
/Users/berfinaktas/Projects/covid_project_folders/jun26_bds_int_covid/data/raw/Lung_Opacity/images/Lung_Opacity-5391.png,/Users/berfinaktas/Projects/covid_project_folders/jun26_bds_int_covid/data/raw/Lung_Opacity/masks/Lung_Opacity-5391.png,Lung_Opacity,Lung_Opacity,True,0.04308061559500402,0.34368896484375,0.12534768352131875
/Users/berfinaktas/Projects/covid_project_folders/jun26_bds_int_covid/data/raw/Normal/images/Normal-5542.png,/Users/berfinaktas/Projects/covid_project_folders/jun26_bds_int_covid/data/raw/Normal/masks/Normal-5542.png,Normal,Normal,True,0.1562523694012452,0.3504638671875,0.44584444797457357
/Users/berfinaktas/Projects/covid_project_folders/jun26_bds_int_covid/data/raw/COVID/images/COVID-750.png,/Users/berfinaktas/Projects/covid_project_folders/jun26_bds_int_covid/data/raw/COVID/masks/COVID-750.png,COVID,COVID,True,0.39364418893209463,0.37396240234375,1.0526303886834403
/Users/berfinaktas/Projects/covid_project_folders/jun26_bds_int_covid/data/raw/Normal/images/Normal-4689.png,/Users/berfinaktas/Projects/covid_project_folders/jun26_bds_int_covid/data/raw/Normal/masks/Normal-4689.png,Normal,Normal,True,0.22864934961111066,0.4195556640625,0.5449797707344249
/Users/berfinaktas/Projects/covid_project_folders/jun26_bds_int_covid/data/raw/Lung_Opacity/images/Lung_Opacity-868.png,/Users/berfinaktas/Projects/covid_project_folders/jun26_bds_int_covid/data/raw/Lung_Opacity/masks/Lung_Opacity-868.png,Lung_Opacity,Lung_Opacity,True,0.0478939547971895,0.30133056640625,0.15894157492346622
/Users/berfinaktas/Projects/covid_project_folders/jun26_bds_int_covid/data/raw/Lung_Opacity/images/Lung_Opacity-2370.png,/Users/berfinaktas/Projects/covid_project_folders/jun26_bds_int_covid/data/raw/Lung_Opacity/masks/Lung_Opacity-2370.png,Lung_Opacity,COVID,False,0.4035729309676779,0.38763427734375,1.0411177611359526
/Users/berfinaktas/Projects/covid_project_folders/jun26_bds_int_covid/data/raw/COVID/images/COVID-346.png,/Users/berfinaktas/Projects/covid_project_folders/jun26_bds_int_covid/data/raw/COVID/masks/COVID-346.png,COVID,COVID,True,0.3397975695005257,0.33978271484375,1.0000437181060917
/Users/berfinaktas/Projects/covid_project_folders/jun26_bds_int_covid/data/raw/Normal/images/Normal-544.png,/Users/berfinaktas/Projects/covid_project_folders/jun26_bds_int_covid/data/raw/Normal/masks/Normal-544.png,Normal,Normal,True,0.21977366692138098,0.30230712890625,0.7269880393377561
/Users/berfinaktas/Projects/covid_project_folders/jun26_bds_int_covid/data/raw/COVID/images/COVID-1425.png,/Users/berfinaktas/Projects/covid_project_folders/jun26_bds_int_covid/data/raw/COVID/masks/COVID-1425.png,COVID,COVID,True,0.3393265854904129,0.3865966796875,0.8777276249881473
/Users/berfinaktas/Projects/covid_project_folders/jun26_bds_int_covid/data/raw/COVID/images/COVID-3448.png,/Users/berfinaktas/Projects/covid_project_folders/jun26_bds_int_covid/data/raw/COVID/masks/COVID-3448.png,COVID,Normal,False,0.098659039041592,0.41082763671875,0.24014703545646163
/Users/berfinaktas/Projects/covid_project_folders/jun26_bds_int_covid/data/raw/Lung_Opacity/images/Lung_Opacity-723.png,/Users/berfinaktas/Projects/covid_project_folders/jun26_bds_int_covid/data/raw/Lung_Opacity/masks/Lung_Opacity-723.png,Lung_Opacity,Lung_Opacity,True,0.211003885569032,0.39227294921875,0.5379006785690089
/Users/berfinaktas/Projects/covid_project_folders/jun26_bds_int_covid/data/raw/Lung_Opacity/images/Lung_Opacity-5958.png,/Users/berfinaktas/Projects/covid_project_folders/jun26_bds_int_covid/data/raw/Lung_Opacity/masks/Lung_Opacity-5958.png,Lung_Opacity,Lung_Opacity,True,0.3010081919827633,0.3780517578125,0.796208946956021
/Users/berfinaktas/Projects/covid_project_folders/jun26_bds_int_covid/data/raw/Lung_Opacity/images/Lung_Opacity-2983.png,/Users/berfinaktas/Projects/covid_project_folders/jun26_bds_int_covid/data/raw/Lung_Opacity/masks/Lung_Opacity-2983.png,Lung_Opacity,Lung_Opacity,True,0.02966898530119485,0.38665771484375,0.07673191084053298
/Users/berfinaktas/Projects/covid_project_folders/jun26_bds_int_covid/data/raw/Lung_Opacity/images/Lung_Opacity-2710.png,/Users/berfinaktas/Projects/covid_project_folders/jun26_bds_int_covid/data/raw/Lung_Opacity/masks/Lung_Opacity-2710.png,Lung_Opacity,Lung_Opacity,True,0.041754693547891845,0.388427734375,0.10749668433197046
/Users/berfinaktas/Projects/covid_project_folders/jun26_bds_int_covid/data/raw/COVID/images/COVID-3575.png,/Users/berfinaktas/Projects/covid_project_folders/jun26_bds_int_covid/data/raw/COVID/masks/COVID-3575.png,COVID,COVID,True,0.4536747977081673,0.30670166015625,1.4792055493832066
/Users/berfinaktas/Projects/covid_project_folders/jun26_bds_int_covid/data/raw/Normal/images/Normal-5692.png,/Users/berfinaktas/Projects/covid_project_folders/jun26_bds_int_covid/data/raw/Normal/masks/Normal-5692.png,Normal,Normal,True,0.1019718789396531,0.4093017578125,0.24913618618360817
/Users/berfinaktas/Projects/covid_project_folders/jun26_bds_int_covid/data/raw/Normal/images/Normal-10105.png,/Users/berfinaktas/Projects/covid_project_folders/jun26_bds_int_covid/data/raw/Normal/masks/Normal-10105.png,Normal,Normal,True,0.31019462213251175,0.37115478515625,0.8357554167109148
/Users/berfinaktas/Projects/covid_project_folders/jun26_bds_int_covid/data/raw/Viral Pneumonia/images/Viral Pneumonia-914.png,/Users/berfinaktas/Projects/covid_project_folders/jun26_bds_int_covid/data/raw/Viral Pneumonia/masks/Viral Pneumonia-914.png,Viral Pneumonia,Viral Pneumonia,True,0.19686057858842898,0.280517578125,0.7017762662299435
/Users/berfinaktas/Projects/covid_project_folders/jun26_bds_int_covid/data/raw/Normal/images/Normal-7837.png,/Users/berfinaktas/Projects/covid_project_folders/jun26_bds_int_covid/data/raw/Normal/masks/Normal-7837.png,Normal,Normal,True,0.1930717487644187,0.3115234375,0.6197663659397015
/Users/berfinaktas/Projects/covid_project_folders/jun26_bds_int_covid/data/raw/Normal/images/Normal-2324.png,/Users/berfinaktas/Projects/covid_project_folders/jun26_bds_int_covid/data/raw/Normal/masks/Normal-2324.png,Normal,Normal,True,0.3040237065624921,0.40625,0.7483660469230575
/Users/berfinaktas/Projects/covid_project_folders/jun26_bds_int_covid/data/raw/Lung_Opacity/images/Lung_Opacity-449.png,/Users/berfinaktas/Projects/covid_project_folders/jun26_bds_int_covid/data/raw/Lung_Opacity/masks/Lung_Opacity-449.png,Lung_Opacity,Lung_Opacity,True,0.009416134196424867,0.15850830078125,0.05940467565430305
/Users/berfinaktas/Projects/covid_project_folders/jun26_bds_int_covid/data/raw/Normal/images/Normal-6314.png,/Users/berfinaktas/Projects/covid_project_folders/jun26_bds_int_covid/data/raw/Normal/masks/Normal-6314.png,Normal,Normal,True,0.18126835361289886,0.29803466796875,0.6082123091529255
/Users/berfinaktas/Projects/covid_project_folders/jun26_bds_int_covid/data/raw/Normal/images/Normal-8336.png,/Users/berfinaktas/Projects/covid_project_folders/jun26_bds_int_covid/data/raw/Normal/masks/Normal-8336.png,Normal,Normal,True,0.25832834089566376,0.38336181640625,0.6738499502045144
/Users/berfinaktas/Projects/covid_project_folders/jun26_bds_int_covid/data/raw/COVID/images/COVID-2624.png,/Users/berfinaktas/Projects/covid_project_folders/jun26_bds_int_covid/data/raw/COVID/masks/COVID-2624.png,COVID,COVID,True,0.3920722981370228,0.38189697265625,1.0266441637649004
/Users/berfinaktas/Projects/covid_project_folders/jun26_bds_int_covid/data/raw/Normal/images/Normal-9226.png,/Users/berfinaktas/Projects/covid_project_folders/jun26_bds_int_covid/data/raw/Normal/masks/Normal-9226.png,Normal,Normal,True,0.22787907995510284,0.3399658203125,0.6702999723490852
/Users/berfinaktas/Projects/covid_project_folders/jun26_bds_int_covid/data/raw/Lung_Opacity/images/Lung_Opacity-4888.png,/Users/berfinaktas/Projects/covid_project_folders/jun26_bds_int_covid/data/raw/Lung_Opacity/masks/Lung_Opacity-4888.png,Lung_Opacity,Normal,False,0.21782346942319086,0.41229248046875,0.5283226829059303
/Users/berfinaktas/Projects/covid_project_folders/jun26_bds_int_covid/data/raw/Lung_Opacity/images/Lung_Opacity-433.png,/Users/berfinaktas/Projects/covid_project_folders/jun26_bds_int_covid/data/raw/Lung_Opacity/masks/Lung_Opacity-433.png,Lung_Opacity,Lung_Opacity,True,0.03574499784722345,0.30181884765625,0.11843196051140728
/Users/berfinaktas/Projects/covid_project_folders/jun26_bds_int_covid/data/raw/Normal/images/Normal-3780.png,/Users/berfinaktas/Projects/covid_project_folders/jun26_bds_int_covid/data/raw/Normal/masks/Normal-3780.png,Normal,Lung_Opacity,False,0.048032972825719396,0.29095458984375,0.16508752397243268
/Users/berfinaktas/Projects/covid_project_folders/jun26_bds_int_covid/data/raw/Lung_Opacity/images/Lung_Opacity-4242.png,/Users/berfinaktas/Projects/covid_project_folders/jun26_bds_int_covid/data/raw/Lung_Opacity/masks/Lung_Opacity-4242.png,Lung_Opacity,Lung_Opacity,True,0.13043700612285927,0.380859375,0.34248075453796895
/Users/berfinaktas/Projects/covid_project_folders/jun26_bds_int_covid/data/raw/COVID/images/COVID-2141.png,/Users/berfinaktas/Projects/covid_project_folders/jun26_bds_int_covid/data/raw/COVID/masks/COVID-2141.png,COVID,COVID,True,0.21813786928740653,0.3531494140625,0.6176928535093101
/Users/berfinaktas/Projects/covid_project_folders/jun26_bds_int_covid/data/raw/Lung_Opacity/images/Lung_Opacity-2129.png,/Users/berfinaktas/Projects/covid_project_folders/jun26_bds_int_covid/data/raw/Lung_Opacity/masks/Lung_Opacity-2129.png,Lung_Opacity,COVID,False,0.22654998897546466,0.26702880859375,0.8484102901426316
/Users/berfinaktas/Projects/covid_project_folders/jun26_bds_int_covid/data/raw/Lung_Opacity/images/Lung_Opacity-4874.png,/Users/berfinaktas/Projects/covid_project_folders/jun26_bds_int_covid/data/raw/Lung_Opacity/masks/Lung_Opacity-4874.png,Lung_Opacity,Normal,False,0.14813888339971437,0.30828857421875,0.48052018721459516
/Users/berfinaktas/Projects/covid_project_folders/jun26_bds_int_covid/data/raw/Normal/images/Normal-8119.png,/Users/berfinaktas/Projects/covid_project_folders/jun26_bds_int_covid/data/raw/Normal/masks/Normal-8119.png,Normal,Normal,True,0.21050369717036096,0.36322021484375,0.5795484077363794
/Users/berfinaktas/Projects/covid_project_folders/jun26_bds_int_covid/data/raw/Normal/images/Normal-9440.png,/Users/berfinaktas/Projects/covid_project_folders/jun26_bds_int_covid/data/raw/Normal/masks/Normal-9440.png,Normal,Normal,True,0.23906832619182092,0.39666748046875,0.602692022823018
/Users/berfinaktas/Projects/covid_project_folders/jun26_bds_int_covid/data/raw/Lung_Opacity/images/Lung_Opacity-3895.png,/Users/berfinaktas/Projects/covid_project_folders/jun26_bds_int_covid/data/raw/Lung_Opacity/masks/Lung_Opacity-3895.png,Lung_Opacity,Normal,False,0.25834763421824986,0.3895263671875,0.663235292859888
/Users/berfinaktas/Projects/covid_project_folders/jun26_bds_int_covid/data/raw/Lung_Opacity/images/Lung_Opacity-3252.png,/Users/berfinaktas/Projects/covid_project_folders/jun26_bds_int_covid/data/raw/Lung_Opacity/masks/Lung_Opacity-3252.png,Lung_Opacity,Lung_Opacity,True,0.20882462594530687,0.33648681640625,0.6206026975309101
/Users/berfinaktas/Projects/covid_project_folders/jun26_bds_int_covid/data/raw/Normal/images/Normal-871.png,/Users/berfinaktas/Projects/covid_project_folders/jun26_bds_int_covid/data/raw/Normal/masks/Normal-871.png,Normal,Normal,True,0.28740493259346733,0.39190673828125,0.7333503216962107
/Users/berfinaktas/Projects/covid_project_folders/jun26_bds_int_covid/data/raw/Normal/images/Normal-278.png,/Users/berfinaktas/Projects/covid_project_folders/jun26_bds_int_covid/data/raw/Normal/masks/Normal-278.png,Normal,Normal,True,0.24367986395283317,0.2791748046875,0.872857649978841
/Users/berfinaktas/Projects/covid_project_folders/jun26_bds_int_covid/data/raw/COVID/images/COVID-2481.png,/Users/berfinaktas/Projects/covid_project_folders/jun26_bds_int_covid/data/raw/COVID/masks/COVID-2481.png,COVID,COVID,True,0.19559118641866743,0.3070068359375,0.6370906557223553
/Users/berfinaktas/Projects/covid_project_folders/jun26_bds_int_covid/data/raw/COVID/images/COVID-1351.png,/Users/berfinaktas/Projects/covid_project_folders/jun26_bds_int_covid/data/raw/COVID/masks/COVID-1351.png,COVID,Normal,False,0.2867866647532446,0.4178466796875,0.6863442470518784
/Users/berfinaktas/Projects/covid_project_folders/jun26_bds_int_covid/data/raw/Lung_Opacity/images/Lung_Opacity-1192.png,/Users/berfinaktas/Projects/covid_project_folders/jun26_bds_int_covid/data/raw/Lung_Opacity/masks/Lung_Opacity-1192.png,Lung_Opacity,Normal,False,0.09911794172184935,0.2913818359375,0.34016513556153744
/Users/berfinaktas/Projects/covid_project_folders/jun26_bds_int_covid/data/raw/Lung_Opacity/images/Lung_Opacity-1172.png,/Users/berfinaktas/Projects/covid_project_folders/jun26_bds_int_covid/data/raw/Lung_Opacity/masks/Lung_Opacity-1172.png,Lung_Opacity,Lung_Opacity,True,0.018084242238619663,0.34844970703125,0.05189914605667272
/Users/berfinaktas/Projects/covid_project_folders/jun26_bds_int_covid/data/raw/Normal/images/Normal-3080.png,/Users/berfinaktas/Projects/covid_project_folders/jun26_bds_int_covid/data/raw/Normal/masks/Normal-3080.png,Normal,Normal,True,0.23378990536044697,0.36724853515625,0.6365986055219484
/Users/berfinaktas/Projects/covid_project_folders/jun26_bds_int_covid/data/raw/Normal/images/Normal-5181.png,/Users/berfinaktas/Projects/covid_project_folders/jun26_bds_int_covid/data/raw/Normal/masks/Normal-5181.png,Normal,Normal,True,0.2100589830089338,0.3717041015625,0.5651241999373352
/Users/berfinaktas/Projects/covid_project_folders/jun26_bds_int_covid/data/raw/COVID/images/COVID-3457.png,/Users/berfinaktas/Projects/covid_project_folders/jun26_bds_int_covid/data/raw/COVID/masks/COVID-3457.png,COVID,Normal,False,0.22401581741572998,0.3831787109375,0.584624904832641
/Users/berfinaktas/Projects/covid_project_folders/jun26_bds_int_covid/data/raw/Normal/images/Normal-9691.png,/Users/berfinaktas/Projects/covid_project_folders/jun26_bds_int_covid/data/raw/Normal/masks/Normal-9691.png,Normal,Normal,True,0.30746954834957635,0.41943359375,0.7330589464725639
/Users/berfinaktas/Projects/covid_project_folders/jun26_bds_int_covid/data/raw/Normal/images/Normal-8597.png,/Users/berfinaktas/Projects/covid_project_folders/jun26_bds_int_covid/data/raw/Normal/masks/Normal-8597.png,Normal,COVID,False,0.2264671024484095,0.313720703125,0.7218749039911948
/Users/berfinaktas/Projects/covid_project_folders/jun26_bds_int_covid/data/raw/Normal/images/Normal-3371.png,/Users/berfinaktas/Projects/covid_project_folders/jun26_bds_int_covid/data/raw/Normal/masks/Normal-3371.png,Normal,Normal,True,0.2475412104373007,0.309814453125,0.7989982647369454
/Users/berfinaktas/Projects/covid_project_folders/jun26_bds_int_covid/data/raw/COVID/images/COVID-2236.png,/Users/berfinaktas/Projects/covid_project_folders/jun26_bds_int_covid/data/raw/COVID/masks/COVID-2236.png,COVID,Normal,False,0.10929019199624979,0.32666015625,0.3345684801320173
/Users/berfinaktas/Projects/covid_project_folders/jun26_bds_int_covid/data/raw/Lung_Opacity/images/Lung_Opacity-3201.png,/Users/berfinaktas/Projects/covid_project_folders/jun26_bds_int_covid/data/raw/Lung_Opacity/masks/Lung_Opacity-3201.png,Lung_Opacity,Lung_Opacity,True,0.040832479739469664,0.375,0.10888661263858578
/Users/berfinaktas/Projects/covid_project_folders/jun26_bds_int_covid/data/raw/Normal/images/Normal-6567.png,/Users/berfinaktas/Projects/covid_project_folders/jun26_bds_int_covid/data/raw/Normal/masks/Normal-6567.png,Normal,Normal,True,0.2526648695118895,0.40185546875,0.6287456291134261
/Users/berfinaktas/Projects/covid_project_folders/jun26_bds_int_covid/data/raw/Lung_Opacity/images/Lung_Opacity-4440.png,/Users/berfinaktas/Projects/covid_project_folders/jun26_bds_int_covid/data/raw/Lung_Opacity/masks/Lung_Opacity-4440.png,Lung_Opacity,Lung_Opacity,True,0.023057094343803465,0.38079833984375,0.06054935626364417
/Users/berfinaktas/Projects/covid_project_folders/jun26_bds_int_covid/data/raw/Normal/images/Normal-7018.png,/Users/berfinaktas/Projects/covid_project_folders/jun26_bds_int_covid/data/raw/Normal/masks/Normal-7018.png,Normal,Lung_Opacity,False,0.038671545249972177,0.24591064453125,0.15725852503736515
/Users/berfinaktas/Projects/covid_project_folders/jun26_bds_int_covid/data/raw/Normal/images/Normal-5139.png,/Users/berfinaktas/Projects/covid_project_folders/jun26_bds_int_covid/data/raw/Normal/masks/Normal-5139.png,Normal,Normal,True,0.20083861365177913,0.36865234375,0.5447913652435016
/Users/berfinaktas/Projects/covid_project_folders/jun26_bds_int_covid/data/raw/Normal/images/Normal-5450.png,/Users/berfinaktas/Projects/covid_project_folders/jun26_bds_int_covid/data/raw/Normal/masks/Normal-5450.png,Normal,Normal,True,0.10313895046383721,0.2740478515625,0.37635380053441175
/Users/berfinaktas/Projects/covid_project_folders/jun26_bds_int_covid/data/raw/Normal/images/Normal-736.png,/Users/berfinaktas/Projects/covid_project_folders/jun26_bds_int_covid/data/raw/Normal/masks/Normal-736.png,Normal,Normal,True,0.2876173304194545,0.38385009765625,0.7492959678156054
/Users/berfinaktas/Projects/covid_project_folders/jun26_bds_int_covid/data/raw/Normal/images/Normal-361.png,/Users/berfinaktas/Projects/covid_project_folders/jun26_bds_int_covid/data/raw/Normal/masks/Normal-361.png,Normal,Normal,True,0.2564407137702894,0.291015625,0.881192251344887
/Users/berfinaktas/Projects/covid_project_folders/jun26_bds_int_covid/data/raw/Normal/images/Normal-5404.png,/Users/berfinaktas/Projects/covid_project_folders/jun26_bds_int_covid/data/raw/Normal/masks/Normal-5404.png,Normal,Normal,True,0.20926789091087086,0.34967041015625,0.5984718318526284
/Users/berfinaktas/Projects/covid_project_folders/jun26_bds_int_covid/data/raw/Lung_Opacity/images/Lung_Opacity-4654.png,/Users/berfinaktas/Projects/covid_project_folders/jun26_bds_int_covid/data/raw/Lung_Opacity/masks/Lung_Opacity-4654.png,Lung_Opacity,Lung_Opacity,True,0.06096176614331251,0.33929443359375,0.17967216702501027
/Users/berfinaktas/Projects/covid_project_folders/jun26_bds_int_covid/data/raw/Normal/images/Normal-3214.png,/Users/berfinaktas/Projects/covid_project_folders/jun26_bds_int_covid/data/raw/Normal/masks/Normal-3214.png,Normal,Normal,True,0.215995003672564,0.34332275390625,0.6291310471415624
/Users/berfinaktas/Projects/covid_project_folders/jun26_bds_int_covid/data/raw/Lung_Opacity/images/Lung_Opacity-3301.png,/Users/berfinaktas/Projects/covid_project_folders/jun26_bds_int_covid/data/raw/Lung_Opacity/masks/Lung_Opacity-3301.png,Lung_Opacity,COVID,False,0.3984670298965191,0.46551513671875,0.8559700823160573
/Users/berfinaktas/Projects/covid_project_folders/jun26_bds_int_covid/data/raw/Normal/images/Normal-4090.png,/Users/berfinaktas/Projects/covid_project_folders/jun26_bds_int_covid/data/raw/Normal/masks/Normal-4090.png,Normal,Normal,True,0.25724918257802126,0.2943115234375,0.8740710508830983
/Users/berfinaktas/Projects/covid_project_folders/jun26_bds_int_covid/data/raw/Normal/images/Normal-9834.png,/Users/berfinaktas/Projects/covid_project_folders/jun26_bds_int_covid/data/raw/Normal/masks/Normal-9834.png,Normal,Normal,True,0.3037233038507173,0.3515625,0.8639240642864847
/Users/berfinaktas/Projects/covid_project_folders/jun26_bds_int_covid/data/raw/Normal/images/Normal-1088.png,/Users/berfinaktas/Projects/covid_project_folders/jun26_bds_int_covid/data/raw/Normal/masks/Normal-1088.png,Normal,Normal,True,0.23692481171079408,0.2237548828125,1.0588587329704446
/Users/berfinaktas/Projects/covid_project_folders/jun26_bds_int_covid/data/raw/Lung_Opacity/images/Lung_Opacity-735.png,/Users/berfinaktas/Projects/covid_project_folders/jun26_bds_int_covid/data/raw/Lung_Opacity/masks/Lung_Opacity-735.png,Lung_Opacity,Lung_Opacity,True,0.01192893400153492,0.323974609375,0.03682058302207011
/Users/berfinaktas/Projects/covid_project_folders/jun26_bds_int_covid/data/raw/COVID/images/COVID-2331.png,/Users/berfinaktas/Projects/covid_project_folders/jun26_bds_int_covid/data/raw/COVID/masks/COVID-2331.png,COVID,COVID,True,0.3386246943531244,0.34075927734375,0.9937358037402096
/Users/berfinaktas/Projects/covid_project_folders/jun26_bds_int_covid/data/raw/Normal/images/Normal-70.png,/Users/berfinaktas/Projects/covid_project_folders/jun26_bds_int_covid/data/raw/Normal/masks/Normal-70.png,Normal,Normal,True,0.21899775310258704,0.2818603515625,0.7769725393747913
/Users/berfinaktas/Projects/covid_project_folders/jun26_bds_int_covid/data/raw/Normal/images/Normal-1157.png,/Users/berfinaktas/Projects/covid_project_folders/jun26_bds_int_covid/data/raw/Normal/masks/Normal-1157.png,Normal,Normal,True,0.20563446636502455,0.30328369140625,0.6780267854547318
/Users/berfinaktas/Projects/covid_project_folders/jun26_bds_int_covid/data/raw/Lung_Opacity/images/Lung_Opacity-3333.png,/Users/berfinaktas/Projects/covid_project_folders/jun26_bds_int_covid/data/raw/Lung_Opacity/masks/Lung_Opacity-3333.png,Lung_Opacity,Normal,False,0.3452717423398799,0.3280029296875,1.0526483488084466
/Users/berfinaktas/Projects/covid_project_folders/jun26_bds_int_covid/data/raw/Normal/images/Normal-1130.png,/Users/berfinaktas/Projects/covid_project_folders/jun26_bds_int_covid/data/raw/Normal/masks/Normal-1130.png,Normal,Normal,True,0.20028105658714743,0.2379150390625,0.8418175554447982
/Users/berfinaktas/Projects/covid_project_folders/jun26_bds_int_covid/data/raw/COVID/images/COVID-1098.png,/Users/berfinaktas/Projects/covid_project_folders/jun26_bds_int_covid/data/raw/COVID/masks/COVID-1098.png,COVID,Lung_Opacity,False,0.004353773455459187,0.35516357421875,0.012258502198701378
/Users/berfinaktas/Projects/covid_project_folders/jun26_bds_int_covid/data/raw/Normal/images/Normal-9531.png,/Users/berfinaktas/Projects/covid_project_folders/jun26_bds_int_covid/data/raw/Normal/masks/Normal-9531.png,Normal,COVID,False,0.3283398983548687,0.37017822265625,0.8869778886473485
/Users/berfinaktas/Projects/covid_project_folders/jun26_bds_int_covid/data/raw/Lung_Opacity/images/Lung_Opacity-626.png,/Users/berfinaktas/Projects/covid_project_folders/jun26_bds_int_covid/data/raw/Lung_Opacity/masks/Lung_Opacity-626.png,Lung_Opacity,Lung_Opacity,True,0.11227266504143904,0.3411865234375,0.3290653567153734
/Users/berfinaktas/Projects/covid_project_folders/jun26_bds_int_covid/data/raw/Viral Pneumonia/images/Viral Pneumonia-1226.png,/Users/berfinaktas/Projects/covid_project_folders/jun26_bds_int_covid/data/raw/Viral Pneumonia/masks/Viral Pneumonia-1226.png,Viral Pneumonia,Viral Pneumonia,True,0.12236551318224954,0.2340087890625,0.5229099029676517
/Users/berfinaktas/Projects/covid_project_folders/jun26_bds_int_covid/data/raw/Normal/images/Normal-9257.png,/Users/berfinaktas/Projects/covid_project_folders/jun26_bds_int_covid/data/raw/Normal/masks/Normal-9257.png,Normal,Normal,True,0.2011193298473449,0.32000732421875,0.6284835209267402
/Users/berfinaktas/Projects/covid_project_folders/jun26_bds_int_covid/data/raw/COVID/images/COVID-68.png,/Users/berfinaktas/Projects/covid_project_folders/jun26_bds_int_covid/data/raw/COVID/masks/COVID-68.png,COVID,COVID,True,0.3135135762240754,0.40704345703125,0.7702213874426828
/Users/berfinaktas/Projects/covid_project_folders/jun26_bds_int_covid/data/raw/Normal/images/Normal-6263.png,/Users/berfinaktas/Projects/covid_project_folders/jun26_bds_int_covid/data/raw/Normal/masks/Normal-6263.png,Normal,Normal,True,0.21328467839368484,0.37347412109375,0.5710828845893337
/Users/berfinaktas/Projects/covid_project_folders/jun26_bds_int_covid/data/raw/Normal/images/Normal-8312.png,/Users/berfinaktas/Projects/covid_project_folders/jun26_bds_int_covid/data/raw/Normal/masks/Normal-8312.png,Normal,Normal,True,0.2308359825576365,0.4049072265625,0.5700959810407471
/Users/berfinaktas/Projects/covid_project_folders/jun26_bds_int_covid/data/raw/Normal/images/Normal-8023.png,/Users/berfinaktas/Projects/covid_project_folders/jun26_bds_int_covid/data/raw/Normal/masks/Normal-8023.png,Normal,Normal,True,0.284905485523943,0.34716796875,0.8206560258129891
/Users/berfinaktas/Projects/covid_project_folders/jun26_bds_int_covid/data/raw/Viral Pneumonia/images/Viral Pneumonia-287.png,/Users/berfinaktas/Projects/covid_project_folders/jun26_bds_int_covid/data/raw/Viral Pneumonia/masks/Viral Pneumonia-287.png,Viral Pneumonia,Viral Pneumonia,True,0.1335497854729874,0.32598876953125,0.4096760316774809
/Users/berfinaktas/Projects/covid_project_folders/jun26_bds_int_covid/data/raw/COVID/images/COVID-2680.png,/Users/berfinaktas/Projects/covid_project_folders/jun26_bds_int_covid/data/raw/COVID/masks/COVID-2680.png,COVID,COVID,True,0.3074711054274137,0.2774658203125,1.108140473234216
/Users/berfinaktas/Projects/covid_project_folders/jun26_bds_int_covid/data/raw/Normal/images/Normal-1226.png,/Users/berfinaktas/Projects/covid_project_folders/jun26_bds_int_covid/data/raw/Normal/masks/Normal-1226.png,Normal,Normal,True,0.22059632324731898,0.302978515625,0.7280922965519891
/Users/berfinaktas/Projects/covid_project_folders/jun26_bds_int_covid/data/raw/COVID/images/COVID-3095.png,/Users/berfinaktas/Projects/covid_project_folders/jun26_bds_int_covid/data/raw/COVID/masks/COVID-3095.png,COVID,COVID,True,0.29142619325925856,0.272216796875,1.070566535955088
/Users/berfinaktas/Projects/covid_project_folders/jun26_bds_int_covid/data/raw/Normal/images/Normal-1506.png,/Users/berfinaktas/Projects/covid_project_folders/jun26_bds_int_covid/data/raw/Normal/masks/Normal-1506.png,Normal,Normal,True,0.16405395782270552,0.33905029296875,0.48386319441353864
/Users/berfinaktas/Projects/covid_project_folders/jun26_bds_int_covid/data/raw/Lung_Opacity/images/Lung_Opacity-690.png,/Users/berfinaktas/Projects/covid_project_folders/jun26_bds_int_covid/data/raw/Lung_Opacity/masks/Lung_Opacity-690.png,Lung_Opacity,Lung_Opacity,True,0.14579166001489996,0.33013916015625,0.44160668472621945
/Users/berfinaktas/Projects/covid_project_folders/jun26_bds_int_covid/data/raw/Normal/images/Normal-4879.png,/Users/berfinaktas/Projects/covid_project_folders/jun26_bds_int_covid/data/raw/Normal/masks/Normal-4879.png,Normal,Normal,True,0.21311595802206967,0.43157958984375,0.49380453347950637
/Users/berfinaktas/Projects/covid_project_folders/jun26_bds_int_covid/data/raw/Normal/images/Normal-1419.png,/Users/berfinaktas/Projects/covid_project_folders/jun26_bds_int_covid/data/raw/Normal/masks/Normal-1419.png,Normal,Normal,True,0.3551740324010631,0.3895263671875,0.9118099885394888
/Users/berfinaktas/Projects/covid_project_folders/jun26_bds_int_covid/data/raw/Lung_Opacity/images/Lung_Opacity-1349.png,/Users/berfinaktas/Projects/covid_project_folders/jun26_bds_int_covid/data/raw/Lung_Opacity/masks/Lung_Opacity-1349.png,Lung_Opacity,COVID,False,0.33005784443141684,0.3984375,0.8283804722984579
/Users/berfinaktas/Projects/covid_project_folders/jun26_bds_int_covid/data/raw/Normal/images/Normal-3242.png,/Users/berfinaktas/Projects/covid_project_folders/jun26_bds_int_covid/data/raw/Normal/masks/Normal-3242.png,Normal,COVID,False,0.24006799609956897,0.31451416015625,0.763297894060807
/Users/berfinaktas/Projects/covid_project_folders/jun26_bds_int_covid/data/raw/Normal/images/Normal-4432.png,/Users/berfinaktas/Projects/covid_project_folders/jun26_bds_int_covid/data/raw/Normal/masks/Normal-4432.png,Normal,COVID,False,0.23572216132260818,0.36279296875,0.6497429157317652
/Users/berfinaktas/Projects/covid_project_folders/jun26_bds_int_covid/data/raw/Normal/images/Normal-4713.png,/Users/berfinaktas/Projects/covid_project_folders/jun26_bds_int_covid/data/raw/Normal/masks/Normal-4713.png,Normal,Lung_Opacity,False,0.02394167445470002,0.4176025390625,0.05733124733496129
/Users/berfinaktas/Projects/covid_project_folders/jun26_bds_int_covid/data/raw/Viral Pneumonia/images/Viral Pneumonia-5.png,/Users/berfinaktas/Projects/covid_project_folders/jun26_bds_int_covid/data/raw/Viral Pneumonia/masks/Viral Pneumonia-5.png,Viral Pneumonia,Viral Pneumonia,True,0.14958491651188444,0.33209228515625,0.4504317721247408
/Users/berfinaktas/Projects/covid_project_folders/jun26_bds_int_covid/data/raw/Normal/images/Normal-5586.png,/Users/berfinaktas/Projects/covid_project_folders/jun26_bds_int_covid/data/raw/Normal/masks/Normal-5586.png,Normal,Normal,True,0.2276727898913894,0.4390869140625,0.5185141770337119
/Users/berfinaktas/Projects/covid_project_folders/jun26_bds_int_covid/data/raw/Normal/images/Normal-7924.png,/Users/berfinaktas/Projects/covid_project_folders/jun26_bds_int_covid/data/raw/Normal/masks/Normal-7924.png,Normal,Normal,True,0.36830309251133225,0.39630126953125,0.9293512810265929
/Users/berfinaktas/Projects/covid_project_folders/jun26_bds_int_covid/data/raw/Viral Pneumonia/images/Viral Pneumonia-87.png,/Users/berfinaktas/Projects/covid_project_folders/jun26_bds_int_covid/data/raw/Viral Pneumonia/masks/Viral Pneumonia-87.png,Viral Pneumonia,Viral Pneumonia,True,0.07799190552273896,0.2130126953125,0.366137358190417
/Users/berfinaktas/Projects/covid_project_folders/jun26_bds_int_covid/data/raw/Normal/images/Normal-4696.png,/Users/berfinaktas/Projects/covid_project_folders/jun26_bds_int_covid/data/raw/Normal/masks/Normal-4696.png,Normal,Normal,True,0.35400949774309887,0.338134765625,1.046947944227966
/Users/berfinaktas/Projects/covid_project_folders/jun26_bds_int_covid/data/raw/Viral Pneumonia/images/Viral Pneumonia-633.png,/Users/berfinaktas/Projects/covid_project_folders/jun26_bds_int_covid/data/raw/Viral Pneumonia/masks/Viral Pneumonia-633.png,Viral Pneumonia,Viral Pneumonia,True,0.1437036805907464,0.2191162109375,0.6558331762670722
/Users/berfinaktas/Projects/covid_project_folders/jun26_bds_int_covid/data/raw/Lung_Opacity/images/Lung_Opacity-3576.png,/Users/berfinaktas/Projects/covid_project_folders/jun26_bds_int_covid/data/raw/Lung_Opacity/masks/Lung_Opacity-3576.png,Lung_Opacity,Lung_Opacity,True,0.15042895075573642,0.3209228515625,0.46873867044161005
/Users/berfinaktas/Projects/covid_project_folders/jun26_bds_int_covid/data/raw/Lung_Opacity/images/Lung_Opacity-734.png,/Users/berfinaktas/Projects/covid_project_folders/jun26_bds_int_covid/data/raw/Lung_Opacity/masks/Lung_Opacity-734.png,Lung_Opacity,Lung_Opacity,True,0.02589888128638719,0.32763671875,0.07904755420942022
/Users/berfinaktas/Projects/covid_project_folders/jun26_bds_int_covid/data/raw/COVID/images/COVID-1810.png,/Users/berfinaktas/Projects/covid_project_folders/jun26_bds_int_covid/data/raw/COVID/masks/COVID-1810.png,COVID,COVID,True,0.32998463542068796,0.31744384765625,1.0395055310002983
/Users/berfinaktas/Projects/covid_project_folders/jun26_bds_int_covid/data/raw/Normal/images/Normal-1269.png,/Users/berfinaktas/Projects/covid_project_folders/jun26_bds_int_covid/data/raw/Normal/masks/Normal-1269.png,Normal,Normal,True,0.20414259058795112,0.29791259765625,0.6852432297055913
/Users/berfinaktas/Projects/covid_project_folders/jun26_bds_int_covid/data/raw/Normal/images/Normal-8966.png,/Users/berfinaktas/Projects/covid_project_folders/jun26_bds_int_covid/data/raw/Normal/masks/Normal-8966.png,Normal,Normal,True,0.37064548451076373,0.4083251953125,0.9077213181202322
/Users/berfinaktas/Projects/covid_project_folders/jun26_bds_int_covid/data/raw/Normal/images/Normal-9383.png,/Users/berfinaktas/Projects/covid_project_folders/jun26_bds_int_covid/data/raw/Normal/masks/Normal-9383.png,Normal,Normal,True,0.25498658522192424,0.404296875,0.6306914571672716
/Users/berfinaktas/Projects/covid_project_folders/jun26_bds_int_covid/data/raw/Normal/images/Normal-9959.png,/Users/berfinaktas/Projects/covid_project_folders/jun26_bds_int_covid/data/raw/Normal/masks/Normal-9959.png,Normal,Normal,True,0.1746644401888633,0.32843017578125,0.5318160542751043
/Users/berfinaktas/Projects/covid_project_folders/jun26_bds_int_covid/data/raw/COVID/images/COVID-142.png,/Users/berfinaktas/Projects/covid_project_folders/jun26_bds_int_covid/data/raw/COVID/masks/COVID-142.png,COVID,Lung_Opacity,False,0.07374665560178675,0.3033447265625,0.24311171134399884
/Users/berfinaktas/Projects/covid_project_folders/jun26_bds_int_covid/data/raw/COVID/images/COVID-2793.png,/Users/berfinaktas/Projects/covid_project_folders/jun26_bds_int_covid/data/raw/COVID/masks/COVID-2793.png,COVID,COVID,True,0.3133516788224207,0.39593505859375,0.7914219062473471
/Users/berfinaktas/Projects/covid_project_folders/jun26_bds_int_covid/data/raw/COVID/images/COVID-2182.png,/Users/berfinaktas/Projects/covid_project_folders/jun26_bds_int_covid/data/raw/COVID/masks/COVID-2182.png,COVID,COVID,True,0.2383246667326194,0.34521484375,0.6903662198987335
/Users/berfinaktas/Projects/covid_project_folders/jun26_bds_int_covid/data/raw/Lung_Opacity/images/Lung_Opacity-4301.png,/Users/berfinaktas/Projects/covid_project_folders/jun26_bds_int_covid/data/raw/Lung_Opacity/masks/Lung_Opacity-4301.png,Lung_Opacity,Lung_Opacity,True,0.03143782038859945,0.2685546875,0.11706301119245759
/Users/berfinaktas/Projects/covid_project_folders/jun26_bds_int_covid/data/raw/Normal/images/Normal-5299.png,/Users/berfinaktas/Projects/covid_project_folders/jun26_bds_int_covid/data/raw/Normal/masks/Normal-5299.png,Normal,Normal,True,0.2422790780607189,0.36566162109375,0.662577268393727
/Users/berfinaktas/Projects/covid_project_folders/jun26_bds_int_covid/data/raw/Normal/images/Normal-7988.png,/Users/berfinaktas/Projects/covid_project_folders/jun26_bds_int_covid/data/raw/Normal/masks/Normal-7988.png,Normal,Normal,True,0.26817176098633616,0.3460693359375,0.774907607054697
/Users/berfinaktas/Projects/covid_project_folders/jun26_bds_int_covid/data/raw/Lung_Opacity/images/Lung_Opacity-4302.png,/Users/berfinaktas/Projects/covid_project_folders/jun26_bds_int_covid/data/raw/Lung_Opacity/masks/Lung_Opacity-4302.png,Lung_Opacity,Lung_Opacity,True,0.021044012347754798,0.3770751953125,0.05580852999443422
/Users/berfinaktas/Projects/covid_project_folders/jun26_bds_int_covid/data/raw/COVID/images/COVID-1641.png,/Users/berfinaktas/Projects/covid_project_folders/jun26_bds_int_covid/data/raw/COVID/masks/COVID-1641.png,COVID,Normal,False,0.18329969045268038,0.34075927734375,0.5379154806334794
/Users/berfinaktas/Projects/covid_project_folders/jun26_bds_int_covid/data/raw/COVID/images/COVID-130.png,/Users/berfinaktas/Projects/covid_project_folders/jun26_bds_int_covid/data/raw/COVID/masks/COVID-130.png,COVID,Normal,False,0.13008698873187952,0.333251953125,0.39035626801888534
/Users/berfinaktas/Projects/covid_project_folders/jun26_bds_int_covid/data/raw/COVID/images/COVID-489.png,/Users/berfinaktas/Projects/covid_project_folders/jun26_bds_int_covid/data/raw/COVID/masks/COVID-489.png,COVID,COVID,True,0.19589519687270085,0.22369384765625,0.8757290328955882
/Users/berfinaktas/Projects/covid_project_folders/jun26_bds_int_covid/data/raw/Normal/images/Normal-1259.png,/Users/berfinaktas/Projects/covid_project_folders/jun26_bds_int_covid/data/raw/Normal/masks/Normal-1259.png,Normal,Normal,True,0.23642416156508203,0.36126708984375,0.6544303874104247
/Users/berfinaktas/Projects/covid_project_folders/jun26_bds_int_covid/data/raw/Lung_Opacity/images/Lung_Opacity-5689.png,/Users/berfinaktas/Projects/covid_project_folders/jun26_bds_int_covid/data/raw/Lung_Opacity/masks/Lung_Opacity-5689.png,Lung_Opacity,Lung_Opacity,True,0.009533482975602447,0.208984375,0.04561816152811638
/Users/berfinaktas/Projects/covid_project_folders/jun26_bds_int_covid/data/raw/Normal/images/Normal-7587.png,/Users/berfinaktas/Projects/covid_project_folders/jun26_bds_int_covid/data/raw/Normal/masks/Normal-7587.png,Normal,COVID,False,0.394624885705137,0.39166259765625,1.0075633672109965
/Users/berfinaktas/Projects/covid_project_folders/jun26_bds_int_covid/data/raw/Normal/images/Normal-2945.png,/Users/berfinaktas/Projects/covid_project_folders/jun26_bds_int_covid/data/raw/Normal/masks/Normal-2945.png,Normal,Normal,True,0.2583554204321133,0.44854736328125,0.575982474943495
/Users/berfinaktas/Projects/covid_project_folders/jun26_bds_int_covid/data/raw/Normal/images/Normal-9179.png,/Users/berfinaktas/Projects/covid_project_folders/jun26_bds_int_covid/data/raw/Normal/masks/Normal-9179.png,Normal,Normal,True,0.28055208769963913,0.44757080078125,0.6268328657944753
/Users/berfinaktas/Projects/covid_project_folders/jun26_bds_int_covid/data/raw/Lung_Opacity/images/Lung_Opacity-3142.png,/Users/berfinaktas/Projects/covid_project_folders/jun26_bds_int_covid/data/raw/Lung_Opacity/masks/Lung_Opacity-3142.png,Lung_Opacity,Lung_Opacity,True,0.037978158773260204,0.342529296875,0.1108756509873655
/Users/berfinaktas/Projects/covid_project_folders/jun26_bds_int_covid/data/raw/Normal/images/Normal-9896.png,/Users/berfinaktas/Projects/covid_project_folders/jun26_bds_int_covid/data/raw/Normal/masks/Normal-9896.png,Normal,COVID,False,0.22590403638004125,0.25146484375,0.8983523621482029
/Users/berfinaktas/Projects/covid_project_folders/jun26_bds_int_covid/data/raw/Lung_Opacity/images/Lung_Opacity-2635.png,/Users/berfinaktas/Projects/covid_project_folders/jun26_bds_int_covid/data/raw/Lung_Opacity/masks/Lung_Opacity-2635.png,Lung_Opacity,Lung_Opacity,True,0.13353203387935608,0.47418212890625,0.28160494826610505
/Users/berfinaktas/Projects/covid_project_folders/jun26_bds_int_covid/data/raw/Normal/images/Normal-5150.png,/Users/berfinaktas/Projects/covid_project_folders/jun26_bds_int_covid/data/raw/Normal/masks/Normal-5150.png,Normal,Normal,True,0.2491064564429134,0.32940673828125,0.7562275676043531
/Users/berfinaktas/Projects/covid_project_folders/jun26_bds_int_covid/data/raw/Normal/images/Normal-6740.png,/Users/berfinaktas/Projects/covid_project_folders/jun26_bds_int_covid/data/raw/Normal/masks/Normal-6740.png,Normal,Normal,True,0.1480447088692813,0.349853515625,0.4231619871099625
/Users/berfinaktas/Projects/covid_project_folders/jun26_bds_int_covid/data/raw/Normal/images/Normal-2161.png,/Users/berfinaktas/Projects/covid_project_folders/jun26_bds_int_covid/data/raw/Normal/masks/Normal-2161.png,Normal,Normal,True,0.281474327819863,0.34490966796875,0.8160812930455911
/Users/berfinaktas/Projects/covid_project_folders/jun26_bds_int_covid/data/raw/Normal/images/Normal-422.png,/Users/berfinaktas/Projects/covid_project_folders/jun26_bds_int_covid/data/raw/Normal/masks/Normal-422.png,Normal,Viral Pneumonia,False,0.08092983009632179,0.259765625,0.3115494211226824
/Users/berfinaktas/Projects/covid_project_folders/jun26_bds_int_covid/data/raw/Normal/images/Normal-8265.png,/Users/berfinaktas/Projects/covid_project_folders/jun26_bds_int_covid/data/raw/Normal/masks/Normal-8265.png,Normal,Normal,True,0.32730613060307157,0.3990478515625,0.8202177491282846
/Users/berfinaktas/Projects/covid_project_folders/jun26_bds_int_covid/data/raw/Lung_Opacity/images/Lung_Opacity-4296.png,/Users/berfinaktas/Projects/covid_project_folders/jun26_bds_int_covid/data/raw/Lung_Opacity/masks/Lung_Opacity-4296.png,Lung_Opacity,COVID,False,0.42345916463197114,0.37030029296875,1.14355611559753
/Users/berfinaktas/Projects/covid_project_folders/jun26_bds_int_covid/data/raw/Normal/images/Normal-6153.png,/Users/berfinaktas/Projects/covid_project_folders/jun26_bds_int_covid/data/raw/Normal/masks/Normal-6153.png,Normal,Normal,True,0.23517695239218983,0.30572509765625,0.7692431998390175
/Users/berfinaktas/Projects/covid_project_folders/jun26_bds_int_covid/data/raw/COVID/images/COVID-3506.png,/Users/berfinaktas/Projects/covid_project_folders/jun26_bds_int_covid/data/raw/COVID/masks/COVID-3506.png,COVID,Normal,False,0.2529236100553367,0.3634033203125,0.6959859635785416
/Users/berfinaktas/Projects/covid_project_folders/jun26_bds_int_covid/data/raw/COVID/images/COVID-2098.png,/Users/berfinaktas/Projects/covid_project_folders/jun26_bds_int_covid/data/raw/COVID/masks/COVID-2098.png,COVID,Normal,False,0.0980503851072279,0.303466796875,0.3231008667732948
/Users/berfinaktas/Projects/covid_project_folders/jun26_bds_int_covid/data/raw/Lung_Opacity/images/Lung_Opacity-111.png,/Users/berfinaktas/Projects/covid_project_folders/jun26_bds_int_covid/data/raw/Lung_Opacity/masks/Lung_Opacity-111.png,Lung_Opacity,COVID,False,0.359272794864139,0.397216796875,0.904475333597734
/Users/berfinaktas/Projects/covid_project_folders/jun26_bds_int_covid/data/raw/Normal/images/Normal-814.png,/Users/berfinaktas/Projects/covid_project_folders/jun26_bds_int_covid/data/raw/Normal/masks/Normal-814.png,Normal,Normal,True,0.2675744516007805,0.34149169921875,0.7835459901746539
/Users/berfinaktas/Projects/covid_project_folders/jun26_bds_int_covid/data/raw/Normal/images/Normal-972.png,/Users/berfinaktas/Projects/covid_project_folders/jun26_bds_int_covid/data/raw/Normal/masks/Normal-972.png,Normal,Normal,True,0.24130921030231542,0.2799072265625,0.8621042524189132
/Users/berfinaktas/Projects/covid_project_folders/jun26_bds_int_covid/data/raw/COVID/images/COVID-1991.png,/Users/berfinaktas/Projects/covid_project_folders/jun26_bds_int_covid/data/raw/COVID/masks/COVID-1991.png,COVID,COVID,True,0.3650811047894279,0.30560302734375,1.1946252887697197
/Users/berfinaktas/Projects/covid_project_folders/jun26_bds_int_covid/data/raw/Lung_Opacity/images/Lung_Opacity-4273.png,/Users/berfinaktas/Projects/covid_project_folders/jun26_bds_int_covid/data/raw/Lung_Opacity/masks/Lung_Opacity-4273.png,Lung_Opacity,Lung_Opacity,True,0.08722710488345238,0.32196044921875,0.270924907376395
/Users/berfinaktas/Projects/covid_project_folders/jun26_bds_int_covid/data/raw/Lung_Opacity/images/Lung_Opacity-5009.png,/Users/berfinaktas/Projects/covid_project_folders/jun26_bds_int_covid/data/raw/Lung_Opacity/masks/Lung_Opacity-5009.png,Lung_Opacity,Lung_Opacity,True,0.07525668250424813,0.34393310546875,0.21881197624660184
/Users/berfinaktas/Projects/covid_project_folders/jun26_bds_int_covid/data/raw/COVID/images/COVID-1482.png,/Users/berfinaktas/Projects/covid_project_folders/jun26_bds_int_covid/data/raw/COVID/masks/COVID-1482.png,COVID,COVID,True,0.45108511518855526,0.35858154296875,1.2579708131488152
/Users/berfinaktas/Projects/covid_project_folders/jun26_bds_int_covid/data/raw/Lung_Opacity/images/Lung_Opacity-5295.png,/Users/berfinaktas/Projects/covid_project_folders/jun26_bds_int_covid/data/raw/Lung_Opacity/masks/Lung_Opacity-5295.png,Lung_Opacity,COVID,False,0.42303860289309553,0.3575439453125,1.1831793222602385
/Users/berfinaktas/Projects/covid_project_folders/jun26_bds_int_covid/data/raw/Normal/images/Normal-4667.png,/Users/berfinaktas/Projects/covid_project_folders/jun26_bds_int_covid/data/raw/Normal/masks/Normal-4667.png,Normal,Lung_Opacity,False,0.009729854548955998,0.34686279296875,0.028051018287892852
/Users/berfinaktas/Projects/covid_project_folders/jun26_bds_int_covid/data/raw/Normal/images/Normal-59.png,/Users/berfinaktas/Projects/covid_project_folders/jun26_bds_int_covid/data/raw/Normal/masks/Normal-59.png,Normal,Lung_Opacity,False,0.023310246142160262,0.38372802734375,0.06074679064627863
/Users/berfinaktas/Projects/covid_project_folders/jun26_bds_int_covid/data/raw/Lung_Opacity/images/Lung_Opacity-79.png,/Users/berfinaktas/Projects/covid_project_folders/jun26_bds_int_covid/data/raw/Lung_Opacity/masks/Lung_Opacity-79.png,Lung_Opacity,Lung_Opacity,True,0.005067510412391032,0.367919921875,0.013773405872032957
/Users/berfinaktas/Projects/covid_project_folders/jun26_bds_int_covid/data/raw/COVID/images/COVID-3426.png,/Users/berfinaktas/Projects/covid_project_folders/jun26_bds_int_covid/data/raw/COVID/masks/COVID-3426.png,COVID,COVID,True,0.22380083136122467,0.40667724609375,0.5503155967315481
/Users/berfinaktas/Projects/covid_project_folders/jun26_bds_int_covid/data/raw/Lung_Opacity/images/Lung_Opacity-2627.png,/Users/berfinaktas/Projects/covid_project_folders/jun26_bds_int_covid/data/raw/Lung_Opacity/masks/Lung_Opacity-2627.png,Lung_Opacity,Lung_Opacity,True,0.012218361507713693,0.33099365234375,0.03691418678635094
/Users/berfinaktas/Projects/covid_project_folders/jun26_bds_int_covid/data/raw/COVID/images/COVID-2885.png,/Users/berfinaktas/Projects/covid_project_folders/jun26_bds_int_covid/data/raw/COVID/masks/COVID-2885.png,COVID,Normal,False,0.22965758075320897,0.39495849609375,0.5814726940288326
/Users/berfinaktas/Projects/covid_project_folders/jun26_bds_int_covid/data/raw/Viral Pneumonia/images/Viral Pneumonia-328.png,/Users/berfinaktas/Projects/covid_project_folders/jun26_bds_int_covid/data/raw/Viral Pneumonia/masks/Viral Pneumonia-328.png,Viral Pneumonia,Viral Pneumonia,True,0.07498775787189539,0.25732421875,0.29141352584751756
/Users/berfinaktas/Projects/covid_project_folders/jun26_bds_int_covid/data/raw/Lung_Opacity/images/Lung_Opacity-2225.png,/Users/berfinaktas/Projects/covid_project_folders/jun26_bds_int_covid/data/raw/Lung_Opacity/masks/Lung_Opacity-2225.png,Lung_Opacity,Lung_Opacity,True,0.0377620381782114,0.33563232421875,0.11251013520854984
/Users/berfinaktas/Projects/covid_project_folders/jun26_bds_int_covid/data/raw/COVID/images/COVID-2219.png,/Users/berfinaktas/Projects/covid_project_folders/jun26_bds_int_covid/data/raw/COVID/masks/COVID-2219.png,COVID,COVID,True,0.3268205105801995,0.3414306640625,0.957209017759383
/Users/berfinaktas/Projects/covid_project_folders/jun26_bds_int_covid/data/raw/Lung_Opacity/images/Lung_Opacity-905.png,/Users/berfinaktas/Projects/covid_project_folders/jun26_bds_int_covid/data/raw/Lung_Opacity/masks/Lung_Opacity-905.png,Lung_Opacity,Lung_Opacity,True,0.05486075896842882,0.43865966796875,0.12506451578387892
/Users/berfinaktas/Projects/covid_project_folders/jun26_bds_int_covid/data/raw/Lung_Opacity/images/Lung_Opacity-5067.png,/Users/berfinaktas/Projects/covid_project_folders/jun26_bds_int_covid/data/raw/Lung_Opacity/masks/Lung_Opacity-5067.png,Lung_Opacity,Lung_Opacity,True,0.018597000831032384,0.24481201171875,0.07596441326742323
/Users/berfinaktas/Projects/covid_project_folders/jun26_bds_int_covid/data/raw/Lung_Opacity/images/Lung_Opacity-3316.png,/Users/berfinaktas/Projects/covid_project_folders/jun26_bds_int_covid/data/raw/Lung_Opacity/masks/Lung_Opacity-3316.png,Lung_Opacity,Normal,False,0.1613485315703956,0.2669677734375,0.6043745636143946
/Users/berfinaktas/Projects/covid_project_folders/jun26_bds_int_covid/data/raw/Normal/images/Normal-10003.png,/Users/berfinaktas/Projects/covid_project_folders/jun26_bds_int_covid/data/raw/Normal/masks/Normal-10003.png,Normal,Normal,True,0.34939851926359855,0.3572998046875,0.9778861188272632
/Users/berfinaktas/Projects/covid_project_folders/jun26_bds_int_covid/data/raw/Lung_Opacity/images/Lung_Opacity-638.png,/Users/berfinaktas/Projects/covid_project_folders/jun26_bds_int_covid/data/raw/Lung_Opacity/masks/Lung_Opacity-638.png,Lung_Opacity,Lung_Opacity,True,0.10665010299503609,0.27252197265625,0.39134496919835865
/Users/berfinaktas/Projects/covid_project_folders/jun26_bds_int_covid/data/raw/Normal/images/Normal-4101.png,/Users/berfinaktas/Projects/covid_project_folders/jun26_bds_int_covid/data/raw/Normal/masks/Normal-4101.png,Normal,Normal,True,0.18854650570882944,0.2786865234375,0.6765540844357121
/Users/berfinaktas/Projects/covid_project_folders/jun26_bds_int_covid/data/raw/Lung_Opacity/images/Lung_Opacity-1446.png,/Users/berfinaktas/Projects/covid_project_folders/jun26_bds_int_covid/data/raw/Lung_Opacity/masks/Lung_Opacity-1446.png,Lung_Opacity,Lung_Opacity,True,0.13865034906532125,0.33807373046875,0.4101186710753247
/Users/berfinaktas/Projects/covid_project_folders/jun26_bds_int_covid/data/raw/Normal/images/Normal-3598.png,/Users/berfinaktas/Projects/covid_project_folders/jun26_bds_int_covid/data/raw/Normal/masks/Normal-3598.png,Normal,Normal,True,0.19008051364726272,0.3089599609375,0.6152270121684615
/Users/berfinaktas/Projects/covid_project_folders/jun26_bds_int_covid/data/raw/Normal/images/Normal-2308.png,/Users/berfinaktas/Projects/covid_project_folders/jun26_bds_int_covid/data/raw/Normal/masks/Normal-2308.png,Normal,Normal,True,0.30075120360916036,0.39599609375,0.7594802281030338
/Users/berfinaktas/Projects/covid_project_folders/jun26_bds_int_covid/data/raw/COVID/images/COVID-3263.png,/Users/berfinaktas/Projects/covid_project_folders/jun26_bds_int_covid/data/raw/COVID/masks/COVID-3263.png,COVID,COVID,True,0.4258786718275506,0.4527587890625,0.9406303800515758
/Users/berfinaktas/Projects/covid_project_folders/jun26_bds_int_covid/data/raw/COVID/images/COVID-3091.png,/Users/berfinaktas/Projects/covid_project_folders/jun26_bds_int_covid/data/raw/COVID/masks/COVID-3091.png,COVID,COVID,True,0.3699100017641475,0.30474853515625,1.2138204424001187
/Users/berfinaktas/Projects/covid_project_folders/jun26_bds_int_covid/data/raw/COVID/images/COVID-3521.png,/Users/berfinaktas/Projects/covid_project_folders/jun26_bds_int_covid/data/raw/COVID/masks/COVID-3521.png,COVID,COVID,True,0.47479962025810823,0.3203125,1.482301253488728
/Users/berfinaktas/Projects/covid_project_folders/jun26_bds_int_covid/data/raw/Normal/images/Normal-3063.png,/Users/berfinaktas/Projects/covid_project_folders/jun26_bds_int_covid/data/raw/Normal/masks/Normal-3063.png,Normal,Normal,True,0.24945401398168573,0.33135986328125,0.7528190394319284
/Users/berfinaktas/Projects/covid_project_folders/jun26_bds_int_covid/data/raw/Normal/images/Normal-3118.png,/Users/berfinaktas/Projects/covid_project_folders/jun26_bds_int_covid/data/raw/Normal/masks/Normal-3118.png,Normal,Normal,True,0.10959171657878024,0.3984375,0.2750537200408602
/Users/berfinaktas/Projects/covid_project_folders/jun26_bds_int_covid/data/raw/Normal/images/Normal-8072.png,/Users/berfinaktas/Projects/covid_project_folders/jun26_bds_int_covid/data/raw/Normal/masks/Normal-8072.png,Normal,Normal,True,0.0997044379870191,0.29193115234375,0.34153408153445974
/Users/berfinaktas/Projects/covid_project_folders/jun26_bds_int_covid/data/raw/COVID/images/COVID-3471.png,/Users/berfinaktas/Projects/covid_project_folders/jun26_bds_int_covid/data/raw/COVID/masks/COVID-3471.png,COVID,COVID,True,0.24527725447399124,0.42132568359375,0.582155952093564
/Users/berfinaktas/Projects/covid_project_folders/jun26_bds_int_covid/data/raw/Normal/images/Normal-7.png,/Users/berfinaktas/Projects/covid_project_folders/jun26_bds_int_covid/data/raw/Normal/masks/Normal-7.png,Normal,Normal,True,0.17669365238518983,0.2628173828125,0.6723058060099745
/Users/berfinaktas/Projects/covid_project_folders/jun26_bds_int_covid/data/raw/COVID/images/COVID-687.png,/Users/berfinaktas/Projects/covid_project_folders/jun26_bds_int_covid/data/raw/COVID/masks/COVID-687.png,COVID,COVID,True,0.35662381435356133,0.320556640625,1.112514199232435
/Users/berfinaktas/Projects/covid_project_folders/jun26_bds_int_covid/data/raw/Lung_Opacity/images/Lung_Opacity-2353.png,/Users/berfinaktas/Projects/covid_project_folders/jun26_bds_int_covid/data/raw/Lung_Opacity/masks/Lung_Opacity-2353.png,Lung_Opacity,Lung_Opacity,True,0.06996682475507957,0.32147216796875,0.21764504590606107
/Users/berfinaktas/Projects/covid_project_folders/jun26_bds_int_covid/data/raw/Normal/images/Normal-5611.png,/Users/berfinaktas/Projects/covid_project_folders/jun26_bds_int_covid/data/raw/Normal/masks/Normal-5611.png,Normal,Normal,True,0.22029153373264382,0.29315185546875,0.751458773407378
/Users/berfinaktas/Projects/covid_project_folders/jun26_bds_int_covid/data/raw/Lung_Opacity/images/Lung_Opacity-5187.png,/Users/berfinaktas/Projects/covid_project_folders/jun26_bds_int_covid/data/raw/Lung_Opacity/masks/Lung_Opacity-5187.png,Lung_Opacity,Normal,False,0.19647106006314194,0.41497802734375,0.47344930843867
/Users/berfinaktas/Projects/covid_project_folders/jun26_bds_int_covid/data/raw/COVID/images/COVID-3446.png,/Users/berfinaktas/Projects/covid_project_folders/jun26_bds_int_covid/data/raw/COVID/masks/COVID-3446.png,COVID,COVID,True,0.23198623713109592,0.31298828125,0.7411978371988837
/Users/berfinaktas/Projects/covid_project_folders/jun26_bds_int_covid/data/raw/Lung_Opacity/images/Lung_Opacity-3981.png,/Users/berfinaktas/Projects/covid_project_folders/jun26_bds_int_covid/data/raw/Lung_Opacity/masks/Lung_Opacity-3981.png,Lung_Opacity,Lung_Opacity,True,0.03709488247134906,0.262451171875,0.1413401289326937
/Users/berfinaktas/Projects/covid_project_folders/jun26_bds_int_covid/data/raw/Normal/images/Normal-1301.png,/Users/berfinaktas/Projects/covid_project_folders/jun26_bds_int_covid/data/raw/Normal/masks/Normal-1301.png,Normal,Viral Pneumonia,False,0.1488633489771694,0.30902099609375,0.4817256783807908
/Users/berfinaktas/Projects/covid_project_folders/jun26_bds_int_covid/data/raw/Normal/images/Normal-2078.png,/Users/berfinaktas/Projects/covid_project_folders/jun26_bds_int_covid/data/raw/Normal/masks/Normal-2078.png,Normal,Normal,True,0.1629581924616167,0.369873046875,0.44057871704474055
/Users/berfinaktas/Projects/covid_project_folders/jun26_bds_int_covid/data/raw/Lung_Opacity/images/Lung_Opacity-4017.png,/Users/berfinaktas/Projects/covid_project_folders/jun26_bds_int_covid/data/raw/Lung_Opacity/masks/Lung_Opacity-4017.png,Lung_Opacity,Lung_Opacity,True,0.00993907424781188,0.25970458984375,0.03827069153376024
/Users/berfinaktas/Projects/covid_project_folders/jun26_bds_int_covid/data/raw/Lung_Opacity/images/Lung_Opacity-2385.png,/Users/berfinaktas/Projects/covid_project_folders/jun26_bds_int_covid/data/raw/Lung_Opacity/masks/Lung_Opacity-2385.png,Lung_Opacity,Normal,False,0.3392204899743196,0.42413330078125,0.7997968783622467
/Users/berfinaktas/Projects/covid_project_folders/jun26_bds_int_covid/data/raw/Normal/images/Normal-4587.png,/Users/berfinaktas/Projects/covid_project_folders/jun26_bds_int_covid/data/raw/Normal/masks/Normal-4587.png,Normal,Normal,True,0.23343250542159413,0.3922119140625,0.5951693384418609
/Users/berfinaktas/Projects/covid_project_folders/jun26_bds_int_covid/data/raw/Viral Pneumonia/images/Viral Pneumonia-13.png,/Users/berfinaktas/Projects/covid_project_folders/jun26_bds_int_covid/data/raw/Viral Pneumonia/masks/Viral Pneumonia-13.png,Viral Pneumonia,Viral Pneumonia,True,0.15157406206522034,0.25823974609375,0.5869509413558426
/Users/berfinaktas/Projects/covid_project_folders/jun26_bds_int_covid/data/raw/Normal/images/Normal-2102.png,/Users/berfinaktas/Projects/covid_project_folders/jun26_bds_int_covid/data/raw/Normal/masks/Normal-2102.png,Normal,Normal,True,0.2765927522851471,0.379638671875,0.7285684330289148
/Users/berfinaktas/Projects/covid_project_folders/jun26_bds_int_covid/data/raw/Normal/images/Normal-1562.png,/Users/berfinaktas/Projects/covid_project_folders/jun26_bds_int_covid/data/raw/Normal/masks/Normal-1562.png,Normal,Normal,True,0.20231543501528362,0.37615966796875,0.5378445703862416
/Users/berfinaktas/Projects/covid_project_folders/jun26_bds_int_covid/data/raw/Lung_Opacity/images/Lung_Opacity-427.png,/Users/berfinaktas/Projects/covid_project_folders/jun26_bds_int_covid/data/raw/Lung_Opacity/masks/Lung_Opacity-427.png,Lung_Opacity,COVID,False,0.3504484030747158,0.36090087890625,0.9710378210681793
/Users/berfinaktas/Projects/covid_project_folders/jun26_bds_int_covid/data/raw/Normal/images/Normal-383.png,/Users/berfinaktas/Projects/covid_project_folders/jun26_bds_int_covid/data/raw/Normal/masks/Normal-383.png,Normal,Viral Pneumonia,False,0.09218958791012122,0.255859375,0.3603135038929928
/Users/berfinaktas/Projects/covid_project_folders/jun26_bds_int_covid/data/raw/Normal/images/Normal-2413.png,/Users/berfinaktas/Projects/covid_project_folders/jun26_bds_int_covid/data/raw/Normal/masks/Normal-2413.png,Normal,Normal,True,0.28832495401594116,0.36065673828125,0.7994442454894534
/Users/berfinaktas/Projects/covid_project_folders/jun26_bds_int_covid/data/raw/Normal/images/Normal-1432.png,/Users/berfinaktas/Projects/covid_project_folders/jun26_bds_int_covid/data/raw/Normal/masks/Normal-1432.png,Normal,COVID,False,0.30081969261180025,0.3643798828125,0.8255661379818652
/Users/berfinaktas/Projects/covid_project_folders/jun26_bds_int_covid/data/raw/Lung_Opacity/images/Lung_Opacity-3519.png,/Users/berfinaktas/Projects/covid_project_folders/jun26_bds_int_covid/data/raw/Lung_Opacity/masks/Lung_Opacity-3519.png,Lung_Opacity,Lung_Opacity,True,0.038524188451343686,0.350341796875,0.10996172536355661
/Users/berfinaktas/Projects/covid_project_folders/jun26_bds_int_covid/data/raw/Lung_Opacity/images/Lung_Opacity-4265.png,/Users/berfinaktas/Projects/covid_project_folders/jun26_bds_int_covid/data/raw/Lung_Opacity/masks/Lung_Opacity-4265.png,Lung_Opacity,COVID,False,0.28825606909990376,0.37530517578125,0.7680578038921488
/Users/berfinaktas/Projects/covid_project_folders/jun26_bds_int_covid/data/raw/Normal/images/Normal-7103.png,/Users/berfinaktas/Projects/covid_project_folders/jun26_bds_int_covid/data/raw/Normal/masks/Normal-7103.png,Normal,Normal,True,0.2677083064688188,0.3140869140625,0.8523383002691659
/Users/berfinaktas/Projects/covid_project_folders/jun26_bds_int_covid/data/raw/Normal/images/Normal-1068.png,/Users/berfinaktas/Projects/covid_project_folders/jun26_bds_int_covid/data/raw/Normal/masks/Normal-1068.png,Normal,Viral Pneumonia,False,0.0983052828396627,0.21038818359375,0.4672566736423074
/Users/berfinaktas/Projects/covid_project_folders/jun26_bds_int_covid/data/raw/COVID/images/COVID-469.png,/Users/berfinaktas/Projects/covid_project_folders/jun26_bds_int_covid/data/raw/COVID/masks/COVID-469.png,COVID,COVID,True,0.17066674127041598,0.29058837890625,0.5873144064218642
/Users/berfinaktas/Projects/covid_project_folders/jun26_bds_int_covid/data/raw/Normal/images/Normal-1804.png,/Users/berfinaktas/Projects/covid_project_folders/jun26_bds_int_covid/data/raw/Normal/masks/Normal-1804.png,Normal,Normal,True,0.22563448398913066,0.40802001953125,0.552998561806719
/Users/berfinaktas/Projects/covid_project_folders/jun26_bds_int_covid/data/raw/Lung_Opacity/images/Lung_Opacity-5541.png,/Users/berfinaktas/Projects/covid_project_folders/jun26_bds_int_covid/data/raw/Lung_Opacity/masks/Lung_Opacity-5541.png,Lung_Opacity,Lung_Opacity,True,0.09387856898209473,0.36151123046875,0.2596836863418268
/Users/berfinaktas/Projects/covid_project_folders/jun26_bds_int_covid/data/raw/Lung_Opacity/images/Lung_Opacity-1218.png,/Users/berfinaktas/Projects/covid_project_folders/jun26_bds_int_covid/data/raw/Lung_Opacity/masks/Lung_Opacity-1218.png,Lung_Opacity,Lung_Opacity,True,0.03026901473059244,0.412353515625,0.07340549694286953
/Users/berfinaktas/Projects/covid_project_folders/jun26_bds_int_covid/data/raw/Normal/images/Normal-9736.png,/Users/berfinaktas/Projects/covid_project_folders/jun26_bds_int_covid/data/raw/Normal/masks/Normal-9736.png,Normal,Normal,True,0.16421450375284305,0.22802734375,0.7201526845520826
/Users/berfinaktas/Projects/covid_project_folders/jun26_bds_int_covid/data/raw/Normal/images/Normal-8070.png,/Users/berfinaktas/Projects/covid_project_folders/jun26_bds_int_covid/data/raw/Normal/masks/Normal-8070.png,Normal,Normal,True,0.24143475107913062,0.43505859375,0.5549476657800892
/Users/berfinaktas/Projects/covid_project_folders/jun26_bds_int_covid/data/raw/COVID/images/COVID-2525.png,/Users/berfinaktas/Projects/covid_project_folders/jun26_bds_int_covid/data/raw/COVID/masks/COVID-2525.png,COVID,Lung_Opacity,False,0.017284753670236457,0.26715087890625,0.06470034364476904
/Users/berfinaktas/Projects/covid_project_folders/jun26_bds_int_covid/data/raw/Normal/images/Normal-5580.png,/Users/berfinaktas/Projects/covid_project_folders/jun26_bds_int_covid/data/raw/Normal/masks/Normal-5580.png,Normal,Normal,True,0.15351860906545886,0.38934326171875,0.3943014408102333
/Users/berfinaktas/Projects/covid_project_folders/jun26_bds_int_covid/data/raw/Normal/images/Normal-1014.png,/Users/berfinaktas/Projects/covid_project_folders/jun26_bds_int_covid/data/raw/Normal/masks/Normal-1014.png,Normal,Normal,True,0.2306950463847426,0.32464599609375,0.7106049332520442
/Users/berfinaktas/Projects/covid_project_folders/jun26_bds_int_covid/data/raw/Lung_Opacity/images/Lung_Opacity-2481.png,/Users/berfinaktas/Projects/covid_project_folders/jun26_bds_int_covid/data/raw/Lung_Opacity/masks/Lung_Opacity-2481.png,Lung_Opacity,COVID,False,0.3999349853690221,0.3736572265625,1.0703258412750831
/Users/berfinaktas/Projects/covid_project_folders/jun26_bds_int_covid/data/raw/Normal/images/Normal-2813.png,/Users/berfinaktas/Projects/covid_project_folders/jun26_bds_int_covid/data/raw/Normal/masks/Normal-2813.png,Normal,COVID,False,0.35910290782216686,0.37103271484375,0.9678470211808491
/Users/berfinaktas/Projects/covid_project_folders/jun26_bds_int_covid/data/raw/Lung_Opacity/images/Lung_Opacity-120.png,/Users/berfinaktas/Projects/covid_project_folders/jun26_bds_int_covid/data/raw/Lung_Opacity/masks/Lung_Opacity-120.png,Lung_Opacity,Viral Pneumonia,False,0.15670183374456953,0.37042236328125,0.42303556501417483
/Users/berfinaktas/Projects/covid_project_folders/jun26_bds_int_covid/data/raw/Normal/images/Normal-828.png,/Users/berfinaktas/Projects/covid_project_folders/jun26_bds_int_covid/data/raw/Normal/masks/Normal-828.png,Normal,COVID,False,0.25437558164370605,0.39892578125,0.6376513968253488
/Users/berfinaktas/Projects/covid_project_folders/jun26_bds_int_covid/data/raw/Normal/images/Normal-3721.png,/Users/berfinaktas/Projects/covid_project_folders/jun26_bds_int_covid/data/raw/Normal/masks/Normal-3721.png,Normal,Normal,True,0.2231555954416308,0.4241943359375,0.5260692483044143
/Users/berfinaktas/Projects/covid_project_folders/jun26_bds_int_covid/data/raw/Lung_Opacity/images/Lung_Opacity-4993.png,/Users/berfinaktas/Projects/covid_project_folders/jun26_bds_int_covid/data/raw/Lung_Opacity/masks/Lung_Opacity-4993.png,Lung_Opacity,Normal,False,0.31934462005277925,0.3294677734375,0.9692742228500806
/Users/berfinaktas/Projects/covid_project_folders/jun26_bds_int_covid/data/raw/Normal/images/Normal-5865.png,/Users/berfinaktas/Projects/covid_project_folders/jun26_bds_int_covid/data/raw/Normal/masks/Normal-5865.png,Normal,Normal,True,0.2212809600101981,0.370849609375,0.5966865123118968
/Users/berfinaktas/Projects/covid_project_folders/jun26_bds_int_covid/data/raw/Normal/images/Normal-808.png,/Users/berfinaktas/Projects/covid_project_folders/jun26_bds_int_covid/data/raw/Normal/masks/Normal-808.png,Normal,Normal,True,0.1859844668515629,0.29962158203125,0.6207312089826862
/Users/berfinaktas/Projects/covid_project_folders/jun26_bds_int_covid/data/raw/Lung_Opacity/images/Lung_Opacity-342.png,/Users/berfinaktas/Projects/covid_project_folders/jun26_bds_int_covid/data/raw/Lung_Opacity/masks/Lung_Opacity-342.png,Lung_Opacity,Lung_Opacity,True,0.023110099856100758,0.3875732421875,0.05962769701454407
/Users/berfinaktas/Projects/covid_project_folders/jun26_bds_int_covid/data/raw/Lung_Opacity/images/Lung_Opacity-4153.png,/Users/berfinaktas/Projects/covid_project_folders/jun26_bds_int_covid/data/raw/Lung_Opacity/masks/Lung_Opacity-4153.png,Lung_Opacity,Lung_Opacity,True,0.03389218796780768,0.30810546875,0.11000190326160084
/Users/berfinaktas/Projects/covid_project_folders/jun26_bds_int_covid/data/raw/Normal/images/Normal-3495.png,/Users/berfinaktas/Projects/covid_project_folders/jun26_bds_int_covid/data/raw/Normal/masks/Normal-3495.png,Normal,Normal,True,0.2319729447354563,0.32525634765625,0.7132003615210576
/Users/berfinaktas/Projects/covid_project_folders/jun26_bds_int_covid/data/raw/Normal/images/Normal-7938.png,/Users/berfinaktas/Projects/covid_project_folders/jun26_bds_int_covid/data/raw/Normal/masks/Normal-7938.png,Normal,Normal,True,0.12870944063145315,0.34674072265625,0.3711979361566147
/Users/berfinaktas/Projects/covid_project_folders/jun26_bds_int_covid/data/raw/Viral Pneumonia/images/Viral Pneumonia-708.png,/Users/berfinaktas/Projects/covid_project_folders/jun26_bds_int_covid/data/raw/Viral Pneumonia/masks/Viral Pneumonia-708.png,Viral Pneumonia,Viral Pneumonia,True,0.12075113086830444,0.2958984375,0.4080830297331477
/Users/berfinaktas/Projects/covid_project_folders/jun26_bds_int_covid/data/raw/Normal/images/Normal-7281.png,/Users/berfinaktas/Projects/covid_project_folders/jun26_bds_int_covid/data/raw/Normal/masks/Normal-7281.png,Normal,Normal,True,0.1293123601872066,0.29248046875,0.44212306120767797
/Users/berfinaktas/Projects/covid_project_folders/jun26_bds_int_covid/data/raw/Normal/images/Normal-8775.png,/Users/berfinaktas/Projects/covid_project_folders/jun26_bds_int_covid/data/raw/Normal/masks/Normal-8775.png,Normal,Normal,True,0.23847154534580983,0.33837890625,0.704747077731917
/Users/berfinaktas/Projects/covid_project_folders/jun26_bds_int_covid/data/raw/Normal/images/Normal-8221.png,/Users/berfinaktas/Projects/covid_project_folders/jun26_bds_int_covid/data/raw/Normal/masks/Normal-8221.png,Normal,Normal,True,0.24522939681430944,0.2894287109375,0.8472877345857541
/Users/berfinaktas/Projects/covid_project_folders/jun26_bds_int_covid/data/raw/Lung_Opacity/images/Lung_Opacity-352.png,/Users/berfinaktas/Projects/covid_project_folders/jun26_bds_int_covid/data/raw/Lung_Opacity/masks/Lung_Opacity-352.png,Lung_Opacity,COVID,False,0.34893856348301244,0.310546875,1.1236260660585056
/Users/berfinaktas/Projects/covid_project_folders/jun26_bds_int_covid/data/raw/Viral Pneumonia/images/Viral Pneumonia-139.png,/Users/berfinaktas/Projects/covid_project_folders/jun26_bds_int_covid/data/raw/Viral Pneumonia/masks/Viral Pneumonia-139.png,Viral Pneumonia,Viral Pneumonia,True,0.12841667617919938,0.2845458984375,0.4513039087344493
/Users/berfinaktas/Projects/covid_project_folders/jun26_bds_int_covid/data/raw/COVID/images/COVID-2292.png,/Users/berfinaktas/Projects/covid_project_folders/jun26_bds_int_covid/data/raw/COVID/masks/COVID-2292.png,COVID,COVID,True,0.2598301793255548,0.366943359375,0.7080934228326496
/Users/berfinaktas/Projects/covid_project_folders/jun26_bds_int_covid/data/raw/Lung_Opacity/images/Lung_Opacity-614.png,/Users/berfinaktas/Projects/covid_project_folders/jun26_bds_int_covid/data/raw/Lung_Opacity/masks/Lung_Opacity-614.png,Lung_Opacity,COVID,False,0.3650878341106993,0.3505859375,1.0413647413073985
/Users/berfinaktas/Projects/covid_project_folders/jun26_bds_int_covid/data/raw/Lung_Opacity/images/Lung_Opacity-1547.png,/Users/berfinaktas/Projects/covid_project_folders/jun26_bds_int_covid/data/raw/Lung_Opacity/masks/Lung_Opacity-1547.png,Lung_Opacity,Normal,False,0.3259868224985846,0.34417724609375,0.9471480936011368
/Users/berfinaktas/Projects/covid_project_folders/jun26_bds_int_covid/data/raw/Normal/images/Normal-2309.png,/Users/berfinaktas/Projects/covid_project_folders/jun26_bds_int_covid/data/raw/Normal/masks/Normal-2309.png,Normal,COVID,False,0.3620179942509172,0.3424072265625,1.0572732295556198
/Users/berfinaktas/Projects/covid_project_folders/jun26_bds_int_covid/data/raw/Normal/images/Normal-5362.png,/Users/berfinaktas/Projects/covid_project_folders/jun26_bds_int_covid/data/raw/Normal/masks/Normal-5362.png,Normal,Normal,True,0.29141222291907026,0.3455810546875,0.8432528894924138
/Users/berfinaktas/Projects/covid_project_folders/jun26_bds_int_covid/data/raw/Lung_Opacity/images/Lung_Opacity-1835.png,/Users/berfinaktas/Projects/covid_project_folders/jun26_bds_int_covid/data/raw/Lung_Opacity/masks/Lung_Opacity-1835.png,Lung_Opacity,Lung_Opacity,True,0.020545138303261355,0.30511474609375,0.06733577634739629
/Users/berfinaktas/Projects/covid_project_folders/jun26_bds_int_covid/data/raw/Lung_Opacity/images/Lung_Opacity-4673.png,/Users/berfinaktas/Projects/covid_project_folders/jun26_bds_int_covid/data/raw/Lung_Opacity/masks/Lung_Opacity-4673.png,Lung_Opacity,Lung_Opacity,True,0.024144695740655794,0.282470703125,0.08547681396173391
/Users/berfinaktas/Projects/covid_project_folders/jun26_bds_int_covid/data/raw/Normal/images/Normal-6654.png,/Users/berfinaktas/Projects/covid_project_folders/jun26_bds_int_covid/data/raw/Normal/masks/Normal-6654.png,Normal,COVID,False,0.22934322084615233,0.34783935546875,0.6593366082371223
/Users/berfinaktas/Projects/covid_project_folders/jun26_bds_int_covid/data/raw/Viral Pneumonia/images/Viral Pneumonia-1095.png,/Users/berfinaktas/Projects/covid_project_folders/jun26_bds_int_covid/data/raw/Viral Pneumonia/masks/Viral Pneumonia-1095.png,Viral Pneumonia,Viral Pneumonia,True,0.1362802160638437,0.3531494140625,0.38589959557380143
/Users/berfinaktas/Projects/covid_project_folders/jun26_bds_int_covid/data/raw/Lung_Opacity/images/Lung_Opacity-911.png,/Users/berfinaktas/Projects/covid_project_folders/jun26_bds_int_covid/data/raw/Lung_Opacity/masks/Lung_Opacity-911.png,Lung_Opacity,Lung_Opacity,True,0.01229816959934128,0.40032958984375,0.030720111406557022
/Users/berfinaktas/Projects/covid_project_folders/jun26_bds_int_covid/data/raw/COVID/images/COVID-849.png,/Users/berfinaktas/Projects/covid_project_folders/jun26_bds_int_covid/data/raw/COVID/masks/COVID-849.png,COVID,COVID,True,0.3753493147828596,0.2508544921875,1.4962830105601879
/Users/berfinaktas/Projects/covid_project_folders/jun26_bds_int_covid/data/raw/Normal/images/Normal-4481.png,/Users/berfinaktas/Projects/covid_project_folders/jun26_bds_int_covid/data/raw/Normal/masks/Normal-4481.png,Normal,Normal,True,0.21884719841300762,0.2855224609375,0.766479798802633
/Users/berfinaktas/Projects/covid_project_folders/jun26_bds_int_covid/data/raw/Normal/images/Normal-3556.png,/Users/berfinaktas/Projects/covid_project_folders/jun26_bds_int_covid/data/raw/Normal/masks/Normal-3556.png,Normal,Normal,True,0.1538659178511519,0.24493408203125,0.6281931717102598
/Users/berfinaktas/Projects/covid_project_folders/jun26_bds_int_covid/data/raw/Normal/images/Normal-7819.png,/Users/berfinaktas/Projects/covid_project_folders/jun26_bds_int_covid/data/raw/Normal/masks/Normal-7819.png,Normal,Normal,True,0.2608183000873963,0.37982177734375,0.6866860081362528
/Users/berfinaktas/Projects/covid_project_folders/jun26_bds_int_covid/data/raw/COVID/images/COVID-203.png,/Users/berfinaktas/Projects/covid_project_folders/jun26_bds_int_covid/data/raw/COVID/masks/COVID-203.png,COVID,COVID,True,0.3650586288739523,0.40338134765625,0.904996304353281
/Users/berfinaktas/Projects/covid_project_folders/jun26_bds_int_covid/data/raw/Normal/images/Normal-2126.png,/Users/berfinaktas/Projects/covid_project_folders/jun26_bds_int_covid/data/raw/Normal/masks/Normal-2126.png,Normal,Normal,True,0.2568995348940716,0.38824462890625,0.6616950133162189
/Users/berfinaktas/Projects/covid_project_folders/jun26_bds_int_covid/data/raw/Lung_Opacity/images/Lung_Opacity-3759.png,/Users/berfinaktas/Projects/covid_project_folders/jun26_bds_int_covid/data/raw/Lung_Opacity/masks/Lung_Opacity-3759.png,Lung_Opacity,Lung_Opacity,True,0.07602775487142348,0.37127685546875,0.2047737523941151
/Users/berfinaktas/Projects/covid_project_folders/jun26_bds_int_covid/data/raw/Normal/images/Normal-2077.png,/Users/berfinaktas/Projects/covid_project_folders/jun26_bds_int_covid/data/raw/Normal/masks/Normal-2077.png,Normal,Normal,True,0.25915226081288556,0.310791015625,0.8338473372266922
/Users/berfinaktas/Projects/covid_project_folders/jun26_bds_int_covid/data/raw/Lung_Opacity/images/Lung_Opacity-2279.png,/Users/berfinaktas/Projects/covid_project_folders/jun26_bds_int_covid/data/raw/Lung_Opacity/masks/Lung_Opacity-2279.png,Lung_Opacity,Normal,False,0.20856250154486042,0.38397216796875,0.5431708830569056
/Users/berfinaktas/Projects/covid_project_folders/jun26_bds_int_covid/data/raw/Normal/images/Normal-8840.png,/Users/berfinaktas/Projects/covid_project_folders/jun26_bds_int_covid/data/raw/Normal/masks/Normal-8840.png,Normal,Normal,True,0.34406077738683727,0.34649658203125,0.9929701914225721
/Users/berfinaktas/Projects/covid_project_folders/jun26_bds_int_covid/data/raw/Normal/images/Normal-7313.png,/Users/berfinaktas/Projects/covid_project_folders/jun26_bds_int_covid/data/raw/Normal/masks/Normal-7313.png,Normal,Normal,True,0.23882142522728222,0.34490966796875,0.6924173121436545
/Users/berfinaktas/Projects/covid_project_folders/jun26_bds_int_covid/data/raw/Lung_Opacity/images/Lung_Opacity-4487.png,/Users/berfinaktas/Projects/covid_project_folders/jun26_bds_int_covid/data/raw/Lung_Opacity/masks/Lung_Opacity-4487.png,Lung_Opacity,Lung_Opacity,True,0.057034556531198974,0.33966064453125,0.1679162936580708
/Users/berfinaktas/Projects/covid_project_folders/jun26_bds_int_covid/data/raw/Normal/images/Normal-2481.png,/Users/berfinaktas/Projects/covid_project_folders/jun26_bds_int_covid/data/raw/Normal/masks/Normal-2481.png,Normal,Normal,True,0.16698956069322243,0.2496337890625,0.6689381326155883
/Users/berfinaktas/Projects/covid_project_folders/jun26_bds_int_covid/data/raw/COVID/images/COVID-786.png,/Users/berfinaktas/Projects/covid_project_folders/jun26_bds_int_covid/data/raw/COVID/masks/COVID-786.png,COVID,COVID,True,0.24571934959711525,0.2957763671875,0.8307605909614396
/Users/berfinaktas/Projects/covid_project_folders/jun26_bds_int_covid/data/raw/Lung_Opacity/images/Lung_Opacity-3299.png,/Users/berfinaktas/Projects/covid_project_folders/jun26_bds_int_covid/data/raw/Lung_Opacity/masks/Lung_Opacity-3299.png,Lung_Opacity,Normal,False,0.09529980115613837,0.4365234375,0.21831542815186955
/Users/berfinaktas/Projects/covid_project_folders/jun26_bds_int_covid/data/raw/Lung_Opacity/images/Lung_Opacity-1944.png,/Users/berfinaktas/Projects/covid_project_folders/jun26_bds_int_covid/data/raw/Lung_Opacity/masks/Lung_Opacity-1944.png,Lung_Opacity,COVID,False,0.22896839960450854,0.32135009765625,0.7125200872023301
/Users/berfinaktas/Projects/covid_project_folders/jun26_bds_int_covid/data/raw/Normal/images/Normal-3883.png,/Users/berfinaktas/Projects/covid_project_folders/jun26_bds_int_covid/data/raw/Normal/masks/Normal-3883.png,Normal,Normal,True,0.3243773515481059,0.4293212890625,0.7555585055109705
/Users/berfinaktas/Projects/covid_project_folders/jun26_bds_int_covid/data/raw/COVID/images/COVID-402.png,/Users/berfinaktas/Projects/covid_project_folders/jun26_bds_int_covid/data/raw/COVID/masks/COVID-402.png,COVID,COVID,True,0.3591807251830244,0.32012939453125,1.1219860822495085
/Users/berfinaktas/Projects/covid_project_folders/jun26_bds_int_covid/data/raw/Lung_Opacity/images/Lung_Opacity-3188.png,/Users/berfinaktas/Projects/covid_project_folders/jun26_bds_int_covid/data/raw/Lung_Opacity/masks/Lung_Opacity-3188.png,Lung_Opacity,Lung_Opacity,True,0.018966342687860096,0.426025390625,0.0445192777360888
/Users/berfinaktas/Projects/covid_project_folders/jun26_bds_int_covid/data/raw/COVID/images/COVID-1940.png,/Users/berfinaktas/Projects/covid_project_folders/jun26_bds_int_covid/data/raw/COVID/masks/COVID-1940.png,COVID,COVID,True,0.3227622465039579,0.30889892578125,1.0448797958349825
/Users/berfinaktas/Projects/covid_project_folders/jun26_bds_int_covid/data/raw/Viral Pneumonia/images/Viral Pneumonia-292.png,/Users/berfinaktas/Projects/covid_project_folders/jun26_bds_int_covid/data/raw/Viral Pneumonia/masks/Viral Pneumonia-292.png,Viral Pneumonia,Viral Pneumonia,True,0.13639095207622462,0.31329345703125,0.4353456767615165
/Users/berfinaktas/Projects/covid_project_folders/jun26_bds_int_covid/data/raw/Lung_Opacity/images/Lung_Opacity-3926.png,/Users/berfinaktas/Projects/covid_project_folders/jun26_bds_int_covid/data/raw/Lung_Opacity/masks/Lung_Opacity-3926.png,Lung_Opacity,Normal,False,0.10879819764992218,0.3919677734375,0.2775692417154041
/Users/berfinaktas/Projects/covid_project_folders/jun26_bds_int_covid/data/raw/Normal/images/Normal-3183.png,/Users/berfinaktas/Projects/covid_project_folders/jun26_bds_int_covid/data/raw/Normal/masks/Normal-3183.png,Normal,Normal,True,0.20441664463341602,0.36376953125,0.5619399841734711
/Users/berfinaktas/Projects/covid_project_folders/jun26_bds_int_covid/data/raw/COVID/images/COVID-3592.png,/Users/berfinaktas/Projects/covid_project_folders/jun26_bds_int_covid/data/raw/COVID/masks/COVID-3592.png,COVID,COVID,True,0.30950343000960145,0.28558349609375,1.0837581101255205
/Users/berfinaktas/Projects/covid_project_folders/jun26_bds_int_covid/data/raw/COVID/images/COVID-2089.png,/Users/berfinaktas/Projects/covid_project_folders/jun26_bds_int_covid/data/raw/COVID/masks/COVID-2089.png,COVID,COVID,True,0.22014928921906352,0.2318115234375,0.9496908779792356
/Users/berfinaktas/Projects/covid_project_folders/jun26_bds_int_covid/data/raw/Lung_Opacity/images/Lung_Opacity-4346.png,/Users/berfinaktas/Projects/covid_project_folders/jun26_bds_int_covid/data/raw/Lung_Opacity/masks/Lung_Opacity-4346.png,Lung_Opacity,COVID,False,0.3434740102318711,0.33184814453125,1.035033692043218
/Users/berfinaktas/Projects/covid_project_folders/jun26_bds_int_covid/data/raw/Normal/images/Normal-7749.png,/Users/berfinaktas/Projects/covid_project_folders/jun26_bds_int_covid/data/raw/Normal/masks/Normal-7749.png,Normal,COVID,False,0.3755129002153584,0.409423828125,0.9171740246166415
/Users/berfinaktas/Projects/covid_project_folders/jun26_bds_int_covid/data/raw/COVID/images/COVID-1590.png,/Users/berfinaktas/Projects/covid_project_folders/jun26_bds_int_covid/data/raw/COVID/masks/COVID-1590.png,COVID,COVID,True,0.26756189111556233,0.25323486328125,1.0565760482133943
/Users/berfinaktas/Projects/covid_project_folders/jun26_bds_int_covid/data/raw/Lung_Opacity/images/Lung_Opacity-2352.png,/Users/berfinaktas/Projects/covid_project_folders/jun26_bds_int_covid/data/raw/Lung_Opacity/masks/Lung_Opacity-2352.png,Lung_Opacity,Lung_Opacity,True,0.03389667638521447,0.30877685546875,0.10977725754009764
/Users/berfinaktas/Projects/covid_project_folders/jun26_bds_int_covid/data/raw/Normal/images/Normal-8624.png,/Users/berfinaktas/Projects/covid_project_folders/jun26_bds_int_covid/data/raw/Normal/masks/Normal-8624.png,Normal,Normal,True,0.24306371533555657,0.40863037109375,0.5948253789481343
/Users/berfinaktas/Projects/covid_project_folders/jun26_bds_int_covid/data/raw/Normal/images/Normal-10030.png,/Users/berfinaktas/Projects/covid_project_folders/jun26_bds_int_covid/data/raw/Normal/masks/Normal-10030.png,Normal,Normal,True,0.20148941429885786,0.38507080078125,0.5232529028170054
/Users/berfinaktas/Projects/covid_project_folders/jun26_bds_int_covid/data/raw/COVID/images/COVID-503.png,/Users/berfinaktas/Projects/covid_project_folders/jun26_bds_int_covid/data/raw/COVID/masks/COVID-503.png,COVID,COVID,True,0.4368025337730934,0.3880615234375,1.1256012446269836
/Users/berfinaktas/Projects/covid_project_folders/jun26_bds_int_covid/data/raw/Normal/images/Normal-4694.png,/Users/berfinaktas/Projects/covid_project_folders/jun26_bds_int_covid/data/raw/Normal/masks/Normal-4694.png,Normal,Normal,True,0.17172040436318722,0.410888671875,0.4179244065784996
/Users/berfinaktas/Projects/covid_project_folders/jun26_bds_int_covid/data/raw/Viral Pneumonia/images/Viral Pneumonia-168.png,/Users/berfinaktas/Projects/covid_project_folders/jun26_bds_int_covid/data/raw/Viral Pneumonia/masks/Viral Pneumonia-168.png,Viral Pneumonia,Viral Pneumonia,True,0.0921030265314915,0.21734619140625,0.42376186090759804
/Users/berfinaktas/Projects/covid_project_folders/jun26_bds_int_covid/data/raw/Normal/images/Normal-791.png,/Users/berfinaktas/Projects/covid_project_folders/jun26_bds_int_covid/data/raw/Normal/masks/Normal-791.png,Normal,Normal,True,0.2282496697520143,0.24310302734375,0.9389009764541808
/Users/berfinaktas/Projects/covid_project_folders/jun26_bds_int_covid/data/raw/Normal/images/Normal-2284.png,/Users/berfinaktas/Projects/covid_project_folders/jun26_bds_int_covid/data/raw/Normal/masks/Normal-2284.png,Normal,Normal,True,0.15960393865593367,0.45159912109375,0.3534195068169776
/Users/berfinaktas/Projects/covid_project_folders/jun26_bds_int_covid/data/raw/Normal/images/Normal-6252.png,/Users/berfinaktas/Projects/covid_project_folders/jun26_bds_int_covid/data/raw/Normal/masks/Normal-6252.png,Normal,Normal,True,0.2555571239364481,0.293212890625,0.8715753369223075
/Users/berfinaktas/Projects/covid_project_folders/jun26_bds_int_covid/data/raw/Normal/images/Normal-449.png,/Users/berfinaktas/Projects/covid_project_folders/jun26_bds_int_covid/data/raw/Normal/masks/Normal-449.png,Normal,Normal,True,0.20801821939537518,0.3568115234375,0.5829918759106786
/Users/berfinaktas/Projects/covid_project_folders/jun26_bds_int_covid/data/raw/Lung_Opacity/images/Lung_Opacity-1464.png,/Users/berfinaktas/Projects/covid_project_folders/jun26_bds_int_covid/data/raw/Lung_Opacity/masks/Lung_Opacity-1464.png,Lung_Opacity,Normal,False,0.19517627421184872,0.343505859375,0.5681890683523328
/Users/berfinaktas/Projects/covid_project_folders/jun26_bds_int_covid/data/raw/Normal/images/Normal-7527.png,/Users/berfinaktas/Projects/covid_project_folders/jun26_bds_int_covid/data/raw/Normal/masks/Normal-7527.png,Normal,Normal,True,0.2790241981896283,0.30902099609375,0.9029295799207723
/Users/berfinaktas/Projects/covid_project_folders/jun26_bds_int_covid/data/raw/Lung_Opacity/images/Lung_Opacity-3495.png,/Users/berfinaktas/Projects/covid_project_folders/jun26_bds_int_covid/data/raw/Lung_Opacity/masks/Lung_Opacity-3495.png,Lung_Opacity,COVID,False,0.3555993364969247,0.3671875,0.9684407462043907
/Users/berfinaktas/Projects/covid_project_folders/jun26_bds_int_covid/data/raw/Lung_Opacity/images/Lung_Opacity-863.png,/Users/berfinaktas/Projects/covid_project_folders/jun26_bds_int_covid/data/raw/Lung_Opacity/masks/Lung_Opacity-863.png,Lung_Opacity,Lung_Opacity,True,0.008798476943442027,0.25927734375,0.0339346154052152
/Users/berfinaktas/Projects/covid_project_folders/jun26_bds_int_covid/data/raw/Normal/images/Normal-9161.png,/Users/berfinaktas/Projects/covid_project_folders/jun26_bds_int_covid/data/raw/Normal/masks/Normal-9161.png,Normal,Normal,True,0.15251767831408486,0.30218505859375,0.5047161465356426
/Users/berfinaktas/Projects/covid_project_folders/jun26_bds_int_covid/data/raw/Normal/images/Normal-10038.png,/Users/berfinaktas/Projects/covid_project_folders/jun26_bds_int_covid/data/raw/Normal/masks/Normal-10038.png,Normal,Normal,True,0.1733719253145816,0.41937255859375,0.41340789177035436
/Users/berfinaktas/Projects/covid_project_folders/jun26_bds_int_covid/data/raw/COVID/images/COVID-2509.png,/Users/berfinaktas/Projects/covid_project_folders/jun26_bds_int_covid/data/raw/COVID/masks/COVID-2509.png,COVID,Normal,False,0.241955411580395,0.388916015625,0.6221276621677952
/Users/berfinaktas/Projects/covid_project_folders/jun26_bds_int_covid/data/raw/COVID/images/COVID-87.png,/Users/berfinaktas/Projects/covid_project_folders/jun26_bds_int_covid/data/raw/COVID/masks/COVID-87.png,COVID,COVID,True,0.4007933147110756,0.2724609375,1.4710120224521197
/Users/berfinaktas/Projects/covid_project_folders/jun26_bds_int_covid/data/raw/Normal/images/Normal-8351.png,/Users/berfinaktas/Projects/covid_project_folders/jun26_bds_int_covid/data/raw/Normal/masks/Normal-8351.png,Normal,Normal,True,0.11189421443417981,0.34295654296875,0.32626353608998077
/Users/berfinaktas/Projects/covid_project_folders/jun26_bds_int_covid/data/raw/Lung_Opacity/images/Lung_Opacity-113.png,/Users/berfinaktas/Projects/covid_project_folders/jun26_bds_int_covid/data/raw/Lung_Opacity/masks/Lung_Opacity-113.png,Lung_Opacity,Lung_Opacity,True,0.027890667022271578,0.330322265625,0.084434717016426
/Users/berfinaktas/Projects/covid_project_folders/jun26_bds_int_covid/data/raw/COVID/images/COVID-3558.png,/Users/berfinaktas/Projects/covid_project_folders/jun26_bds_int_covid/data/raw/COVID/masks/COVID-3558.png,COVID,Normal,False,0.13357697969665563,0.32965087890625,0.4052074125810046
/Users/berfinaktas/Projects/covid_project_folders/jun26_bds_int_covid/data/raw/COVID/images/COVID-1946.png,/Users/berfinaktas/Projects/covid_project_folders/jun26_bds_int_covid/data/raw/COVID/masks/COVID-1946.png,COVID,COVID,True,0.21283762402121822,0.310546875,0.6853639213765015
/Users/berfinaktas/Projects/covid_project_folders/jun26_bds_int_covid/data/raw/Lung_Opacity/images/Lung_Opacity-4853.png,/Users/berfinaktas/Projects/covid_project_folders/jun26_bds_int_covid/data/raw/Lung_Opacity/masks/Lung_Opacity-4853.png,Lung_Opacity,Normal,False,0.34185434281544963,0.4173583984375,0.8190906043709164
/Users/berfinaktas/Projects/covid_project_folders/jun26_bds_int_covid/data/raw/Normal/images/Normal-2678.png,/Users/berfinaktas/Projects/covid_project_folders/jun26_bds_int_covid/data/raw/Normal/masks/Normal-2678.png,Normal,Normal,True,0.1327716975545557,0.3836669921875,0.34605973476516716
/Users/berfinaktas/Projects/covid_project_folders/jun26_bds_int_covid/data/raw/Lung_Opacity/images/Lung_Opacity-852.png,/Users/berfinaktas/Projects/covid_project_folders/jun26_bds_int_covid/data/raw/Lung_Opacity/masks/Lung_Opacity-852.png,Lung_Opacity,Normal,False,0.1689501265334028,0.3538818359375,0.4774196055749002
/Users/berfinaktas/Projects/covid_project_folders/jun26_bds_int_covid/data/raw/Viral Pneumonia/images/Viral Pneumonia-1013.png,/Users/berfinaktas/Projects/covid_project_folders/jun26_bds_int_covid/data/raw/Viral Pneumonia/masks/Viral Pneumonia-1013.png,Viral Pneumonia,Viral Pneumonia,True,0.1265302506827813,0.3258056640625,0.3883611141226468
/Users/berfinaktas/Projects/covid_project_folders/jun26_bds_int_covid/data/raw/COVID/images/COVID-3584.png,/Users/berfinaktas/Projects/covid_project_folders/jun26_bds_int_covid/data/raw/COVID/masks/COVID-3584.png,COVID,Normal,False,0.09183176406591981,0.24664306640625,0.3723265583905049
/Users/berfinaktas/Projects/covid_project_folders/jun26_bds_int_covid/data/raw/Normal/images/Normal-7487.png,/Users/berfinaktas/Projects/covid_project_folders/jun26_bds_int_covid/data/raw/Normal/masks/Normal-7487.png,Normal,Normal,True,0.25716882261735474,0.33404541015625,0.7698618654783007
/Users/berfinaktas/Projects/covid_project_folders/jun26_bds_int_covid/data/raw/Normal/images/Normal-2442.png,/Users/berfinaktas/Projects/covid_project_folders/jun26_bds_int_covid/data/raw/Normal/masks/Normal-2442.png,Normal,Normal,True,0.1357621112717674,0.28125,0.4827097289662841
/Users/berfinaktas/Projects/covid_project_folders/jun26_bds_int_covid/data/raw/Normal/images/Normal-2944.png,/Users/berfinaktas/Projects/covid_project_folders/jun26_bds_int_covid/data/raw/Normal/masks/Normal-2944.png,Normal,Normal,True,0.3058927115956981,0.38189697265625,0.8009822897209393
/Users/berfinaktas/Projects/covid_project_folders/jun26_bds_int_covid/data/raw/Lung_Opacity/images/Lung_Opacity-4564.png,/Users/berfinaktas/Projects/covid_project_folders/jun26_bds_int_covid/data/raw/Lung_Opacity/masks/Lung_Opacity-4564.png,Lung_Opacity,Lung_Opacity,True,0.025464033418732573,0.31494140625,0.08085324099467335
/Users/berfinaktas/Projects/covid_project_folders/jun26_bds_int_covid/data/raw/Normal/images/Normal-1172.png,/Users/berfinaktas/Projects/covid_project_folders/jun26_bds_int_covid/data/raw/Normal/masks/Normal-1172.png,Normal,Normal,True,0.22634105287799142,0.2374267578125,0.9533089486768667
/Users/berfinaktas/Projects/covid_project_folders/jun26_bds_int_covid/data/raw/Normal/images/Normal-7485.png,/Users/berfinaktas/Projects/covid_project_folders/jun26_bds_int_covid/data/raw/Normal/masks/Normal-7485.png,Normal,Normal,True,0.20872554797788442,0.33026123046875,0.6320013635316316
/Users/berfinaktas/Projects/covid_project_folders/jun26_bds_int_covid/data/raw/COVID/images/COVID-1944.png,/Users/berfinaktas/Projects/covid_project_folders/jun26_bds_int_covid/data/raw/COVID/masks/COVID-1944.png,COVID,Normal,False,0.17695460310472416,0.35931396484375,0.49247905847932744
/Users/berfinaktas/Projects/covid_project_folders/jun26_bds_int_covid/data/raw/Normal/images/Normal-7767.png,/Users/berfinaktas/Projects/covid_project_folders/jun26_bds_int_covid/data/raw/Normal/masks/Normal-7767.png,Normal,Normal,True,0.3528917326772709,0.44329833984375,0.7960592245882427
/Users/berfinaktas/Projects/covid_project_folders/jun26_bds_int_covid/data/raw/Normal/images/Normal-2883.png,/Users/berfinaktas/Projects/covid_project_folders/jun26_bds_int_covid/data/raw/Normal/masks/Normal-2883.png,Normal,Normal,True,0.3610007959650002,0.46331787109375,0.7791644106297672
/Users/berfinaktas/Projects/covid_project_folders/jun26_bds_int_covid/data/raw/Lung_Opacity/images/Lung_Opacity-1942.png,/Users/berfinaktas/Projects/covid_project_folders/jun26_bds_int_covid/data/raw/Lung_Opacity/masks/Lung_Opacity-1942.png,Lung_Opacity,COVID,False,0.4956816197342519,0.41888427734375,1.1833378490056803
/Users/berfinaktas/Projects/covid_project_folders/jun26_bds_int_covid/data/raw/Normal/images/Normal-928.png,/Users/berfinaktas/Projects/covid_project_folders/jun26_bds_int_covid/data/raw/Normal/masks/Normal-928.png,Normal,Viral Pneumonia,False,0.11168226965723704,0.3035888671875,0.3678734029079557
/Users/berfinaktas/Projects/covid_project_folders/jun26_bds_int_covid/data/raw/Normal/images/Normal-4813.png,/Users/berfinaktas/Projects/covid_project_folders/jun26_bds_int_covid/data/raw/Normal/masks/Normal-4813.png,Normal,Normal,True,0.17460562845975586,0.32568359375,0.5361204304131634
/Users/berfinaktas/Projects/covid_project_folders/jun26_bds_int_covid/data/raw/Normal/images/Normal-7460.png,/Users/berfinaktas/Projects/covid_project_folders/jun26_bds_int_covid/data/raw/Normal/masks/Normal-7460.png,Normal,Normal,True,0.25010307448678176,0.40277099609375,0.6209560194561953
/Users/berfinaktas/Projects/covid_project_folders/jun26_bds_int_covid/data/raw/Lung_Opacity/images/Lung_Opacity-1097.png,/Users/berfinaktas/Projects/covid_project_folders/jun26_bds_int_covid/data/raw/Lung_Opacity/masks/Lung_Opacity-1097.png,Lung_Opacity,Lung_Opacity,True,0.0652276172846598,0.32916259765625,0.198162299572013
/Users/berfinaktas/Projects/covid_project_folders/jun26_bds_int_covid/data/raw/Normal/images/Normal-9593.png,/Users/berfinaktas/Projects/covid_project_folders/jun26_bds_int_covid/data/raw/Normal/masks/Normal-9593.png,Normal,Normal,True,0.24668086501631487,0.36590576171875,0.67416501958754
/Users/berfinaktas/Projects/covid_project_folders/jun26_bds_int_covid/data/raw/Normal/images/Normal-8341.png,/Users/berfinaktas/Projects/covid_project_folders/jun26_bds_int_covid/data/raw/Normal/masks/Normal-8341.png,Normal,Normal,True,0.37819238592626825,0.430419921875,0.8786591110345972
/Users/berfinaktas/Projects/covid_project_folders/jun26_bds_int_covid/data/raw/Normal/images/Normal-9166.png,/Users/berfinaktas/Projects/covid_project_folders/jun26_bds_int_covid/data/raw/Normal/masks/Normal-9166.png,Normal,Normal,True,0.22295960001406798,0.34210205078125,0.6517341813792131
/Users/berfinaktas/Projects/covid_project_folders/jun26_bds_int_covid/data/raw/Normal/images/Normal-728.png,/Users/berfinaktas/Projects/covid_project_folders/jun26_bds_int_covid/data/raw/Normal/masks/Normal-728.png,Normal,Normal,True,0.1773506867712297,0.26318359375,0.6738668024257485
/Users/berfinaktas/Projects/covid_project_folders/jun26_bds_int_covid/data/raw/Normal/images/Normal-3206.png,/Users/berfinaktas/Projects/covid_project_folders/jun26_bds_int_covid/data/raw/Normal/masks/Normal-3206.png,Normal,Normal,True,0.24410690612180877,0.328369140625,0.7433917378995752
/Users/berfinaktas/Projects/covid_project_folders/jun26_bds_int_covid/data/raw/Lung_Opacity/images/Lung_Opacity-5088.png,/Users/berfinaktas/Projects/covid_project_folders/jun26_bds_int_covid/data/raw/Lung_Opacity/masks/Lung_Opacity-5088.png,Lung_Opacity,Normal,False,0.2472744029591774,0.3414306640625,0.7242302141728929
/Users/berfinaktas/Projects/covid_project_folders/jun26_bds_int_covid/data/raw/Normal/images/Normal-3739.png,/Users/berfinaktas/Projects/covid_project_folders/jun26_bds_int_covid/data/raw/Normal/masks/Normal-3739.png,Normal,Normal,True,0.26055478094128887,0.3389892578125,0.7686225298779397
/Users/berfinaktas/Projects/covid_project_folders/jun26_bds_int_covid/data/raw/Lung_Opacity/images/Lung_Opacity-1247.png,/Users/berfinaktas/Projects/covid_project_folders/jun26_bds_int_covid/data/raw/Lung_Opacity/masks/Lung_Opacity-1247.png,Lung_Opacity,Lung_Opacity,True,0.011228223216092495,0.27490234375,0.0408444070098711
/Users/berfinaktas/Projects/covid_project_folders/jun26_bds_int_covid/data/raw/Normal/images/Normal-170.png,/Users/berfinaktas/Projects/covid_project_folders/jun26_bds_int_covid/data/raw/Normal/masks/Normal-170.png,Normal,Viral Pneumonia,False,0.09257882467850857,0.24884033203125,0.3720410751858436
/Users/berfinaktas/Projects/covid_project_folders/jun26_bds_int_covid/data/raw/Lung_Opacity/images/Lung_Opacity-5559.png,/Users/berfinaktas/Projects/covid_project_folders/jun26_bds_int_covid/data/raw/Lung_Opacity/masks/Lung_Opacity-5559.png,Lung_Opacity,Lung_Opacity,True,0.009984475280353023,0.29901123046875,0.033391639721025504
/Users/berfinaktas/Projects/covid_project_folders/jun26_bds_int_covid/data/raw/Normal/images/Normal-2402.png,/Users/berfinaktas/Projects/covid_project_folders/jun26_bds_int_covid/data/raw/Normal/masks/Normal-2402.png,Normal,Normal,True,0.3208769519031509,0.4371337890625,0.7340474699778309
/Users/berfinaktas/Projects/covid_project_folders/jun26_bds_int_covid/data/raw/Lung_Opacity/images/Lung_Opacity-192.png,/Users/berfinaktas/Projects/covid_project_folders/jun26_bds_int_covid/data/raw/Lung_Opacity/masks/Lung_Opacity-192.png,Lung_Opacity,Lung_Opacity,True,0.007993654368115232,0.2806396484375,0.028483695773640707
/Users/berfinaktas/Projects/covid_project_folders/jun26_bds_int_covid/data/raw/Normal/images/Normal-4293.png,/Users/berfinaktas/Projects/covid_project_folders/jun26_bds_int_covid/data/raw/Normal/masks/Normal-4293.png,Normal,Normal,True,0.23415487648990602,0.41064453125,0.5702130642703062
/Users/berfinaktas/Projects/covid_project_folders/jun26_bds_int_covid/data/raw/Lung_Opacity/images/Lung_Opacity-3800.png,/Users/berfinaktas/Projects/covid_project_folders/jun26_bds_int_covid/data/raw/Lung_Opacity/masks/Lung_Opacity-3800.png,Lung_Opacity,COVID,False,0.3736117602942248,0.33319091796875,1.1213143580620222
/Users/berfinaktas/Projects/covid_project_folders/jun26_bds_int_covid/data/raw/Normal/images/Normal-2397.png,/Users/berfinaktas/Projects/covid_project_folders/jun26_bds_int_covid/data/raw/Normal/masks/Normal-2397.png,Normal,Normal,True,0.2430593631287632,0.32037353515625,0.7586749105547068
/Users/berfinaktas/Projects/covid_project_folders/jun26_bds_int_covid/data/raw/Lung_Opacity/images/Lung_Opacity-5660.png,/Users/berfinaktas/Projects/covid_project_folders/jun26_bds_int_covid/data/raw/Lung_Opacity/masks/Lung_Opacity-5660.png,Lung_Opacity,COVID,False,0.4351921170465772,0.41455078125,1.0497920561971614
/Users/berfinaktas/Projects/covid_project_folders/jun26_bds_int_covid/data/raw/Normal/images/Normal-2722.png,/Users/berfinaktas/Projects/covid_project_folders/jun26_bds_int_covid/data/raw/Normal/masks/Normal-2722.png,Normal,Normal,True,0.17285608337670044,0.40216064453125,0.42981849598480193
/Users/berfinaktas/Projects/covid_project_folders/jun26_bds_int_covid/data/raw/Normal/images/Normal-3161.png,/Users/berfinaktas/Projects/covid_project_folders/jun26_bds_int_covid/data/raw/Normal/masks/Normal-3161.png,Normal,Normal,True,0.15232823504440654,0.34466552734375,0.44195958968789745
/Users/berfinaktas/Projects/covid_project_folders/jun26_bds_int_covid/data/raw/Normal/images/Normal-5999.png,/Users/berfinaktas/Projects/covid_project_folders/jun26_bds_int_covid/data/raw/Normal/masks/Normal-5999.png,Normal,Normal,True,0.26273132540670663,0.43072509765625,0.6099744984360892
/Users/berfinaktas/Projects/covid_project_folders/jun26_bds_int_covid/data/raw/Lung_Opacity/images/Lung_Opacity-3859.png,/Users/berfinaktas/Projects/covid_project_folders/jun26_bds_int_covid/data/raw/Lung_Opacity/masks/Lung_Opacity-3859.png,Lung_Opacity,Lung_Opacity,True,0.03395480432360642,0.2769775390625,0.12259046144512287
/Users/berfinaktas/Projects/covid_project_folders/jun26_bds_int_covid/data/raw/Normal/images/Normal-1209.png,/Users/berfinaktas/Projects/covid_project_folders/jun26_bds_int_covid/data/raw/Normal/masks/Normal-1209.png,Normal,Normal,True,0.22700345058759014,0.281005859375,0.8078246165132661
/Users/berfinaktas/Projects/covid_project_folders/jun26_bds_int_covid/data/raw/Normal/images/Normal-4446.png,/Users/berfinaktas/Projects/covid_project_folders/jun26_bds_int_covid/data/raw/Normal/masks/Normal-4446.png,Normal,Normal,True,0.24844683636913234,0.3463134765625,0.7174044707564089
/Users/berfinaktas/Projects/covid_project_folders/jun26_bds_int_covid/data/raw/Lung_Opacity/images/Lung_Opacity-5283.png,/Users/berfinaktas/Projects/covid_project_folders/jun26_bds_int_covid/data/raw/Lung_Opacity/masks/Lung_Opacity-5283.png,Lung_Opacity,Lung_Opacity,True,0.0272421066222603,0.3201904296875,0.08508095213479085
/Users/berfinaktas/Projects/covid_project_folders/jun26_bds_int_covid/data/raw/Lung_Opacity/images/Lung_Opacity-5682.png,/Users/berfinaktas/Projects/covid_project_folders/jun26_bds_int_covid/data/raw/Lung_Opacity/masks/Lung_Opacity-5682.png,Lung_Opacity,Lung_Opacity,True,0.017127826832130235,0.25592041015625,0.0669263808293875
/Users/berfinaktas/Projects/covid_project_folders/jun26_bds_int_covid/data/raw/COVID/images/COVID-1785.png,/Users/berfinaktas/Projects/covid_project_folders/jun26_bds_int_covid/data/raw/COVID/masks/COVID-1785.png,COVID,COVID,True,0.32138607657774215,0.333251953125,0.964393677408375
/Users/berfinaktas/Projects/covid_project_folders/jun26_bds_int_covid/data/raw/Normal/images/Normal-2092.png,/Users/berfinaktas/Projects/covid_project_folders/jun26_bds_int_covid/data/raw/Normal/masks/Normal-2092.png,Normal,Normal,True,0.22450209906812837,0.42303466796875,0.5306943285430984
/Users/berfinaktas/Projects/covid_project_folders/jun26_bds_int_covid/data/raw/Normal/images/Normal-5986.png,/Users/berfinaktas/Projects/covid_project_folders/jun26_bds_int_covid/data/raw/Normal/masks/Normal-5986.png,Normal,COVID,False,0.3531336887642935,0.37481689453125,0.9421498708213947
/Users/berfinaktas/Projects/covid_project_folders/jun26_bds_int_covid/data/raw/COVID/images/COVID-771.png,/Users/berfinaktas/Projects/covid_project_folders/jun26_bds_int_covid/data/raw/COVID/masks/COVID-771.png,COVID,COVID,True,0.4093229473284682,0.3837890625,1.066531038331683
/Users/berfinaktas/Projects/covid_project_folders/jun26_bds_int_covid/data/raw/Normal/images/Normal-8194.png,/Users/berfinaktas/Projects/covid_project_folders/jun26_bds_int_covid/data/raw/Normal/masks/Normal-8194.png,Normal,Normal,True,0.19244452929306408,0.39764404296875,0.48396180628358587
/Users/berfinaktas/Projects/covid_project_folders/jun26_bds_int_covid/data/raw/Normal/images/Normal-9047.png,/Users/berfinaktas/Projects/covid_project_folders/jun26_bds_int_covid/data/raw/Normal/masks/Normal-9047.png,Normal,COVID,False,0.2502063232969999,0.4217529296875,0.5932533141675899
/Users/berfinaktas/Projects/covid_project_folders/jun26_bds_int_covid/data/raw/Normal/images/Normal-6117.png,/Users/berfinaktas/Projects/covid_project_folders/jun26_bds_int_covid/data/raw/Normal/masks/Normal-6117.png,Normal,Normal,True,0.20563073272427004,0.27734375,0.7414291208086357
/Users/berfinaktas/Projects/covid_project_folders/jun26_bds_int_covid/data/raw/Viral Pneumonia/images/Viral Pneumonia-82.png,/Users/berfinaktas/Projects/covid_project_folders/jun26_bds_int_covid/data/raw/Viral Pneumonia/masks/Viral Pneumonia-82.png,Viral Pneumonia,Viral Pneumonia,True,0.17964333637389082,0.295654296875,0.6076128041184614
/Users/berfinaktas/Projects/covid_project_folders/jun26_bds_int_covid/data/raw/Normal/images/Normal-2480.png,/Users/berfinaktas/Projects/covid_project_folders/jun26_bds_int_covid/data/raw/Normal/masks/Normal-2480.png,Normal,Lung_Opacity,False,0.016847845072719494,0.30230712890625,0.05573088909174968
/Users/berfinaktas/Projects/covid_project_folders/jun26_bds_int_covid/data/raw/Normal/images/Normal-8697.png,/Users/berfinaktas/Projects/covid_project_folders/jun26_bds_int_covid/data/raw/Normal/masks/Normal-8697.png,Normal,Normal,True,0.22550819102481579,0.3946533203125,0.5714083207161432
/Users/berfinaktas/Projects/covid_project_folders/jun26_bds_int_covid/data/raw/Normal/images/Normal-577.png,/Users/berfinaktas/Projects/covid_project_folders/jun26_bds_int_covid/data/raw/Normal/masks/Normal-577.png,Normal,Normal,True,0.21639298130250512,0.2886962890625,0.7495523479197133
/Users/berfinaktas/Projects/covid_project_folders/jun26_bds_int_covid/data/raw/Viral Pneumonia/images/Viral Pneumonia-365.png,/Users/berfinaktas/Projects/covid_project_folders/jun26_bds_int_covid/data/raw/Viral Pneumonia/masks/Viral Pneumonia-365.png,Viral Pneumonia,Viral Pneumonia,True,0.10517623517258891,0.24542236328125,0.4285519614692108
/Users/berfinaktas/Projects/covid_project_folders/jun26_bds_int_covid/data/raw/Normal/images/Normal-2515.png,/Users/berfinaktas/Projects/covid_project_folders/jun26_bds_int_covid/data/raw/Normal/masks/Normal-2515.png,Normal,Normal,True,0.34943421778985834,0.4293212890625,0.8139224089094454
/Users/berfinaktas/Projects/covid_project_folders/jun26_bds_int_covid/data/raw/Lung_Opacity/images/Lung_Opacity-3014.png,/Users/berfinaktas/Projects/covid_project_folders/jun26_bds_int_covid/data/raw/Lung_Opacity/masks/Lung_Opacity-3014.png,Lung_Opacity,Lung_Opacity,True,0.08626937025234498,0.35211181640625,0.24500560967488647
/Users/berfinaktas/Projects/covid_project_folders/jun26_bds_int_covid/data/raw/COVID/images/COVID-1402.png,/Users/berfinaktas/Projects/covid_project_folders/jun26_bds_int_covid/data/raw/COVID/masks/COVID-1402.png,COVID,COVID,True,0.3764178272096645,0.38238525390625,0.9843942028736062
/Users/berfinaktas/Projects/covid_project_folders/jun26_bds_int_covid/data/raw/Normal/images/Normal-7287.png,/Users/berfinaktas/Projects/covid_project_folders/jun26_bds_int_covid/data/raw/Normal/masks/Normal-7287.png,Normal,Normal,True,0.22834836560348262,0.42803955078125,0.5334749211532096
/Users/berfinaktas/Projects/covid_project_folders/jun26_bds_int_covid/data/raw/Normal/images/Normal-7188.png,/Users/berfinaktas/Projects/covid_project_folders/jun26_bds_int_covid/data/raw/Normal/masks/Normal-7188.png,Normal,Normal,True,0.3684466912878976,0.34002685546875,1.0835811506122623
/Users/berfinaktas/Projects/covid_project_folders/jun26_bds_int_covid/data/raw/Lung_Opacity/images/Lung_Opacity-4463.png,/Users/berfinaktas/Projects/covid_project_folders/jun26_bds_int_covid/data/raw/Lung_Opacity/masks/Lung_Opacity-4463.png,Lung_Opacity,Lung_Opacity,True,0.03820986912351414,0.33245849609375,0.11493124577192136
/Users/berfinaktas/Projects/covid_project_folders/jun26_bds_int_covid/data/raw/Lung_Opacity/images/Lung_Opacity-547.png,/Users/berfinaktas/Projects/covid_project_folders/jun26_bds_int_covid/data/raw/Lung_Opacity/masks/Lung_Opacity-547.png,Lung_Opacity,COVID,False,0.33166649605366966,0.33441162109375,0.9917911792924482
/Users/berfinaktas/Projects/covid_project_folders/jun26_bds_int_covid/data/raw/Lung_Opacity/images/Lung_Opacity-4411.png,/Users/berfinaktas/Projects/covid_project_folders/jun26_bds_int_covid/data/raw/Lung_Opacity/masks/Lung_Opacity-4411.png,Lung_Opacity,Lung_Opacity,True,0.11026060848744665,0.308349609375,0.35758309767583646
/Users/berfinaktas/Projects/covid_project_folders/jun26_bds_int_covid/data/raw/Normal/images/Normal-3619.png,/Users/berfinaktas/Projects/covid_project_folders/jun26_bds_int_covid/data/raw/Normal/masks/Normal-3619.png,Normal,Normal,True,0.22104488824224636,0.34808349609375,0.6350340959075862
/Users/berfinaktas/Projects/covid_project_folders/jun26_bds_int_covid/data/raw/Lung_Opacity/images/Lung_Opacity-2427.png,/Users/berfinaktas/Projects/covid_project_folders/jun26_bds_int_covid/data/raw/Lung_Opacity/masks/Lung_Opacity-2427.png,Lung_Opacity,Lung_Opacity,True,0.022769416925957253,0.3876953125,0.05873018370826254
/Users/berfinaktas/Projects/covid_project_folders/jun26_bds_int_covid/data/raw/Normal/images/Normal-10067.png,/Users/berfinaktas/Projects/covid_project_folders/jun26_bds_int_covid/data/raw/Normal/masks/Normal-10067.png,Normal,Normal,True,0.18118963767355642,0.43609619140625,0.41548089904038465
/Users/berfinaktas/Projects/covid_project_folders/jun26_bds_int_covid/data/raw/Lung_Opacity/images/Lung_Opacity-4720.png,/Users/berfinaktas/Projects/covid_project_folders/jun26_bds_int_covid/data/raw/Lung_Opacity/masks/Lung_Opacity-4720.png,Lung_Opacity,Lung_Opacity,True,0.06499177145857633,0.25970458984375,0.25025268709220083
/Users/berfinaktas/Projects/covid_project_folders/jun26_bds_int_covid/data/raw/Lung_Opacity/images/Lung_Opacity-3993.png,/Users/berfinaktas/Projects/covid_project_folders/jun26_bds_int_covid/data/raw/Lung_Opacity/masks/Lung_Opacity-3993.png,Lung_Opacity,COVID,False,0.3598180105003325,0.3492431640625,1.030279322621015
/Users/berfinaktas/Projects/covid_project_folders/jun26_bds_int_covid/data/raw/Normal/images/Normal-6022.png,/Users/berfinaktas/Projects/covid_project_folders/jun26_bds_int_covid/data/raw/Normal/masks/Normal-6022.png,Normal,Normal,True,0.28672356914638203,0.28936767578125,0.9908624671787225
/Users/berfinaktas/Projects/covid_project_folders/jun26_bds_int_covid/data/raw/Lung_Opacity/images/Lung_Opacity-3179.png,/Users/berfinaktas/Projects/covid_project_folders/jun26_bds_int_covid/data/raw/Lung_Opacity/masks/Lung_Opacity-3179.png,Lung_Opacity,Lung_Opacity,True,0.04335234911527385,0.3880615234375,0.11171514437002937
/Users/berfinaktas/Projects/covid_project_folders/jun26_bds_int_covid/data/raw/Normal/images/Normal-4981.png,/Users/berfinaktas/Projects/covid_project_folders/jun26_bds_int_covid/data/raw/Normal/masks/Normal-4981.png,Normal,Normal,True,0.11940699473465666,0.32574462890625,0.36656627351182586
/Users/berfinaktas/Projects/covid_project_folders/jun26_bds_int_covid/data/raw/Normal/images/Normal-4005.png,/Users/berfinaktas/Projects/covid_project_folders/jun26_bds_int_covid/data/raw/Normal/masks/Normal-4005.png,Normal,Normal,True,0.28009594220126965,0.4129638671875,0.6782577471217266
/Users/berfinaktas/Projects/covid_project_folders/jun26_bds_int_covid/data/raw/Lung_Opacity/images/Lung_Opacity-1335.png,/Users/berfinaktas/Projects/covid_project_folders/jun26_bds_int_covid/data/raw/Lung_Opacity/masks/Lung_Opacity-1335.png,Lung_Opacity,Lung_Opacity,True,0.045942381713335215,0.27923583984375,0.16452895781230253
/Users/berfinaktas/Projects/covid_project_folders/jun26_bds_int_covid/data/raw/Normal/images/Normal-2400.png,/Users/berfinaktas/Projects/covid_project_folders/jun26_bds_int_covid/data/raw/Normal/masks/Normal-2400.png,Normal,Normal,True,0.20422424320638566,0.2681884765625,0.7614952209133871
/Users/berfinaktas/Projects/covid_project_folders/jun26_bds_int_covid/data/raw/Normal/images/Normal-7475.png,/Users/berfinaktas/Projects/covid_project_folders/jun26_bds_int_covid/data/raw/Normal/masks/Normal-7475.png,Normal,Normal,True,0.19282370917177907,0.3919677734375,0.49193765977428033
/Users/berfinaktas/Projects/covid_project_folders/jun26_bds_int_covid/data/raw/Viral Pneumonia/images/Viral Pneumonia-929.png,/Users/berfinaktas/Projects/covid_project_folders/jun26_bds_int_covid/data/raw/Viral Pneumonia/masks/Viral Pneumonia-929.png,Viral Pneumonia,Lung_Opacity,False,0.12145621165930191,0.21697998046875,0.5597576854644171
/Users/berfinaktas/Projects/covid_project_folders/jun26_bds_int_covid/data/raw/Viral Pneumonia/images/Viral Pneumonia-266.png,/Users/berfinaktas/Projects/covid_project_folders/jun26_bds_int_covid/data/raw/Viral Pneumonia/masks/Viral Pneumonia-266.png,Viral Pneumonia,Viral Pneumonia,True,0.12061378265202692,0.2650146484375,0.45512119184035216
/Users/berfinaktas/Projects/covid_project_folders/jun26_bds_int_covid/data/raw/Normal/images/Normal-8772.png,/Users/berfinaktas/Projects/covid_project_folders/jun26_bds_int_covid/data/raw/Normal/masks/Normal-8772.png,Normal,Lung_Opacity,False,0.04227302576146633,0.32763671875,0.12902407862814166
/Users/berfinaktas/Projects/covid_project_folders/jun26_bds_int_covid/data/raw/Normal/images/Normal-3154.png,/Users/berfinaktas/Projects/covid_project_folders/jun26_bds_int_covid/data/raw/Normal/masks/Normal-3154.png,Normal,Normal,True,0.1055094190095977,0.23095703125,0.45683570852358585
/Users/berfinaktas/Projects/covid_project_folders/jun26_bds_int_covid/data/raw/Normal/images/Normal-9471.png,/Users/berfinaktas/Projects/covid_project_folders/jun26_bds_int_covid/data/raw/Normal/masks/Normal-9471.png,Normal,Normal,True,0.22218163837993726,0.31585693359375,0.703424920428385
/Users/berfinaktas/Projects/covid_project_folders/jun26_bds_int_covid/data/raw/Lung_Opacity/images/Lung_Opacity-4438.png,/Users/berfinaktas/Projects/covid_project_folders/jun26_bds_int_covid/data/raw/Lung_Opacity/masks/Lung_Opacity-4438.png,Lung_Opacity,Lung_Opacity,True,0.03984958141190989,0.31304931640625,0.12729489995179014
/Users/berfinaktas/Projects/covid_project_folders/jun26_bds_int_covid/data/raw/Lung_Opacity/images/Lung_Opacity-3061.png,/Users/berfinaktas/Projects/covid_project_folders/jun26_bds_int_covid/data/raw/Lung_Opacity/masks/Lung_Opacity-3061.png,Lung_Opacity,Normal,False,0.20679731669269863,0.31829833984375,0.649696497927742
/Users/berfinaktas/Projects/covid_project_folders/jun26_bds_int_covid/data/raw/Normal/images/Normal-5890.png,/Users/berfinaktas/Projects/covid_project_folders/jun26_bds_int_covid/data/raw/Normal/masks/Normal-5890.png,Normal,Normal,True,0.24896238660751274,0.4105224609375,0.6064525337760167
/Users/berfinaktas/Projects/covid_project_folders/jun26_bds_int_covid/data/raw/Normal/images/Normal-1940.png,/Users/berfinaktas/Projects/covid_project_folders/jun26_bds_int_covid/data/raw/Normal/masks/Normal-1940.png,Normal,Normal,True,0.13819606266436948,0.2132568359375,0.6480264140506667
/Users/berfinaktas/Projects/covid_project_folders/jun26_bds_int_covid/data/raw/COVID/images/COVID-514.png,/Users/berfinaktas/Projects/covid_project_folders/jun26_bds_int_covid/data/raw/COVID/masks/COVID-514.png,COVID,Normal,False,0.06943286171322453,0.28466796875,0.24390823462896027
/Users/berfinaktas/Projects/covid_project_folders/jun26_bds_int_covid/data/raw/Lung_Opacity/images/Lung_Opacity-1831.png,/Users/berfinaktas/Projects/covid_project_folders/jun26_bds_int_covid/data/raw/Lung_Opacity/masks/Lung_Opacity-1831.png,Lung_Opacity,Lung_Opacity,True,0.044526673656059834,0.3385009765625,0.13154075390928316
/Users/berfinaktas/Projects/covid_project_folders/jun26_bds_int_covid/data/raw/COVID/images/COVID-1100.png,/Users/berfinaktas/Projects/covid_project_folders/jun26_bds_int_covid/data/raw/COVID/masks/COVID-1100.png,COVID,COVID,True,0.3082688146365498,0.33270263671875,0.926559577876579
/Users/berfinaktas/Projects/covid_project_folders/jun26_bds_int_covid/data/raw/Normal/images/Normal-5992.png,/Users/berfinaktas/Projects/covid_project_folders/jun26_bds_int_covid/data/raw/Normal/masks/Normal-5992.png,Normal,Normal,True,0.33639229754802163,0.392578125,0.8568798823113785
/Users/berfinaktas/Projects/covid_project_folders/jun26_bds_int_covid/data/raw/COVID/images/COVID-573.png,/Users/berfinaktas/Projects/covid_project_folders/jun26_bds_int_covid/data/raw/COVID/masks/COVID-573.png,COVID,COVID,True,0.3917909469568735,0.42681884765625,0.9179326290492514
/Users/berfinaktas/Projects/covid_project_folders/jun26_bds_int_covid/data/raw/Viral Pneumonia/images/Viral Pneumonia-432.png,/Users/berfinaktas/Projects/covid_project_folders/jun26_bds_int_covid/data/raw/Viral Pneumonia/masks/Viral Pneumonia-432.png,Viral Pneumonia,Viral Pneumonia,True,0.0993001153505384,0.27001953125,0.3677516026001856
/Users/berfinaktas/Projects/covid_project_folders/jun26_bds_int_covid/data/raw/Lung_Opacity/images/Lung_Opacity-5172.png,/Users/berfinaktas/Projects/covid_project_folders/jun26_bds_int_covid/data/raw/Lung_Opacity/masks/Lung_Opacity-5172.png,Lung_Opacity,Lung_Opacity,True,0.041984400243621905,0.34942626953125,0.12015238665353735
/Users/berfinaktas/Projects/covid_project_folders/jun26_bds_int_covid/data/raw/COVID/images/COVID-1542.png,/Users/berfinaktas/Projects/covid_project_folders/jun26_bds_int_covid/data/raw/COVID/masks/COVID-1542.png,COVID,COVID,True,0.4012830846050838,0.34967041015625,1.1476037804450503
/Users/berfinaktas/Projects/covid_project_folders/jun26_bds_int_covid/data/raw/Normal/images/Normal-10186.png,/Users/berfinaktas/Projects/covid_project_folders/jun26_bds_int_covid/data/raw/Normal/masks/Normal-10186.png,Normal,Normal,True,0.16692074627582354,0.22900390625,0.7288991223302487
/Users/berfinaktas/Projects/covid_project_folders/jun26_bds_int_covid/data/raw/Lung_Opacity/images/Lung_Opacity-971.png,/Users/berfinaktas/Projects/covid_project_folders/jun26_bds_int_covid/data/raw/Lung_Opacity/masks/Lung_Opacity-971.png,Lung_Opacity,COVID,False,0.4061606686017808,0.34246826171875,1.1859804659368343
/Users/berfinaktas/Projects/covid_project_folders/jun26_bds_int_covid/data/raw/Lung_Opacity/images/Lung_Opacity-2608.png,/Users/berfinaktas/Projects/covid_project_folders/jun26_bds_int_covid/data/raw/Lung_Opacity/masks/Lung_Opacity-2608.png,Lung_Opacity,COVID,False,0.2616375891697059,0.39251708984375,0.6665635610257288
/Users/berfinaktas/Projects/covid_project_folders/jun26_bds_int_covid/data/raw/Normal/images/Normal-8523.png,/Users/berfinaktas/Projects/covid_project_folders/jun26_bds_int_covid/data/raw/Normal/masks/Normal-8523.png,Normal,Normal,True,0.3413296313506103,0.39776611328125,0.858116415536044
/Users/berfinaktas/Projects/covid_project_folders/jun26_bds_int_covid/data/raw/Lung_Opacity/images/Lung_Opacity-5569.png,/Users/berfinaktas/Projects/covid_project_folders/jun26_bds_int_covid/data/raw/Lung_Opacity/masks/Lung_Opacity-5569.png,Lung_Opacity,Lung_Opacity,True,0.0583080637431843,0.3359375,0.17356818974715327
/Users/berfinaktas/Projects/covid_project_folders/jun26_bds_int_covid/data/raw/COVID/images/COVID-1495.png,/Users/berfinaktas/Projects/covid_project_folders/jun26_bds_int_covid/data/raw/COVID/masks/COVID-1495.png,COVID,COVID,True,0.32083539743632744,0.3619384765625,0.88643628188816
/Users/berfinaktas/Projects/covid_project_folders/jun26_bds_int_covid/data/raw/Normal/images/Normal-4912.png,/Users/berfinaktas/Projects/covid_project_folders/jun26_bds_int_covid/data/raw/Normal/masks/Normal-4912.png,Normal,Normal,True,0.12963909225946296,0.35870361328125,0.36141005403761123
/Users/berfinaktas/Projects/covid_project_folders/jun26_bds_int_covid/data/raw/Viral Pneumonia/images/Viral Pneumonia-352.png,/Users/berfinaktas/Projects/covid_project_folders/jun26_bds_int_covid/data/raw/Viral Pneumonia/masks/Viral Pneumonia-352.png,Viral Pneumonia,Viral Pneumonia,True,0.0916285048558989,0.27392578125,0.3345012084578983
/Users/berfinaktas/Projects/covid_project_folders/jun26_bds_int_covid/data/raw/COVID/images/COVID-2902.png,/Users/berfinaktas/Projects/covid_project_folders/jun26_bds_int_covid/data/raw/COVID/masks/COVID-2902.png,COVID,COVID,True,0.256509791551483,0.35205078125,0.7286158850172499
/Users/berfinaktas/Projects/covid_project_folders/jun26_bds_int_covid/data/raw/Viral Pneumonia/images/Viral Pneumonia-669.png,/Users/berfinaktas/Projects/covid_project_folders/jun26_bds_int_covid/data/raw/Viral Pneumonia/masks/Viral Pneumonia-669.png,Viral Pneumonia,Viral Pneumonia,True,0.2429171898297707,0.2530517578125,0.959950612197531
/Users/berfinaktas/Projects/covid_project_folders/jun26_bds_int_covid/data/raw/Lung_Opacity/images/Lung_Opacity-1721.png,/Users/berfinaktas/Projects/covid_project_folders/jun26_bds_int_covid/data/raw/Lung_Opacity/masks/Lung_Opacity-1721.png,Lung_Opacity,COVID,False,0.33801330290960957,0.339111328125,0.9967620509127147
/Users/berfinaktas/Projects/covid_project_folders/jun26_bds_int_covid/data/raw/Normal/images/Normal-7506.png,/Users/berfinaktas/Projects/covid_project_folders/jun26_bds_int_covid/data/raw/Normal/masks/Normal-7506.png,Normal,Normal,True,0.15096825103742278,0.3251953125,0.46423870589285565
/Users/berfinaktas/Projects/covid_project_folders/jun26_bds_int_covid/data/raw/Normal/images/Normal-6984.png,/Users/berfinaktas/Projects/covid_project_folders/jun26_bds_int_covid/data/raw/Normal/masks/Normal-6984.png,Normal,Normal,True,0.15742098049965975,0.3660888671875,0.4300075599377168
/Users/berfinaktas/Projects/covid_project_folders/jun26_bds_int_covid/data/raw/Normal/images/Normal-2136.png,/Users/berfinaktas/Projects/covid_project_folders/jun26_bds_int_covid/data/raw/Normal/masks/Normal-2136.png,Normal,Normal,True,0.17709186740715802,0.33648681640625,0.5262965999635184
/Users/berfinaktas/Projects/covid_project_folders/jun26_bds_int_covid/data/raw/COVID/images/COVID-1897.png,/Users/berfinaktas/Projects/covid_project_folders/jun26_bds_int_covid/data/raw/COVID/masks/COVID-1897.png,COVID,Lung_Opacity,False,0.024618992689458125,0.371826171875,0.06621102695733452
/Users/berfinaktas/Projects/covid_project_folders/jun26_bds_int_covid/data/raw/COVID/images/COVID-921.png,/Users/berfinaktas/Projects/covid_project_folders/jun26_bds_int_covid/data/raw/COVID/masks/COVID-921.png,COVID,COVID,True,0.40384899966056104,0.33056640625,1.2216879635226425
/Users/berfinaktas/Projects/covid_project_folders/jun26_bds_int_covid/data/raw/Normal/images/Normal-6746.png,/Users/berfinaktas/Projects/covid_project_folders/jun26_bds_int_covid/data/raw/Normal/masks/Normal-6746.png,Normal,Normal,True,0.27717881091522883,0.34906005859375,0.7940719772748923
/Users/berfinaktas/Projects/covid_project_folders/jun26_bds_int_covid/data/raw/Lung_Opacity/images/Lung_Opacity-550.png,/Users/berfinaktas/Projects/covid_project_folders/jun26_bds_int_covid/data/raw/Lung_Opacity/masks/Lung_Opacity-550.png,Lung_Opacity,COVID,False,0.4195784557932787,0.317138671875,1.3230125903997456
/Users/berfinaktas/Projects/covid_project_folders/jun26_bds_int_covid/data/raw/Normal/images/Normal-9393.png,/Users/berfinaktas/Projects/covid_project_folders/jun26_bds_int_covid/data/raw/Normal/masks/Normal-9393.png,Normal,Normal,True,0.10661907686301478,0.3612060546875,0.2951752205683735
/Users/berfinaktas/Projects/covid_project_folders/jun26_bds_int_covid/data/raw/Normal/images/Normal-2772.png,/Users/berfinaktas/Projects/covid_project_folders/jun26_bds_int_covid/data/raw/Normal/masks/Normal-2772.png,Normal,Normal,True,0.2390133118569184,0.37518310546875,0.6370577682550433
/Users/berfinaktas/Projects/covid_project_folders/jun26_bds_int_covid/data/raw/Viral Pneumonia/images/Viral Pneumonia-112.png,/Users/berfinaktas/Projects/covid_project_folders/jun26_bds_int_covid/data/raw/Viral Pneumonia/masks/Viral Pneumonia-112.png,Viral Pneumonia,Viral Pneumonia,True,0.1490153844273801,0.33966064453125,0.43871842919284737
/Users/berfinaktas/Projects/covid_project_folders/jun26_bds_int_covid/data/raw/COVID/images/COVID-347.png,/Users/berfinaktas/Projects/covid_project_folders/jun26_bds_int_covid/data/raw/COVID/masks/COVID-347.png,COVID,COVID,True,0.24794506345225617,0.40106201171875,0.6182212630652512
/Users/berfinaktas/Projects/covid_project_folders/jun26_bds_int_covid/data/raw/Lung_Opacity/images/Lung_Opacity-2779.png,/Users/berfinaktas/Projects/covid_project_folders/jun26_bds_int_covid/data/raw/Lung_Opacity/masks/Lung_Opacity-2779.png,Lung_Opacity,Normal,False,0.21716022456313686,0.36669921875,0.5922025830962774
/Users/berfinaktas/Projects/covid_project_folders/jun26_bds_int_covid/data/raw/Normal/images/Normal-8674.png,/Users/berfinaktas/Projects/covid_project_folders/jun26_bds_int_covid/data/raw/Normal/masks/Normal-8674.png,Normal,Normal,True,0.30043018212305483,0.3731689453125,0.805078198217882
/Users/berfinaktas/Projects/covid_project_folders/jun26_bds_int_covid/data/raw/Normal/images/Normal-7705.png,/Users/berfinaktas/Projects/covid_project_folders/jun26_bds_int_covid/data/raw/Normal/masks/Normal-7705.png,Normal,Normal,True,0.22045039250811344,0.361083984375,0.6105238726931931
/Users/berfinaktas/Projects/covid_project_folders/jun26_bds_int_covid/data/raw/Normal/images/Normal-5130.png,/Users/berfinaktas/Projects/covid_project_folders/jun26_bds_int_covid/data/raw/Normal/masks/Normal-5130.png,Normal,Lung_Opacity,False,0.013598074455351107,0.306396484375,0.04438064778415788
/Users/berfinaktas/Projects/covid_project_folders/jun26_bds_int_covid/data/raw/Normal/images/Normal-4887.png,/Users/berfinaktas/Projects/covid_project_folders/jun26_bds_int_covid/data/raw/Normal/masks/Normal-4887.png,Normal,COVID,False,0.38738628146863324,0.4429931640625,0.8744746260102076
/Users/berfinaktas/Projects/covid_project_folders/jun26_bds_int_covid/data/raw/COVID/images/COVID-2228.png,/Users/berfinaktas/Projects/covid_project_folders/jun26_bds_int_covid/data/raw/COVID/masks/COVID-2228.png,COVID,Lung_Opacity,False,0.017773688934956632,0.2752685546875,0.06456854091138126
/Users/berfinaktas/Projects/covid_project_folders/jun26_bds_int_covid/data/raw/Lung_Opacity/images/Lung_Opacity-5371.png,/Users/berfinaktas/Projects/covid_project_folders/jun26_bds_int_covid/data/raw/Lung_Opacity/masks/Lung_Opacity-5371.png,Lung_Opacity,Lung_Opacity,True,0.07495027769142978,0.34075927734375,0.2199508059638878
/Users/berfinaktas/Projects/covid_project_folders/jun26_bds_int_covid/data/raw/Normal/images/Normal-9113.png,/Users/berfinaktas/Projects/covid_project_folders/jun26_bds_int_covid/data/raw/Normal/masks/Normal-9113.png,Normal,Normal,True,0.20516104213661987,0.39788818359375,0.5156248679807302
/Users/berfinaktas/Projects/covid_project_folders/jun26_bds_int_covid/data/raw/Normal/images/Normal-4994.png,/Users/berfinaktas/Projects/covid_project_folders/jun26_bds_int_covid/data/raw/Normal/masks/Normal-4994.png,Normal,Lung_Opacity,False,0.029741719462227444,0.2105712890625,0.14124299468670565
/Users/berfinaktas/Projects/covid_project_folders/jun26_bds_int_covid/data/raw/COVID/images/COVID-3164.png,/Users/berfinaktas/Projects/covid_project_folders/jun26_bds_int_covid/data/raw/COVID/masks/COVID-3164.png,COVID,Normal,False,0.17686497975606638,0.39697265625,0.44553441394886095
/Users/berfinaktas/Projects/covid_project_folders/jun26_bds_int_covid/data/raw/Lung_Opacity/images/Lung_Opacity-2885.png,/Users/berfinaktas/Projects/covid_project_folders/jun26_bds_int_covid/data/raw/Lung_Opacity/masks/Lung_Opacity-2885.png,Lung_Opacity,Lung_Opacity,True,0.03775434808778527,0.37109375,0.10173803274182136
/Users/berfinaktas/Projects/covid_project_folders/jun26_bds_int_covid/data/raw/Lung_Opacity/images/Lung_Opacity-3228.png,/Users/berfinaktas/Projects/covid_project_folders/jun26_bds_int_covid/data/raw/Lung_Opacity/masks/Lung_Opacity-3228.png,Lung_Opacity,Normal,False,0.06431293948330304,0.38409423828125,0.16744052129261672
/Users/berfinaktas/Projects/covid_project_folders/jun26_bds_int_covid/data/raw/Viral Pneumonia/images/Viral Pneumonia-835.png,/Users/berfinaktas/Projects/covid_project_folders/jun26_bds_int_covid/data/raw/Viral Pneumonia/masks/Viral Pneumonia-835.png,Viral Pneumonia,Viral Pneumonia,True,0.13847123447853685,0.27545166015625,0.5027061169280629
/Users/berfinaktas/Projects/covid_project_folders/jun26_bds_int_covid/data/raw/Normal/images/Normal-3281.png,/Users/berfinaktas/Projects/covid_project_folders/jun26_bds_int_covid/data/raw/Normal/masks/Normal-3281.png,Normal,Normal,True,0.086478526058537,0.39276123046875,0.22018091234546544
/Users/berfinaktas/Projects/covid_project_folders/jun26_bds_int_covid/data/raw/Lung_Opacity/images/Lung_Opacity-1886.png,/Users/berfinaktas/Projects/covid_project_folders/jun26_bds_int_covid/data/raw/Lung_Opacity/masks/Lung_Opacity-1886.png,Lung_Opacity,Lung_Opacity,True,0.041486405108856546,0.26239013671875,0.15810962114526766
/Users/berfinaktas/Projects/covid_project_folders/jun26_bds_int_covid/data/raw/Lung_Opacity/images/Lung_Opacity-2049.png,/Users/berfinaktas/Projects/covid_project_folders/jun26_bds_int_covid/data/raw/Lung_Opacity/masks/Lung_Opacity-2049.png,Lung_Opacity,Normal,False,0.28630332602481257,0.40618896484375,0.704852545994069
/Users/berfinaktas/Projects/covid_project_folders/jun26_bds_int_covid/data/raw/COVID/images/COVID-2275.png,/Users/berfinaktas/Projects/covid_project_folders/jun26_bds_int_covid/data/raw/COVID/masks/COVID-2275.png,COVID,COVID,True,0.26007466615730096,0.3502197265625,0.7426042750646948
/Users/berfinaktas/Projects/covid_project_folders/jun26_bds_int_covid/data/raw/COVID/images/COVID-2647.png,/Users/berfinaktas/Projects/covid_project_folders/jun26_bds_int_covid/data/raw/COVID/masks/COVID-2647.png,COVID,COVID,True,0.2801727911778002,0.30914306640625,0.9062884522521379
/Users/berfinaktas/Projects/covid_project_folders/jun26_bds_int_covid/data/raw/Normal/images/Normal-7826.png,/Users/berfinaktas/Projects/covid_project_folders/jun26_bds_int_covid/data/raw/Normal/masks/Normal-7826.png,Normal,Normal,True,0.17889983733663742,0.29437255859375,0.6077327254661968
/Users/berfinaktas/Projects/covid_project_folders/jun26_bds_int_covid/data/raw/Normal/images/Normal-2932.png,/Users/berfinaktas/Projects/covid_project_folders/jun26_bds_int_covid/data/raw/Normal/masks/Normal-2932.png,Normal,Normal,True,0.13976802579884334,0.29412841796875,0.47519388559623355
/Users/berfinaktas/Projects/covid_project_folders/jun26_bds_int_covid/data/raw/COVID/images/COVID-1465.png,/Users/berfinaktas/Projects/covid_project_folders/jun26_bds_int_covid/data/raw/COVID/masks/COVID-1465.png,COVID,COVID,True,0.3172336796413198,0.386474609375,0.8208396410681276
/Users/berfinaktas/Projects/covid_project_folders/jun26_bds_int_covid/data/raw/Normal/images/Normal-9421.png,/Users/berfinaktas/Projects/covid_project_folders/jun26_bds_int_covid/data/raw/Normal/masks/Normal-9421.png,Normal,Normal,True,0.22035820010728605,0.28485107421875,0.7735909043406416
/Users/berfinaktas/Projects/covid_project_folders/jun26_bds_int_covid/data/raw/Normal/images/Normal-2955.png,/Users/berfinaktas/Projects/covid_project_folders/jun26_bds_int_covid/data/raw/Normal/masks/Normal-2955.png,Normal,Normal,True,0.1985879546244917,0.38409423828125,0.5170292465545323
/Users/berfinaktas/Projects/covid_project_folders/jun26_bds_int_covid/data/raw/Lung_Opacity/images/Lung_Opacity-5470.png,/Users/berfinaktas/Projects/covid_project_folders/jun26_bds_int_covid/data/raw/Lung_Opacity/masks/Lung_Opacity-5470.png,Lung_Opacity,Lung_Opacity,True,0.1358389660273096,0.386474609375,0.35148225195695526
/Users/berfinaktas/Projects/covid_project_folders/jun26_bds_int_covid/data/raw/Normal/images/Normal-5555.png,/Users/berfinaktas/Projects/covid_project_folders/jun26_bds_int_covid/data/raw/Normal/masks/Normal-5555.png,Normal,Normal,True,0.22307256702279388,0.33984375,0.6563974385958072
/Users/berfinaktas/Projects/covid_project_folders/jun26_bds_int_covid/data/raw/Lung_Opacity/images/Lung_Opacity-1913.png,/Users/berfinaktas/Projects/covid_project_folders/jun26_bds_int_covid/data/raw/Lung_Opacity/masks/Lung_Opacity-1913.png,Lung_Opacity,COVID,False,0.3415288108066636,0.37200927734375,0.9180653053743029
/Users/berfinaktas/Projects/covid_project_folders/jun26_bds_int_covid/data/raw/Lung_Opacity/images/Lung_Opacity-2382.png,/Users/berfinaktas/Projects/covid_project_folders/jun26_bds_int_covid/data/raw/Lung_Opacity/masks/Lung_Opacity-2382.png,Lung_Opacity,Lung_Opacity,True,0.10648164122275684,0.36065673828125,0.2952437315609491
/Users/berfinaktas/Projects/covid_project_folders/jun26_bds_int_covid/data/raw/Normal/images/Normal-4222.png,/Users/berfinaktas/Projects/covid_project_folders/jun26_bds_int_covid/data/raw/Normal/masks/Normal-4222.png,Normal,Normal,True,0.17625791305339755,0.361083984375,0.48813550498087654
/Users/berfinaktas/Projects/covid_project_folders/jun26_bds_int_covid/data/raw/COVID/images/COVID-2558.png,/Users/berfinaktas/Projects/covid_project_folders/jun26_bds_int_covid/data/raw/COVID/masks/COVID-2558.png,COVID,COVID,True,0.2616558482348507,0.28594970703125,0.9150414978612154
/Users/berfinaktas/Projects/covid_project_folders/jun26_bds_int_covid/data/raw/Normal/images/Normal-8387.png,/Users/berfinaktas/Projects/covid_project_folders/jun26_bds_int_covid/data/raw/Normal/masks/Normal-8387.png,Normal,Normal,True,0.35242953898833435,0.42596435546875,0.8273686153868562
/Users/berfinaktas/Projects/covid_project_folders/jun26_bds_int_covid/data/raw/Lung_Opacity/images/Lung_Opacity-5403.png,/Users/berfinaktas/Projects/covid_project_folders/jun26_bds_int_covid/data/raw/Lung_Opacity/masks/Lung_Opacity-5403.png,Lung_Opacity,Lung_Opacity,True,0.007360039334507145,0.2694091796875,0.027319185422873826
/Users/berfinaktas/Projects/covid_project_folders/jun26_bds_int_covid/data/raw/Normal/images/Normal-7830.png,/Users/berfinaktas/Projects/covid_project_folders/jun26_bds_int_covid/data/raw/Normal/masks/Normal-7830.png,Normal,Normal,True,0.21803393268463178,0.42779541015625,0.5096687049657593
/Users/berfinaktas/Projects/covid_project_folders/jun26_bds_int_covid/data/raw/Lung_Opacity/images/Lung_Opacity-4326.png,/Users/berfinaktas/Projects/covid_project_folders/jun26_bds_int_covid/data/raw/Lung_Opacity/masks/Lung_Opacity-4326.png,Lung_Opacity,COVID,False,0.3569269157728495,0.38671875,0.9229625296752473
/Users/berfinaktas/Projects/covid_project_folders/jun26_bds_int_covid/data/raw/Normal/images/Normal-9609.png,/Users/berfinaktas/Projects/covid_project_folders/jun26_bds_int_covid/data/raw/Normal/masks/Normal-9609.png,Normal,Normal,True,0.21881492861270288,0.32379150390625,0.6757895929105606
/Users/berfinaktas/Projects/covid_project_folders/jun26_bds_int_covid/data/raw/Normal/images/Normal-861.png,/Users/berfinaktas/Projects/covid_project_folders/jun26_bds_int_covid/data/raw/Normal/masks/Normal-861.png,Normal,Normal,True,0.21456988081022288,0.3175048828125,0.6758002551316209
/Users/berfinaktas/Projects/covid_project_folders/jun26_bds_int_covid/data/raw/Lung_Opacity/images/Lung_Opacity-4425.png,/Users/berfinaktas/Projects/covid_project_folders/jun26_bds_int_covid/data/raw/Lung_Opacity/masks/Lung_Opacity-4425.png,Lung_Opacity,Normal,False,0.2294211618544151,0.33831787109375,0.6781230950428896
/Users/berfinaktas/Projects/covid_project_folders/jun26_bds_int_covid/data/raw/Normal/images/Normal-217.png,/Users/berfinaktas/Projects/covid_project_folders/jun26_bds_int_covid/data/raw/Normal/masks/Normal-217.png,Normal,Normal,True,0.2330970635288497,0.3153076171875,0.7392687357446136
/Users/berfinaktas/Projects/covid_project_folders/jun26_bds_int_covid/data/raw/Normal/images/Normal-19.png,/Users/berfinaktas/Projects/covid_project_folders/jun26_bds_int_covid/data/raw/Normal/masks/Normal-19.png,Normal,Normal,True,0.24251218838868588,0.38299560546875,0.6331983576988414
/Users/berfinaktas/Projects/covid_project_folders/jun26_bds_int_covid/data/raw/Normal/images/Normal-6265.png,/Users/berfinaktas/Projects/covid_project_folders/jun26_bds_int_covid/data/raw/Normal/masks/Normal-6265.png,Normal,Normal,True,0.1902466810688695,0.2886962890625,0.6589855438969044
/Users/berfinaktas/Projects/covid_project_folders/jun26_bds_int_covid/data/raw/Lung_Opacity/images/Lung_Opacity-2631.png,/Users/berfinaktas/Projects/covid_project_folders/jun26_bds_int_covid/data/raw/Lung_Opacity/masks/Lung_Opacity-2631.png,Lung_Opacity,COVID,False,0.4633537189109991,0.3865966796875,1.1985455210984859
/Users/berfinaktas/Projects/covid_project_folders/jun26_bds_int_covid/data/raw/COVID/images/COVID-2842.png,/Users/berfinaktas/Projects/covid_project_folders/jun26_bds_int_covid/data/raw/COVID/masks/COVID-2842.png,COVID,COVID,True,0.3955685656990308,0.3896484375,1.0151935119694424
/Users/berfinaktas/Projects/covid_project_folders/jun26_bds_int_covid/data/raw/Normal/images/Normal-6914.png,/Users/berfinaktas/Projects/covid_project_folders/jun26_bds_int_covid/data/raw/Normal/masks/Normal-6914.png,Normal,Normal,True,0.17740869651712088,0.339111328125,0.5231576824579749
/Users/berfinaktas/Projects/covid_project_folders/jun26_bds_int_covid/data/raw/Lung_Opacity/images/Lung_Opacity-3218.png,/Users/berfinaktas/Projects/covid_project_folders/jun26_bds_int_covid/data/raw/Lung_Opacity/masks/Lung_Opacity-3218.png,Lung_Opacity,Lung_Opacity,True,0.025868898929235374,0.3780517578125,0.06842687117478082
/Users/berfinaktas/Projects/covid_project_folders/jun26_bds_int_covid/data/raw/Lung_Opacity/images/Lung_Opacity-1126.png,/Users/berfinaktas/Projects/covid_project_folders/jun26_bds_int_covid/data/raw/Lung_Opacity/masks/Lung_Opacity-1126.png,Lung_Opacity,Lung_Opacity,True,0.02698756447122676,0.31414794921875,0.08590718016253726
/Users/berfinaktas/Projects/covid_project_folders/jun26_bds_int_covid/data/raw/Lung_Opacity/images/Lung_Opacity-2465.png,/Users/berfinaktas/Projects/covid_project_folders/jun26_bds_int_covid/data/raw/Lung_Opacity/masks/Lung_Opacity-2465.png,Lung_Opacity,Lung_Opacity,True,0.015510765105532898,0.343994140625,0.04509020147073296
/Users/berfinaktas/Projects/covid_project_folders/jun26_bds_int_covid/data/raw/Lung_Opacity/images/Lung_Opacity-1073.png,/Users/berfinaktas/Projects/covid_project_folders/jun26_bds_int_covid/data/raw/Lung_Opacity/masks/Lung_Opacity-1073.png,Lung_Opacity,Normal,False,0.2622399916113757,0.37200927734375,0.7049286337261328
/Users/berfinaktas/Projects/covid_project_folders/jun26_bds_int_covid/data/raw/Normal/images/Normal-10048.png,/Users/berfinaktas/Projects/covid_project_folders/jun26_bds_int_covid/data/raw/Normal/masks/Normal-10048.png,Normal,COVID,False,0.3289879764942308,0.3779296875,0.8705004856074737
/Users/berfinaktas/Projects/covid_project_folders/jun26_bds_int_covid/data/raw/Lung_Opacity/images/Lung_Opacity-870.png,/Users/berfinaktas/Projects/covid_project_folders/jun26_bds_int_covid/data/raw/Lung_Opacity/masks/Lung_Opacity-870.png,Lung_Opacity,Lung_Opacity,True,0.04980595010405904,0.35943603515625,0.13856693606807663
/Users/berfinaktas/Projects/covid_project_folders/jun26_bds_int_covid/data/raw/COVID/images/COVID-2021.png,/Users/berfinaktas/Projects/covid_project_folders/jun26_bds_int_covid/data/raw/COVID/masks/COVID-2021.png,COVID,COVID,True,0.21210737395146642,0.31854248046875,0.6658684067485775
/Users/berfinaktas/Projects/covid_project_folders/jun26_bds_int_covid/data/raw/Normal/images/Normal-9219.png,/Users/berfinaktas/Projects/covid_project_folders/jun26_bds_int_covid/data/raw/Normal/masks/Normal-9219.png,Normal,Normal,True,0.2144731868870683,0.29144287109375,0.7359012971639218
/Users/berfinaktas/Projects/covid_project_folders/jun26_bds_int_covid/data/raw/Normal/images/Normal-2576.png,/Users/berfinaktas/Projects/covid_project_folders/jun26_bds_int_covid/data/raw/Normal/masks/Normal-2576.png,Normal,COVID,False,0.2678741313235538,0.39019775390625,0.6865086450187871
/Users/berfinaktas/Projects/covid_project_folders/jun26_bds_int_covid/data/raw/Viral Pneumonia/images/Viral Pneumonia-1168.png,/Users/berfinaktas/Projects/covid_project_folders/jun26_bds_int_covid/data/raw/Viral Pneumonia/masks/Viral Pneumonia-1168.png,Viral Pneumonia,Viral Pneumonia,True,0.09130688610149251,0.2911376953125,0.31362096894902586
/Users/berfinaktas/Projects/covid_project_folders/jun26_bds_int_covid/data/raw/Lung_Opacity/images/Lung_Opacity-1884.png,/Users/berfinaktas/Projects/covid_project_folders/jun26_bds_int_covid/data/raw/Lung_Opacity/masks/Lung_Opacity-1884.png,Lung_Opacity,Lung_Opacity,True,0.04461438733306046,0.31976318359375,0.1395232147480173
/Users/berfinaktas/Projects/covid_project_folders/jun26_bds_int_covid/data/raw/Lung_Opacity/images/Lung_Opacity-2624.png,/Users/berfinaktas/Projects/covid_project_folders/jun26_bds_int_covid/data/raw/Lung_Opacity/masks/Lung_Opacity-2624.png,Lung_Opacity,COVID,False,0.48974708538125217,0.4019775390625,1.2183444043253016
/Users/berfinaktas/Projects/covid_project_folders/jun26_bds_int_covid/data/raw/Lung_Opacity/images/Lung_Opacity-87.png,/Users/berfinaktas/Projects/covid_project_folders/jun26_bds_int_covid/data/raw/Lung_Opacity/masks/Lung_Opacity-87.png,Lung_Opacity,Lung_Opacity,True,0.04306049549623665,0.3482666015625,0.12364233407121299
/Users/berfinaktas/Projects/covid_project_folders/jun26_bds_int_covid/data/raw/Normal/images/Normal-6167.png,/Users/berfinaktas/Projects/covid_project_folders/jun26_bds_int_covid/data/raw/Normal/masks/Normal-6167.png,Normal,Normal,True,0.21632740787501867,0.33392333984375,0.6478355420625673
/Users/berfinaktas/Projects/covid_project_folders/jun26_bds_int_covid/data/raw/Lung_Opacity/images/Lung_Opacity-1795.png,/Users/berfinaktas/Projects/covid_project_folders/jun26_bds_int_covid/data/raw/Lung_Opacity/masks/Lung_Opacity-1795.png,Lung_Opacity,Lung_Opacity,True,0.026617966917756777,0.35235595703125,0.07554283214628911
/Users/berfinaktas/Projects/covid_project_folders/jun26_bds_int_covid/data/raw/Normal/images/Normal-1770.png,/Users/berfinaktas/Projects/covid_project_folders/jun26_bds_int_covid/data/raw/Normal/masks/Normal-1770.png,Normal,Lung_Opacity,False,0.02395637229298708,0.3614501953125,0.06627848761369474
/Users/berfinaktas/Projects/covid_project_folders/jun26_bds_int_covid/data/raw/Lung_Opacity/images/Lung_Opacity-737.png,/Users/berfinaktas/Projects/covid_project_folders/jun26_bds_int_covid/data/raw/Lung_Opacity/masks/Lung_Opacity-737.png,Lung_Opacity,Lung_Opacity,True,0.012628515442702836,0.256103515625,0.0493101994788473
/Users/berfinaktas/Projects/covid_project_folders/jun26_bds_int_covid/data/raw/Lung_Opacity/images/Lung_Opacity-4707.png,/Users/berfinaktas/Projects/covid_project_folders/jun26_bds_int_covid/data/raw/Lung_Opacity/masks/Lung_Opacity-4707.png,Lung_Opacity,Normal,False,0.2789828673605795,0.40777587890625,0.6841573565088661
/Users/berfinaktas/Projects/covid_project_folders/jun26_bds_int_covid/data/raw/COVID/images/COVID-2698.png,/Users/berfinaktas/Projects/covid_project_folders/jun26_bds_int_covid/data/raw/COVID/masks/COVID-2698.png,COVID,Lung_Opacity,False,0.008300484459489575,0.28863525390625,0.028757694519830238
/Users/berfinaktas/Projects/covid_project_folders/jun26_bds_int_covid/data/raw/Viral Pneumonia/images/Viral Pneumonia-12.png,/Users/berfinaktas/Projects/covid_project_folders/jun26_bds_int_covid/data/raw/Viral Pneumonia/masks/Viral Pneumonia-12.png,Viral Pneumonia,Viral Pneumonia,True,0.02720610543755716,0.2958984375,0.09194406590118327
/Users/berfinaktas/Projects/covid_project_folders/jun26_bds_int_covid/data/raw/Normal/images/Normal-7407.png,/Users/berfinaktas/Projects/covid_project_folders/jun26_bds_int_covid/data/raw/Normal/masks/Normal-7407.png,Normal,Normal,True,0.22455705078118926,0.33233642578125,0.6756919595957769
/Users/berfinaktas/Projects/covid_project_folders/jun26_bds_int_covid/data/raw/Lung_Opacity/images/Lung_Opacity-3223.png,/Users/berfinaktas/Projects/covid_project_folders/jun26_bds_int_covid/data/raw/Lung_Opacity/masks/Lung_Opacity-3223.png,Lung_Opacity,Lung_Opacity,True,0.06081419660229628,0.35333251953125,0.1721160471812096
/Users/berfinaktas/Projects/covid_project_folders/jun26_bds_int_covid/data/raw/Lung_Opacity/images/Lung_Opacity-2543.png,/Users/berfinaktas/Projects/covid_project_folders/jun26_bds_int_covid/data/raw/Lung_Opacity/masks/Lung_Opacity-2543.png,Lung_Opacity,Lung_Opacity,True,0.30097200301761945,0.361083984375,0.8335235458824674
/Users/berfinaktas/Projects/covid_project_folders/jun26_bds_int_covid/data/raw/Normal/images/Normal-991.png,/Users/berfinaktas/Projects/covid_project_folders/jun26_bds_int_covid/data/raw/Normal/masks/Normal-991.png,Normal,Normal,True,0.2191920307980751,0.26641845703125,0.8227359066656729
/Users/berfinaktas/Projects/covid_project_folders/jun26_bds_int_covid/data/raw/Normal/images/Normal-5463.png,/Users/berfinaktas/Projects/covid_project_folders/jun26_bds_int_covid/data/raw/Normal/masks/Normal-5463.png,Normal,Normal,True,0.2083755738298625,0.34466552734375,0.6045732958435395
/Users/berfinaktas/Projects/covid_project_folders/jun26_bds_int_covid/data/raw/Normal/images/Normal-9700.png,/Users/berfinaktas/Projects/covid_project_folders/jun26_bds_int_covid/data/raw/Normal/masks/Normal-9700.png,Normal,Normal,True,0.30604350142672593,0.3544921875,0.863329326338753
/Users/berfinaktas/Projects/covid_project_folders/jun26_bds_int_covid/data/raw/Normal/images/Normal-7632.png,/Users/berfinaktas/Projects/covid_project_folders/jun26_bds_int_covid/data/raw/Normal/masks/Normal-7632.png,Normal,Lung_Opacity,False,0.0077083711679556315,0.3077392578125,0.02504838421574476
/Users/berfinaktas/Projects/covid_project_folders/jun26_bds_int_covid/data/raw/Normal/images/Normal-6231.png,/Users/berfinaktas/Projects/covid_project_folders/jun26_bds_int_covid/data/raw/Normal/masks/Normal-6231.png,Normal,Normal,True,0.2861877701713472,0.41925048828125,0.6826176192294879
/Users/berfinaktas/Projects/covid_project_folders/jun26_bds_int_covid/data/raw/COVID/images/COVID-1506.png,/Users/berfinaktas/Projects/covid_project_folders/jun26_bds_int_covid/data/raw/COVID/masks/COVID-1506.png,COVID,COVID,True,0.42789074941333993,0.33355712890625,1.2828109859813652
/Users/berfinaktas/Projects/covid_project_folders/jun26_bds_int_covid/data/raw/COVID/images/COVID-931.png,/Users/berfinaktas/Projects/covid_project_folders/jun26_bds_int_covid/data/raw/COVID/masks/COVID-931.png,COVID,COVID,True,0.34411305624379857,0.38885498046875,0.8849393052108611
/Users/berfinaktas/Projects/covid_project_folders/jun26_bds_int_covid/data/raw/Normal/images/Normal-4791.png,/Users/berfinaktas/Projects/covid_project_folders/jun26_bds_int_covid/data/raw/Normal/masks/Normal-4791.png,Normal,Normal,True,0.1888630294324988,0.4267578125,0.44255318567249147
/Users/berfinaktas/Projects/covid_project_folders/jun26_bds_int_covid/data/raw/Normal/images/Normal-5621.png,/Users/berfinaktas/Projects/covid_project_folders/jun26_bds_int_covid/data/raw/Normal/masks/Normal-5621.png,Normal,Normal,True,0.2270945168558371,0.38653564453125,0.5875124844727673
/Users/berfinaktas/Projects/covid_project_folders/jun26_bds_int_covid/data/raw/Normal/images/Normal-4583.png,/Users/berfinaktas/Projects/covid_project_folders/jun26_bds_int_covid/data/raw/Normal/masks/Normal-4583.png,Normal,Normal,True,0.3084977380802316,0.3671875,0.840164052644035
/Users/berfinaktas/Projects/covid_project_folders/jun26_bds_int_covid/data/raw/Lung_Opacity/images/Lung_Opacity-5219.png,/Users/berfinaktas/Projects/covid_project_folders/jun26_bds_int_covid/data/raw/Lung_Opacity/masks/Lung_Opacity-5219.png,Lung_Opacity,Lung_Opacity,True,0.06432558052865806,0.36199951171875,0.1776952135190581
/Users/berfinaktas/Projects/covid_project_folders/jun26_bds_int_covid/data/raw/Normal/images/Normal-6934.png,/Users/berfinaktas/Projects/covid_project_folders/jun26_bds_int_covid/data/raw/Normal/masks/Normal-6934.png,Normal,Normal,True,0.2161378373062232,0.36981201171875,0.584453263975105
/Users/berfinaktas/Projects/covid_project_folders/jun26_bds_int_covid/data/raw/Lung_Opacity/images/Lung_Opacity-1063.png,/Users/berfinaktas/Projects/covid_project_folders/jun26_bds_int_covid/data/raw/Lung_Opacity/masks/Lung_Opacity-1063.png,Lung_Opacity,Lung_Opacity,True,0.031750156578979054,0.3392333984375,0.09359384048038734
/Users/berfinaktas/Projects/covid_project_folders/jun26_bds_int_covid/data/raw/COVID/images/COVID-2037.png,/Users/berfinaktas/Projects/covid_project_folders/jun26_bds_int_covid/data/raw/COVID/masks/COVID-2037.png,COVID,Normal,False,0.24581504844720534,0.37469482421875,0.6560406831339001
/Users/berfinaktas/Projects/covid_project_folders/jun26_bds_int_covid/data/raw/Lung_Opacity/images/Lung_Opacity-1243.png,/Users/berfinaktas/Projects/covid_project_folders/jun26_bds_int_covid/data/raw/Lung_Opacity/masks/Lung_Opacity-1243.png,Lung_Opacity,Lung_Opacity,True,0.0060715897465785556,0.25372314453125,0.023929979891254043
/Users/berfinaktas/Projects/covid_project_folders/jun26_bds_int_covid/data/raw/Normal/images/Normal-686.png,/Users/berfinaktas/Projects/covid_project_folders/jun26_bds_int_covid/data/raw/Normal/masks/Normal-686.png,Normal,Normal,True,0.24735502460968237,0.32659912109375,0.7573658611857664
/Users/berfinaktas/Projects/covid_project_folders/jun26_bds_int_covid/data/raw/Lung_Opacity/images/Lung_Opacity-2750.png,/Users/berfinaktas/Projects/covid_project_folders/jun26_bds_int_covid/data/raw/Lung_Opacity/masks/Lung_Opacity-2750.png,Lung_Opacity,Lung_Opacity,True,0.050501748767547275,0.3316650390625,0.15226732642758456
/Users/berfinaktas/Projects/covid_project_folders/jun26_bds_int_covid/data/raw/Lung_Opacity/images/Lung_Opacity-3451.png,/Users/berfinaktas/Projects/covid_project_folders/jun26_bds_int_covid/data/raw/Lung_Opacity/masks/Lung_Opacity-3451.png,Lung_Opacity,Lung_Opacity,True,0.029642704318451285,0.32666015625,0.09074478093301679
/Users/berfinaktas/Projects/covid_project_folders/jun26_bds_int_covid/data/raw/Normal/images/Normal-9853.png,/Users/berfinaktas/Projects/covid_project_folders/jun26_bds_int_covid/data/raw/Normal/masks/Normal-9853.png,Normal,Normal,True,0.24079689147145683,0.386474609375,0.6230600552540033
/Users/berfinaktas/Projects/covid_project_folders/jun26_bds_int_covid/data/raw/Normal/images/Normal-1163.png,/Users/berfinaktas/Projects/covid_project_folders/jun26_bds_int_covid/data/raw/Normal/masks/Normal-1163.png,Normal,Normal,True,0.205822724193874,0.27728271484375,0.7422847266547286
/Users/berfinaktas/Projects/covid_project_folders/jun26_bds_int_covid/data/raw/Normal/images/Normal-1511.png,/Users/berfinaktas/Projects/covid_project_folders/jun26_bds_int_covid/data/raw/Normal/masks/Normal-1511.png,Normal,Normal,True,0.1573447465538178,0.2293701171875,0.6859862500100454
/Users/berfinaktas/Projects/covid_project_folders/jun26_bds_int_covid/data/raw/COVID/images/COVID-2751.png,/Users/berfinaktas/Projects/covid_project_folders/jun26_bds_int_covid/data/raw/COVID/masks/COVID-2751.png,COVID,COVID,True,0.3631994081152801,0.353271484375,1.0281028166138129
/Users/berfinaktas/Projects/covid_project_folders/jun26_bds_int_covid/data/raw/Viral Pneumonia/images/Viral Pneumonia-571.png,/Users/berfinaktas/Projects/covid_project_folders/jun26_bds_int_covid/data/raw/Viral Pneumonia/masks/Viral Pneumonia-571.png,Viral Pneumonia,Viral Pneumonia,True,0.1389563347410221,0.2606201171875,0.5331757818259732
/Users/berfinaktas/Projects/covid_project_folders/jun26_bds_int_covid/data/raw/Lung_Opacity/images/Lung_Opacity-5423.png,/Users/berfinaktas/Projects/covid_project_folders/jun26_bds_int_covid/data/raw/Lung_Opacity/masks/Lung_Opacity-5423.png,Lung_Opacity,Lung_Opacity,True,0.02370866502842561,0.45660400390625,0.051923909614453305
/Users/berfinaktas/Projects/covid_project_folders/jun26_bds_int_covid/data/raw/Viral Pneumonia/images/Viral Pneumonia-990.png,/Users/berfinaktas/Projects/covid_project_folders/jun26_bds_int_covid/data/raw/Viral Pneumonia/masks/Viral Pneumonia-990.png,Viral Pneumonia,Viral Pneumonia,True,0.09123308013734747,0.27191162109375,0.3355247553244222
/Users/berfinaktas/Projects/covid_project_folders/jun26_bds_int_covid/data/raw/COVID/images/COVID-2870.png,/Users/berfinaktas/Projects/covid_project_folders/jun26_bds_int_covid/data/raw/COVID/masks/COVID-2870.png,COVID,COVID,True,0.41101963097424205,0.32952880859375,1.2472949868275574
/Users/berfinaktas/Projects/covid_project_folders/jun26_bds_int_covid/data/raw/Normal/images/Normal-4937.png,/Users/berfinaktas/Projects/covid_project_folders/jun26_bds_int_covid/data/raw/Normal/masks/Normal-4937.png,Normal,Normal,True,0.14048656140094468,0.364013671875,0.38593759590762533
/Users/berfinaktas/Projects/covid_project_folders/jun26_bds_int_covid/data/raw/Normal/images/Normal-8567.png,/Users/berfinaktas/Projects/covid_project_folders/jun26_bds_int_covid/data/raw/Normal/masks/Normal-8567.png,Normal,Normal,True,0.29186421054758993,0.4097900390625,0.7122286603532489
/Users/berfinaktas/Projects/covid_project_folders/jun26_bds_int_covid/data/raw/Normal/images/Normal-617.png,/Users/berfinaktas/Projects/covid_project_folders/jun26_bds_int_covid/data/raw/Normal/masks/Normal-617.png,Normal,Normal,True,0.22234102165642153,0.27191162109375,0.8176959144374434
/Users/berfinaktas/Projects/covid_project_folders/jun26_bds_int_covid/data/raw/Normal/images/Normal-1532.png,/Users/berfinaktas/Projects/covid_project_folders/jun26_bds_int_covid/data/raw/Normal/masks/Normal-1532.png,Normal,Lung_Opacity,False,0.06627824463102559,0.3519287109375,0.18832860909377788
/Users/berfinaktas/Projects/covid_project_folders/jun26_bds_int_covid/data/raw/Normal/images/Normal-1586.png,/Users/berfinaktas/Projects/covid_project_folders/jun26_bds_int_covid/data/raw/Normal/masks/Normal-1586.png,Normal,Normal,True,0.243026807710494,0.34564208984375,0.7031169375823298
/Users/berfinaktas/Projects/covid_project_folders/jun26_bds_int_covid/data/raw/Viral Pneumonia/images/Viral Pneumonia-213.png,/Users/berfinaktas/Projects/covid_project_folders/jun26_bds_int_covid/data/raw/Viral Pneumonia/masks/Viral Pneumonia-213.png,Viral Pneumonia,Viral Pneumonia,True,0.14523523353034337,0.3050537109375,0.4760972521330824
/Users/berfinaktas/Projects/covid_project_folders/jun26_bds_int_covid/data/raw/COVID/images/COVID-3052.png,/Users/berfinaktas/Projects/covid_project_folders/jun26_bds_int_covid/data/raw/COVID/masks/COVID-3052.png,COVID,Lung_Opacity,False,0.04805844475860311,0.28839111328125,0.16664329289417001
/Users/berfinaktas/Projects/covid_project_folders/jun26_bds_int_covid/data/raw/Lung_Opacity/images/Lung_Opacity-2847.png,/Users/berfinaktas/Projects/covid_project_folders/jun26_bds_int_covid/data/raw/Lung_Opacity/masks/Lung_Opacity-2847.png,Lung_Opacity,Normal,False,0.26711387668562153,0.3616943359375,0.7385072149202199
/Users/berfinaktas/Projects/covid_project_folders/jun26_bds_int_covid/data/raw/Normal/images/Normal-4041.png,/Users/berfinaktas/Projects/covid_project_folders/jun26_bds_int_covid/data/raw/Normal/masks/Normal-4041.png,Normal,Lung_Opacity,False,0.02693911116273451,0.30145263671875,0.08936432421345257
/Users/berfinaktas/Projects/covid_project_folders/jun26_bds_int_covid/data/raw/COVID/images/COVID-1426.png,/Users/berfinaktas/Projects/covid_project_folders/jun26_bds_int_covid/data/raw/COVID/masks/COVID-1426.png,COVID,Lung_Opacity,False,0.016186071509367107,0.3045654296875,0.053144808739372884
/Users/berfinaktas/Projects/covid_project_folders/jun26_bds_int_covid/data/raw/COVID/images/COVID-2029.png,/Users/berfinaktas/Projects/covid_project_folders/jun26_bds_int_covid/data/raw/COVID/masks/COVID-2029.png,COVID,Normal,False,0.15630380862658952,0.2750244140625,0.568327030745238
/Users/berfinaktas/Projects/covid_project_folders/jun26_bds_int_covid/data/raw/Normal/images/Normal-6760.png,/Users/berfinaktas/Projects/covid_project_folders/jun26_bds_int_covid/data/raw/Normal/masks/Normal-6760.png,Normal,Normal,True,0.24692554918828463,0.345947265625,0.7137664428194875
/Users/berfinaktas/Projects/covid_project_folders/jun26_bds_int_covid/data/raw/Normal/images/Normal-9260.png,/Users/berfinaktas/Projects/covid_project_folders/jun26_bds_int_covid/data/raw/Normal/masks/Normal-9260.png,Normal,Normal,True,0.1980502579280939,0.40625,0.4875083272076157
/Users/berfinaktas/Projects/covid_project_folders/jun26_bds_int_covid/data/raw/Normal/images/Normal-8879.png,/Users/berfinaktas/Projects/covid_project_folders/jun26_bds_int_covid/data/raw/Normal/masks/Normal-8879.png,Normal,Normal,True,0.1829595628249884,0.36517333984375,0.5010211394492078
/Users/berfinaktas/Projects/covid_project_folders/jun26_bds_int_covid/data/raw/Normal/images/Normal-6874.png,/Users/berfinaktas/Projects/covid_project_folders/jun26_bds_int_covid/data/raw/Normal/masks/Normal-6874.png,Normal,COVID,False,0.35921072499500667,0.36328125,0.9887951139647495
/Users/berfinaktas/Projects/covid_project_folders/jun26_bds_int_covid/data/raw/Normal/images/Normal-8864.png,/Users/berfinaktas/Projects/covid_project_folders/jun26_bds_int_covid/data/raw/Normal/masks/Normal-8864.png,Normal,Normal,True,0.3243299242600378,0.35858154296875,0.9044802517576952
/Users/berfinaktas/Projects/covid_project_folders/jun26_bds_int_covid/data/raw/Normal/images/Normal-4251.png,/Users/berfinaktas/Projects/covid_project_folders/jun26_bds_int_covid/data/raw/Normal/masks/Normal-4251.png,Normal,Normal,True,0.22511749734549102,0.33819580078125,0.665642497113973
/Users/berfinaktas/Projects/covid_project_folders/jun26_bds_int_covid/data/raw/Normal/images/Normal-8758.png,/Users/berfinaktas/Projects/covid_project_folders/jun26_bds_int_covid/data/raw/Normal/masks/Normal-8758.png,Normal,Lung_Opacity,False,0.04332842885267977,0.3546142578125,0.12218467785237613
/Users/berfinaktas/Projects/covid_project_folders/jun26_bds_int_covid/data/raw/Normal/images/Normal-2983.png,/Users/berfinaktas/Projects/covid_project_folders/jun26_bds_int_covid/data/raw/Normal/masks/Normal-2983.png,Normal,Normal,True,0.21786497565794427,0.35113525390625,0.620458849501088
/Users/berfinaktas/Projects/covid_project_folders/jun26_bds_int_covid/data/raw/Lung_Opacity/images/Lung_Opacity-4235.png,/Users/berfinaktas/Projects/covid_project_folders/jun26_bds_int_covid/data/raw/Lung_Opacity/masks/Lung_Opacity-4235.png,Lung_Opacity,Lung_Opacity,True,0.000992053194308679,0.3077392578125,0.00322368098682138
/Users/berfinaktas/Projects/covid_project_folders/jun26_bds_int_covid/data/raw/Normal/images/Normal-10008.png,/Users/berfinaktas/Projects/covid_project_folders/jun26_bds_int_covid/data/raw/Normal/masks/Normal-10008.png,Normal,Normal,True,0.32882559817800594,0.4365234375,0.7532828020901076
/Users/berfinaktas/Projects/covid_project_folders/jun26_bds_int_covid/data/raw/Lung_Opacity/images/Lung_Opacity-2632.png,/Users/berfinaktas/Projects/covid_project_folders/jun26_bds_int_covid/data/raw/Lung_Opacity/masks/Lung_Opacity-2632.png,Lung_Opacity,Lung_Opacity,True,0.06630261292964416,0.3203125,0.20699352329254764
/Users/berfinaktas/Projects/covid_project_folders/jun26_bds_int_covid/data/raw/Viral Pneumonia/images/Viral Pneumonia-1097.png,/Users/berfinaktas/Projects/covid_project_folders/jun26_bds_int_covid/data/raw/Viral Pneumonia/masks/Viral Pneumonia-1097.png,Viral Pneumonia,Viral Pneumonia,True,0.11030354336674399,0.29736328125,0.37093868114136563
/Users/berfinaktas/Projects/covid_project_folders/jun26_bds_int_covid/data/raw/COVID/images/COVID-2247.png,/Users/berfinaktas/Projects/covid_project_folders/jun26_bds_int_covid/data/raw/COVID/masks/COVID-2247.png,COVID,COVID,True,0.3658734548172926,0.29412841796875,1.243924192514323
/Users/berfinaktas/Projects/covid_project_folders/jun26_bds_int_covid/data/raw/Viral Pneumonia/images/Viral Pneumonia-687.png,/Users/berfinaktas/Projects/covid_project_folders/jun26_bds_int_covid/data/raw/Viral Pneumonia/masks/Viral Pneumonia-687.png,Viral Pneumonia,Normal,False,0.3318439264728083,0.37554931640625,0.883622767971801
/Users/berfinaktas/Projects/covid_project_folders/jun26_bds_int_covid/data/raw/Normal/images/Normal-8378.png,/Users/berfinaktas/Projects/covid_project_folders/jun26_bds_int_covid/data/raw/Normal/masks/Normal-8378.png,Normal,COVID,False,0.27533317006506985,0.36993408203125,0.7442763006675639
/Users/berfinaktas/Projects/covid_project_folders/jun26_bds_int_covid/data/raw/COVID/images/COVID-3520.png,/Users/berfinaktas/Projects/covid_project_folders/jun26_bds_int_covid/data/raw/COVID/masks/COVID-3520.png,COVID,COVID,True,0.3504283867587624,0.371337890625,0.9436914346902636
/Users/berfinaktas/Projects/covid_project_folders/jun26_bds_int_covid/data/raw/Lung_Opacity/images/Lung_Opacity-6005.png,/Users/berfinaktas/Projects/covid_project_folders/jun26_bds_int_covid/data/raw/Lung_Opacity/masks/Lung_Opacity-6005.png,Lung_Opacity,Lung_Opacity,True,0.01909234237742278,0.20428466796875,0.09345949731451891
/Users/berfinaktas/Projects/covid_project_folders/jun26_bds_int_covid/data/raw/Normal/images/Normal-9619.png,/Users/berfinaktas/Projects/covid_project_folders/jun26_bds_int_covid/data/raw/Normal/masks/Normal-9619.png,Normal,Normal,True,0.2003889677273924,0.35235595703125,0.5687117351889134
/Users/berfinaktas/Projects/covid_project_folders/jun26_bds_int_covid/data/raw/COVID/images/COVID-2351.png,/Users/berfinaktas/Projects/covid_project_folders/jun26_bds_int_covid/data/raw/COVID/masks/COVID-2351.png,COVID,COVID,True,0.3552458914165182,0.3536376953125,1.0045475811129159
/Users/berfinaktas/Projects/covid_project_folders/jun26_bds_int_covid/data/raw/Normal/images/Normal-6912.png,/Users/berfinaktas/Projects/covid_project_folders/jun26_bds_int_covid/data/raw/Normal/masks/Normal-6912.png,Normal,Normal,True,0.23147463707524332,0.36822509765625,0.6286226510593049
/Users/berfinaktas/Projects/covid_project_folders/jun26_bds_int_covid/data/raw/Normal/images/Normal-300.png,/Users/berfinaktas/Projects/covid_project_folders/jun26_bds_int_covid/data/raw/Normal/masks/Normal-300.png,Normal,Normal,True,0.2302909715857012,0.24603271484375,0.9360176825750752
/Users/berfinaktas/Projects/covid_project_folders/jun26_bds_int_covid/data/raw/Normal/images/Normal-3246.png,/Users/berfinaktas/Projects/covid_project_folders/jun26_bds_int_covid/data/raw/Normal/masks/Normal-3246.png,Normal,Normal,True,0.17634331021585883,0.32159423828125,0.5483410124457452
/Users/berfinaktas/Projects/covid_project_folders/jun26_bds_int_covid/data/raw/Normal/images/Normal-8188.png,/Users/berfinaktas/Projects/covid_project_folders/jun26_bds_int_covid/data/raw/Normal/masks/Normal-8188.png,Normal,Normal,True,0.28261679404443146,0.26422119140625,1.0696219805091165
/Users/berfinaktas/Projects/covid_project_folders/jun26_bds_int_covid/data/raw/Normal/images/Normal-2956.png,/Users/berfinaktas/Projects/covid_project_folders/jun26_bds_int_covid/data/raw/Normal/masks/Normal-2956.png,Normal,Normal,True,0.3584683919849927,0.4154052734375,0.8629365463241434
/Users/berfinaktas/Projects/covid_project_folders/jun26_bds_int_covid/data/raw/Normal/images/Normal-9255.png,/Users/berfinaktas/Projects/covid_project_folders/jun26_bds_int_covid/data/raw/Normal/masks/Normal-9255.png,Normal,Normal,True,0.2753444740202412,0.4403076171875,0.6253456975807641
/Users/berfinaktas/Projects/covid_project_folders/jun26_bds_int_covid/data/raw/COVID/images/COVID-1147.png,/Users/berfinaktas/Projects/covid_project_folders/jun26_bds_int_covid/data/raw/COVID/masks/COVID-1147.png,COVID,COVID,True,0.3840034433231518,0.3699951171875,1.0378608405487495
/Users/berfinaktas/Projects/covid_project_folders/jun26_bds_int_covid/data/raw/Normal/images/Normal-7702.png,/Users/berfinaktas/Projects/covid_project_folders/jun26_bds_int_covid/data/raw/Normal/masks/Normal-7702.png,Normal,Normal,True,0.06830460554735869,0.440673828125,0.15500036804541895
/Users/berfinaktas/Projects/covid_project_folders/jun26_bds_int_covid/data/raw/Lung_Opacity/images/Lung_Opacity-504.png,/Users/berfinaktas/Projects/covid_project_folders/jun26_bds_int_covid/data/raw/Lung_Opacity/masks/Lung_Opacity-504.png,Lung_Opacity,COVID,False,0.23601222570908575,0.351806640625,0.6708577907733624
/Users/berfinaktas/Projects/covid_project_folders/jun26_bds_int_covid/data/raw/COVID/images/COVID-67.png,/Users/berfinaktas/Projects/covid_project_folders/jun26_bds_int_covid/data/raw/COVID/masks/COVID-67.png,COVID,COVID,True,0.40709589712966227,0.3623046875,1.1236285678187983
/Users/berfinaktas/Projects/covid_project_folders/jun26_bds_int_covid/data/raw/Lung_Opacity/images/Lung_Opacity-3657.png,/Users/berfinaktas/Projects/covid_project_folders/jun26_bds_int_covid/data/raw/Lung_Opacity/masks/Lung_Opacity-3657.png,Lung_Opacity,Viral Pneumonia,False,0.3294829646996553,0.36572265625,0.9009093614217545
/Users/berfinaktas/Projects/covid_project_folders/jun26_bds_int_covid/data/raw/Normal/images/Normal-731.png,/Users/berfinaktas/Projects/covid_project_folders/jun26_bds_int_covid/data/raw/Normal/masks/Normal-731.png,Normal,Normal,True,0.1846634926132902,0.268798828125,0.686995155080869
/Users/berfinaktas/Projects/covid_project_folders/jun26_bds_int_covid/data/raw/Normal/images/Normal-4727.png,/Users/berfinaktas/Projects/covid_project_folders/jun26_bds_int_covid/data/raw/Normal/masks/Normal-4727.png,Normal,Normal,True,0.2469054334542976,0.2734375,0.9029684423471456
/Users/berfinaktas/Projects/covid_project_folders/jun26_bds_int_covid/data/raw/Normal/images/Normal-2682.png,/Users/berfinaktas/Projects/covid_project_folders/jun26_bds_int_covid/data/raw/Normal/masks/Normal-2682.png,Normal,Normal,True,0.18093446330594593,0.37164306640625,0.48685009801356843
/Users/berfinaktas/Projects/covid_project_folders/jun26_bds_int_covid/data/raw/COVID/images/COVID-3119.png,/Users/berfinaktas/Projects/covid_project_folders/jun26_bds_int_covid/data/raw/COVID/masks/COVID-3119.png,COVID,COVID,True,0.3541305711740044,0.45831298828125,0.7726828177007442
/Users/berfinaktas/Projects/covid_project_folders/jun26_bds_int_covid/data/raw/Normal/images/Normal-4074.png,/Users/berfinaktas/Projects/covid_project_folders/jun26_bds_int_covid/data/raw/Normal/masks/Normal-4074.png,Normal,Normal,True,0.21101595776129145,0.31671142578125,0.6662720084719598
/Users/berfinaktas/Projects/covid_project_folders/jun26_bds_int_covid/data/raw/COVID/images/COVID-3601.png,/Users/berfinaktas/Projects/covid_project_folders/jun26_bds_int_covid/data/raw/COVID/masks/COVID-3601.png,COVID,COVID,True,0.3501297571370514,0.30615234375,1.1436455225146431
/Users/berfinaktas/Projects/covid_project_folders/jun26_bds_int_covid/data/raw/Normal/images/Normal-4023.png,/Users/berfinaktas/Projects/covid_project_folders/jun26_bds_int_covid/data/raw/Normal/masks/Normal-4023.png,Normal,Normal,True,0.23237060141751154,0.30938720703125,0.7510672585568177
/Users/berfinaktas/Projects/covid_project_folders/jun26_bds_int_covid/data/raw/COVID/images/COVID-3240.png,/Users/berfinaktas/Projects/covid_project_folders/jun26_bds_int_covid/data/raw/COVID/masks/COVID-3240.png,COVID,COVID,True,0.2527334686328221,0.35235595703125,0.717267477928314
/Users/berfinaktas/Projects/covid_project_folders/jun26_bds_int_covid/data/raw/Normal/images/Normal-3801.png,/Users/berfinaktas/Projects/covid_project_folders/jun26_bds_int_covid/data/raw/Normal/masks/Normal-3801.png,Normal,Normal,True,0.19648114897769384,0.336669921875,0.5836017303934982
/Users/berfinaktas/Projects/covid_project_folders/jun26_bds_int_covid/data/raw/Normal/images/Normal-1509.png,/Users/berfinaktas/Projects/covid_project_folders/jun26_bds_int_covid/data/raw/Normal/masks/Normal-1509.png,Normal,Normal,True,0.17657044843375244,0.29388427734375,0.6008162465500727
/Users/berfinaktas/Projects/covid_project_folders/jun26_bds_int_covid/data/raw/Normal/images/Normal-1282.png,/Users/berfinaktas/Projects/covid_project_folders/jun26_bds_int_covid/data/raw/Normal/masks/Normal-1282.png,Normal,Normal,True,0.2436991197778435,0.30078125,0.8102204501704927
/Users/berfinaktas/Projects/covid_project_folders/jun26_bds_int_covid/data/raw/Normal/images/Normal-4436.png,/Users/berfinaktas/Projects/covid_project_folders/jun26_bds_int_covid/data/raw/Normal/masks/Normal-4436.png,Normal,Normal,True,0.25216970599036764,0.3531494140625,0.7140595338655692
/Users/berfinaktas/Projects/covid_project_folders/jun26_bds_int_covid/data/raw/Normal/images/Normal-1069.png,/Users/berfinaktas/Projects/covid_project_folders/jun26_bds_int_covid/data/raw/Normal/masks/Normal-1069.png,Normal,Normal,True,0.2251368870292559,0.2872314453125,0.7838169904562959
/Users/berfinaktas/Projects/covid_project_folders/jun26_bds_int_covid/data/raw/Lung_Opacity/images/Lung_Opacity-796.png,/Users/berfinaktas/Projects/covid_project_folders/jun26_bds_int_covid/data/raw/Lung_Opacity/masks/Lung_Opacity-796.png,Lung_Opacity,Lung_Opacity,True,0.16035366358512024,0.39923095703125,0.40165638651255314
/Users/berfinaktas/Projects/covid_project_folders/jun26_bds_int_covid/data/raw/Normal/images/Normal-3004.png,/Users/berfinaktas/Projects/covid_project_folders/jun26_bds_int_covid/data/raw/Normal/masks/Normal-3004.png,Normal,Normal,True,0.22610688899632508,0.35394287109375,0.6388231193853751
/Users/berfinaktas/Projects/covid_project_folders/jun26_bds_int_covid/data/raw/Lung_Opacity/images/Lung_Opacity-4266.png,/Users/berfinaktas/Projects/covid_project_folders/jun26_bds_int_covid/data/raw/Lung_Opacity/masks/Lung_Opacity-4266.png,Lung_Opacity,Viral Pneumonia,False,0.08854916785307321,0.34991455078125,0.2530594045185333
/Users/berfinaktas/Projects/covid_project_folders/jun26_bds_int_covid/data/raw/Lung_Opacity/images/Lung_Opacity-5943.png,/Users/berfinaktas/Projects/covid_project_folders/jun26_bds_int_covid/data/raw/Lung_Opacity/masks/Lung_Opacity-5943.png,Lung_Opacity,Lung_Opacity,True,0.07380856975209506,0.33331298828125,0.2214392248339728
/Users/berfinaktas/Projects/covid_project_folders/jun26_bds_int_covid/data/raw/Normal/images/Normal-4594.png,/Users/berfinaktas/Projects/covid_project_folders/jun26_bds_int_covid/data/raw/Normal/masks/Normal-4594.png,Normal,Normal,True,0.2499006222143305,0.3055419921875,0.8178928874070297
/Users/berfinaktas/Projects/covid_project_folders/jun26_bds_int_covid/data/raw/Normal/images/Normal-1002.png,/Users/berfinaktas/Projects/covid_project_folders/jun26_bds_int_covid/data/raw/Normal/masks/Normal-1002.png,Normal,Normal,True,0.1997796309613202,0.28662109375,0.697016497800313
/Users/berfinaktas/Projects/covid_project_folders/jun26_bds_int_covid/data/raw/Normal/images/Normal-3365.png,/Users/berfinaktas/Projects/covid_project_folders/jun26_bds_int_covid/data/raw/Normal/masks/Normal-3365.png,Normal,Normal,True,0.20083478064098798,0.30511474609375,0.6582270546153125
/Users/berfinaktas/Projects/covid_project_folders/jun26_bds_int_covid/data/raw/Normal/images/Normal-2717.png,/Users/berfinaktas/Projects/covid_project_folders/jun26_bds_int_covid/data/raw/Normal/masks/Normal-2717.png,Normal,Normal,True,0.2427350635903067,0.3822021484375,0.6350960207383559
/Users/berfinaktas/Projects/covid_project_folders/jun26_bds_int_covid/data/raw/Normal/images/Normal-6899.png,/Users/berfinaktas/Projects/covid_project_folders/jun26_bds_int_covid/data/raw/Normal/masks/Normal-6899.png,Normal,Normal,True,0.1537876243960133,0.2823486328125,0.5446728141167925
/Users/berfinaktas/Projects/covid_project_folders/jun26_bds_int_covid/data/raw/Normal/images/Normal-1957.png,/Users/berfinaktas/Projects/covid_project_folders/jun26_bds_int_covid/data/raw/Normal/masks/Normal-1957.png,Normal,Normal,True,0.16575880583091843,0.40216064453125,0.41217062903836205
/Users/berfinaktas/Projects/covid_project_folders/jun26_bds_int_covid/data/raw/Normal/images/Normal-5612.png,/Users/berfinaktas/Projects/covid_project_folders/jun26_bds_int_covid/data/raw/Normal/masks/Normal-5612.png,Normal,Normal,True,0.23286190871473036,0.3040771484375,0.7657987780775075
/Users/berfinaktas/Projects/covid_project_folders/jun26_bds_int_covid/data/raw/Lung_Opacity/images/Lung_Opacity-5738.png,/Users/berfinaktas/Projects/covid_project_folders/jun26_bds_int_covid/data/raw/Lung_Opacity/masks/Lung_Opacity-5738.png,Lung_Opacity,Lung_Opacity,True,0.046667330973959954,0.393310546875,0.11865263045893232
/Users/berfinaktas/Projects/covid_project_folders/jun26_bds_int_covid/data/raw/Lung_Opacity/images/Lung_Opacity-4604.png,/Users/berfinaktas/Projects/covid_project_folders/jun26_bds_int_covid/data/raw/Lung_Opacity/masks/Lung_Opacity-4604.png,Lung_Opacity,Normal,False,0.20595957523313937,0.32275390625,0.6381319365771095
/Users/berfinaktas/Projects/covid_project_folders/jun26_bds_int_covid/data/raw/Normal/images/Normal-520.png,/Users/berfinaktas/Projects/covid_project_folders/jun26_bds_int_covid/data/raw/Normal/masks/Normal-520.png,Normal,Normal,True,0.20118542307197596,0.24908447265625,0.8076995764791115
/Users/berfinaktas/Projects/covid_project_folders/jun26_bds_int_covid/data/raw/Normal/images/Normal-3719.png,/Users/berfinaktas/Projects/covid_project_folders/jun26_bds_int_covid/data/raw/Normal/masks/Normal-3719.png,Normal,Normal,True,0.25510453463384053,0.38702392578125,0.6591440932724875
/Users/berfinaktas/Projects/covid_project_folders/jun26_bds_int_covid/data/raw/Normal/images/Normal-2528.png,/Users/berfinaktas/Projects/covid_project_folders/jun26_bds_int_covid/data/raw/Normal/masks/Normal-2528.png,Normal,COVID,False,0.3844880891593918,0.3809814453125,1.0092042378704702
/Users/berfinaktas/Projects/covid_project_folders/jun26_bds_int_covid/data/raw/Lung_Opacity/images/Lung_Opacity-2165.png,/Users/berfinaktas/Projects/covid_project_folders/jun26_bds_int_covid/data/raw/Lung_Opacity/masks/Lung_Opacity-2165.png,Lung_Opacity,Lung_Opacity,True,0.0774575741142347,0.42254638671875,0.18331141041277213
/Users/berfinaktas/Projects/covid_project_folders/jun26_bds_int_covid/data/raw/Lung_Opacity/images/Lung_Opacity-2175.png,/Users/berfinaktas/Projects/covid_project_folders/jun26_bds_int_covid/data/raw/Lung_Opacity/masks/Lung_Opacity-2175.png,Lung_Opacity,Lung_Opacity,True,0.049482768012554565,0.3223876953125,0.1534883890794574
/Users/berfinaktas/Projects/covid_project_folders/jun26_bds_int_covid/data/raw/COVID/images/COVID-545.png,/Users/berfinaktas/Projects/covid_project_folders/jun26_bds_int_covid/data/raw/COVID/masks/COVID-545.png,COVID,Lung_Opacity,False,0.020350186404142816,0.36517333984375,0.05572747017306968
/Users/berfinaktas/Projects/covid_project_folders/jun26_bds_int_covid/data/raw/Normal/images/Normal-9195.png,/Users/berfinaktas/Projects/covid_project_folders/jun26_bds_int_covid/data/raw/Normal/masks/Normal-9195.png,Normal,Normal,True,0.1970210497676389,0.3319091796875,0.5935992790351224
/Users/berfinaktas/Projects/covid_project_folders/jun26_bds_int_covid/data/raw/Normal/images/Normal-1074.png,/Users/berfinaktas/Projects/covid_project_folders/jun26_bds_int_covid/data/raw/Normal/masks/Normal-1074.png,Normal,Normal,True,0.20728435087600486,0.3497314453125,0.5926957774437109
/Users/berfinaktas/Projects/covid_project_folders/jun26_bds_int_covid/data/raw/Lung_Opacity/images/Lung_Opacity-5527.png,/Users/berfinaktas/Projects/covid_project_folders/jun26_bds_int_covid/data/raw/Lung_Opacity/masks/Lung_Opacity-5527.png,Lung_Opacity,Lung_Opacity,True,0.055012390863422994,0.316650390625,0.17373226906444147
/Users/berfinaktas/Projects/covid_project_folders/jun26_bds_int_covid/data/raw/COVID/images/COVID-735.png,/Users/berfinaktas/Projects/covid_project_folders/jun26_bds_int_covid/data/raw/COVID/masks/COVID-735.png,COVID,COVID,True,0.3006339469812166,0.31884765625,0.9428764524005078
/Users/berfinaktas/Projects/covid_project_folders/jun26_bds_int_covid/data/raw/Normal/images/Normal-2022.png,/Users/berfinaktas/Projects/covid_project_folders/jun26_bds_int_covid/data/raw/Normal/masks/Normal-2022.png,Normal,COVID,False,0.2336875965643396,0.29339599609375,0.7964921119430289
/Users/berfinaktas/Projects/covid_project_folders/jun26_bds_int_covid/data/raw/Lung_Opacity/images/Lung_Opacity-3005.png,/Users/berfinaktas/Projects/covid_project_folders/jun26_bds_int_covid/data/raw/Lung_Opacity/masks/Lung_Opacity-3005.png,Lung_Opacity,COVID,False,0.37198344469855404,0.3111572265625,1.195483867779739
/Users/berfinaktas/Projects/covid_project_folders/jun26_bds_int_covid/data/raw/Lung_Opacity/images/Lung_Opacity-5287.png,/Users/berfinaktas/Projects/covid_project_folders/jun26_bds_int_covid/data/raw/Lung_Opacity/masks/Lung_Opacity-5287.png,Lung_Opacity,Normal,False,0.263510466206343,0.30816650390625,0.8550912018864575
/Users/berfinaktas/Projects/covid_project_folders/jun26_bds_int_covid/data/raw/COVID/images/COVID-912.png,/Users/berfinaktas/Projects/covid_project_folders/jun26_bds_int_covid/data/raw/COVID/masks/COVID-912.png,COVID,COVID,True,0.43905846253616154,0.32830810546875,1.3373366518297956
/Users/berfinaktas/Projects/covid_project_folders/jun26_bds_int_covid/data/raw/Lung_Opacity/images/Lung_Opacity-1171.png,/Users/berfinaktas/Projects/covid_project_folders/jun26_bds_int_covid/data/raw/Lung_Opacity/masks/Lung_Opacity-1171.png,Lung_Opacity,Viral Pneumonia,False,0.11340500643345622,0.412353515625,0.2750188906758062
/Users/berfinaktas/Projects/covid_project_folders/jun26_bds_int_covid/data/raw/Normal/images/Normal-72.png,/Users/berfinaktas/Projects/covid_project_folders/jun26_bds_int_covid/data/raw/Normal/masks/Normal-72.png,Normal,Viral Pneumonia,False,0.13387238652514954,0.2669677734375,0.5014552310992342
/Users/berfinaktas/Projects/covid_project_folders/jun26_bds_int_covid/data/raw/Lung_Opacity/images/Lung_Opacity-402.png,/Users/berfinaktas/Projects/covid_project_folders/jun26_bds_int_covid/data/raw/Lung_Opacity/masks/Lung_Opacity-402.png,Lung_Opacity,Lung_Opacity,True,0.017326761013692904,0.33563232421875,0.051624232123721504
/Users/berfinaktas/Projects/covid_project_folders/jun26_bds_int_covid/data/raw/Lung_Opacity/images/Lung_Opacity-3942.png,/Users/berfinaktas/Projects/covid_project_folders/jun26_bds_int_covid/data/raw/Lung_Opacity/masks/Lung_Opacity-3942.png,Lung_Opacity,Normal,False,0.15761996306310275,0.32080078125,0.4913328528968561
/Users/berfinaktas/Projects/covid_project_folders/jun26_bds_int_covid/data/raw/Normal/images/Normal-1964.png,/Users/berfinaktas/Projects/covid_project_folders/jun26_bds_int_covid/data/raw/Normal/masks/Normal-1964.png,Normal,Normal,True,0.11844285851569399,0.4085693359375,0.28989659305663734
/Users/berfinaktas/Projects/covid_project_folders/jun26_bds_int_covid/data/raw/Lung_Opacity/images/Lung_Opacity-3726.png,/Users/berfinaktas/Projects/covid_project_folders/jun26_bds_int_covid/data/raw/Lung_Opacity/masks/Lung_Opacity-3726.png,Lung_Opacity,Normal,False,0.19986034105238384,0.29888916015625,0.6686771141111408
/Users/berfinaktas/Projects/covid_project_folders/jun26_bds_int_covid/data/raw/Normal/images/Normal-915.png,/Users/berfinaktas/Projects/covid_project_folders/jun26_bds_int_covid/data/raw/Normal/masks/Normal-915.png,Normal,Viral Pneumonia,False,0.052481458666785864,0.28857421875,0.18186468248659468
/Users/berfinaktas/Projects/covid_project_folders/jun26_bds_int_covid/data/raw/Lung_Opacity/images/Lung_Opacity-1964.png,/Users/berfinaktas/Projects/covid_project_folders/jun26_bds_int_covid/data/raw/Lung_Opacity/masks/Lung_Opacity-1964.png,Lung_Opacity,Lung_Opacity,True,0.03411147588253331,0.20391845703125,0.1672799822985411
/Users/berfinaktas/Projects/covid_project_folders/jun26_bds_int_covid/data/raw/COVID/images/COVID-2794.png,/Users/berfinaktas/Projects/covid_project_folders/jun26_bds_int_covid/data/raw/COVID/masks/COVID-2794.png,COVID,Normal,False,0.2757495059089992,0.3323974609375,0.829577654207316
/Users/berfinaktas/Projects/covid_project_folders/jun26_bds_int_covid/data/raw/Normal/images/Normal-10083.png,/Users/berfinaktas/Projects/covid_project_folders/jun26_bds_int_covid/data/raw/Normal/masks/Normal-10083.png,Normal,Normal,True,0.2976858620439684,0.40118408203125,0.7420181292755786
/Users/berfinaktas/Projects/covid_project_folders/jun26_bds_int_covid/data/raw/Normal/images/Normal-4995.png,/Users/berfinaktas/Projects/covid_project_folders/jun26_bds_int_covid/data/raw/Normal/masks/Normal-4995.png,Normal,Normal,True,0.22414527119498087,0.3671875,0.6104381853820756
/Users/berfinaktas/Projects/covid_project_folders/jun26_bds_int_covid/data/raw/Lung_Opacity/images/Lung_Opacity-1275.png,/Users/berfinaktas/Projects/covid_project_folders/jun26_bds_int_covid/data/raw/Lung_Opacity/masks/Lung_Opacity-1275.png,Lung_Opacity,Normal,False,0.15977176139866248,0.34136962890625,0.46803156423309245
/Users/berfinaktas/Projects/covid_project_folders/jun26_bds_int_covid/data/raw/Normal/images/Normal-9648.png,/Users/berfinaktas/Projects/covid_project_folders/jun26_bds_int_covid/data/raw/Normal/masks/Normal-9648.png,Normal,Normal,True,0.15988105196818458,0.3134765625,0.5100255364966386
/Users/berfinaktas/Projects/covid_project_folders/jun26_bds_int_covid/data/raw/Normal/images/Normal-10159.png,/Users/berfinaktas/Projects/covid_project_folders/jun26_bds_int_covid/data/raw/Normal/masks/Normal-10159.png,Normal,Normal,True,0.2766558341813914,0.32781982421875,0.8439264917571991
/Users/berfinaktas/Projects/covid_project_folders/jun26_bds_int_covid/data/raw/Normal/images/Normal-4279.png,/Users/berfinaktas/Projects/covid_project_folders/jun26_bds_int_covid/data/raw/Normal/masks/Normal-4279.png,Normal,Normal,True,0.2500773122038339,0.3155517578125,0.7925080625043742
/Users/berfinaktas/Projects/covid_project_folders/jun26_bds_int_covid/data/raw/Normal/images/Normal-5670.png,/Users/berfinaktas/Projects/covid_project_folders/jun26_bds_int_covid/data/raw/Normal/masks/Normal-5670.png,Normal,Normal,True,0.20723149712992836,0.25347900390625,0.8175489643575118
/Users/berfinaktas/Projects/covid_project_folders/jun26_bds_int_covid/data/raw/Normal/images/Normal-6550.png,/Users/berfinaktas/Projects/covid_project_folders/jun26_bds_int_covid/data/raw/Normal/masks/Normal-6550.png,Normal,Normal,True,0.250126035856457,0.35498046875,0.7046191491527152
/Users/berfinaktas/Projects/covid_project_folders/jun26_bds_int_covid/data/raw/Normal/images/Normal-4498.png,/Users/berfinaktas/Projects/covid_project_folders/jun26_bds_int_covid/data/raw/Normal/masks/Normal-4498.png,Normal,Normal,True,0.25479139634863696,0.34283447265625,0.7431907135082906
/Users/berfinaktas/Projects/covid_project_folders/jun26_bds_int_covid/data/raw/COVID/images/COVID-2516.png,/Users/berfinaktas/Projects/covid_project_folders/jun26_bds_int_covid/data/raw/COVID/masks/COVID-2516.png,COVID,COVID,True,0.32459729527854325,0.288818359375,1.1238804069830204
/Users/berfinaktas/Projects/covid_project_folders/jun26_bds_int_covid/data/raw/Lung_Opacity/images/Lung_Opacity-2663.png,/Users/berfinaktas/Projects/covid_project_folders/jun26_bds_int_covid/data/raw/Lung_Opacity/masks/Lung_Opacity-2663.png,Lung_Opacity,Lung_Opacity,True,0.03873912012328345,0.281005859375,0.13785876283663684
/Users/berfinaktas/Projects/covid_project_folders/jun26_bds_int_covid/data/raw/Lung_Opacity/images/Lung_Opacity-4004.png,/Users/berfinaktas/Projects/covid_project_folders/jun26_bds_int_covid/data/raw/Lung_Opacity/masks/Lung_Opacity-4004.png,Lung_Opacity,Lung_Opacity,True,0.12283402034652754,0.43157958984375,0.2846149893024335
/Users/berfinaktas/Projects/covid_project_folders/jun26_bds_int_covid/data/raw/Normal/images/Normal-2141.png,/Users/berfinaktas/Projects/covid_project_folders/jun26_bds_int_covid/data/raw/Normal/masks/Normal-2141.png,Normal,Normal,True,0.19607663933843053,0.2579345703125,0.7601797583816483
/Users/berfinaktas/Projects/covid_project_folders/jun26_bds_int_covid/data/raw/COVID/images/COVID-1409.png,/Users/berfinaktas/Projects/covid_project_folders/jun26_bds_int_covid/data/raw/COVID/masks/COVID-1409.png,COVID,COVID,True,0.32394937731724477,0.388671875,0.8334777949066801
/Users/berfinaktas/Projects/covid_project_folders/jun26_bds_int_covid/data/raw/Lung_Opacity/images/Lung_Opacity-1042.png,/Users/berfinaktas/Projects/covid_project_folders/jun26_bds_int_covid/data/raw/Lung_Opacity/masks/Lung_Opacity-1042.png,Lung_Opacity,Normal,False,0.40971332907200947,0.4384765625,0.9344018908011975
/Users/berfinaktas/Projects/covid_project_folders/jun26_bds_int_covid/data/raw/Normal/images/Normal-3812.png,/Users/berfinaktas/Projects/covid_project_folders/jun26_bds_int_covid/data/raw/Normal/masks/Normal-3812.png,Normal,Normal,True,0.2993925402521831,0.3092041015625,0.9682683338909924
/Users/berfinaktas/Projects/covid_project_folders/jun26_bds_int_covid/data/raw/Normal/images/Normal-5847.png,/Users/berfinaktas/Projects/covid_project_folders/jun26_bds_int_covid/data/raw/Normal/masks/Normal-5847.png,Normal,Normal,True,0.20655073645718314,0.35089111328125,0.5886462456278463
/Users/berfinaktas/Projects/covid_project_folders/jun26_bds_int_covid/data/raw/Normal/images/Normal-2450.png,/Users/berfinaktas/Projects/covid_project_folders/jun26_bds_int_covid/data/raw/Normal/masks/Normal-2450.png,Normal,Normal,True,0.22632644314658745,0.30450439453125,0.7432616645647803
/Users/berfinaktas/Projects/covid_project_folders/jun26_bds_int_covid/data/raw/Normal/images/Normal-3845.png,/Users/berfinaktas/Projects/covid_project_folders/jun26_bds_int_covid/data/raw/Normal/masks/Normal-3845.png,Normal,Normal,True,0.2596854386459293,0.43719482421875,0.5939810452010199
/Users/berfinaktas/Projects/covid_project_folders/jun26_bds_int_covid/data/raw/Lung_Opacity/images/Lung_Opacity-3095.png,/Users/berfinaktas/Projects/covid_project_folders/jun26_bds_int_covid/data/raw/Lung_Opacity/masks/Lung_Opacity-3095.png,Lung_Opacity,Lung_Opacity,True,0.03364502060613264,0.36175537109375,0.09300489583446553
/Users/berfinaktas/Projects/covid_project_folders/jun26_bds_int_covid/data/raw/Normal/images/Normal-8017.png,/Users/berfinaktas/Projects/covid_project_folders/jun26_bds_int_covid/data/raw/Normal/masks/Normal-8017.png,Normal,Normal,True,0.15965063470274699,0.26824951171875,0.595157223883915
/Users/berfinaktas/Projects/covid_project_folders/jun26_bds_int_covid/data/raw/Lung_Opacity/images/Lung_Opacity-3251.png,/Users/berfinaktas/Projects/covid_project_folders/jun26_bds_int_covid/data/raw/Lung_Opacity/masks/Lung_Opacity-3251.png,Lung_Opacity,Normal,False,0.22051324225391772,0.34259033203125,0.6436645218400477
/Users/berfinaktas/Projects/covid_project_folders/jun26_bds_int_covid/data/raw/Normal/images/Normal-414.png,/Users/berfinaktas/Projects/covid_project_folders/jun26_bds_int_covid/data/raw/Normal/masks/Normal-414.png,Normal,Normal,True,0.23197711817566033,0.3319091796875,0.6989174520393562
/Users/berfinaktas/Projects/covid_project_folders/jun26_bds_int_covid/data/raw/Normal/images/Normal-9811.png,/Users/berfinaktas/Projects/covid_project_folders/jun26_bds_int_covid/data/raw/Normal/masks/Normal-9811.png,Normal,Normal,True,0.20915147600525294,0.2344970703125,0.8919150918454097
/Users/berfinaktas/Projects/covid_project_folders/jun26_bds_int_covid/data/raw/COVID/images/COVID-3511.png,/Users/berfinaktas/Projects/covid_project_folders/jun26_bds_int_covid/data/raw/COVID/masks/COVID-3511.png,COVID,COVID,True,0.4779598646909746,0.41131591796875,1.1620261794178555
/Users/berfinaktas/Projects/covid_project_folders/jun26_bds_int_covid/data/raw/Lung_Opacity/images/Lung_Opacity-2920.png,/Users/berfinaktas/Projects/covid_project_folders/jun26_bds_int_covid/data/raw/Lung_Opacity/masks/Lung_Opacity-2920.png,Lung_Opacity,Normal,False,0.26687982638128915,0.3115234375,0.8566926088226963
/Users/berfinaktas/Projects/covid_project_folders/jun26_bds_int_covid/data/raw/Viral Pneumonia/images/Viral Pneumonia-437.png,/Users/berfinaktas/Projects/covid_project_folders/jun26_bds_int_covid/data/raw/Viral Pneumonia/masks/Viral Pneumonia-437.png,Viral Pneumonia,Viral Pneumonia,True,0.08538239415612382,0.2742919921875,0.3112828539950896
/Users/berfinaktas/Projects/covid_project_folders/jun26_bds_int_covid/data/raw/Lung_Opacity/images/Lung_Opacity-2172.png,/Users/berfinaktas/Projects/covid_project_folders/jun26_bds_int_covid/data/raw/Lung_Opacity/masks/Lung_Opacity-2172.png,Lung_Opacity,Lung_Opacity,True,0.01937048494939921,0.382080078125,0.050697448148715116
/Users/berfinaktas/Projects/covid_project_folders/jun26_bds_int_covid/data/raw/Normal/images/Normal-650.png,/Users/berfinaktas/Projects/covid_project_folders/jun26_bds_int_covid/data/raw/Normal/masks/Normal-650.png,Normal,Normal,True,0.1908191381092683,0.2088623046875,0.9136121445886183
/Users/berfinaktas/Projects/covid_project_folders/jun26_bds_int_covid/data/raw/Normal/images/Normal-7448.png,/Users/berfinaktas/Projects/covid_project_folders/jun26_bds_int_covid/data/raw/Normal/masks/Normal-7448.png,Normal,Normal,True,0.3043482273454699,0.4124755859375,0.7378575550204467
/Users/berfinaktas/Projects/covid_project_folders/jun26_bds_int_covid/data/raw/Normal/images/Normal-389.png,/Users/berfinaktas/Projects/covid_project_folders/jun26_bds_int_covid/data/raw/Normal/masks/Normal-389.png,Normal,Viral Pneumonia,False,0.09750855550214108,0.28765869140625,0.33897309003757253
/Users/berfinaktas/Projects/covid_project_folders/jun26_bds_int_covid/data/raw/Normal/images/Normal-8025.png,/Users/berfinaktas/Projects/covid_project_folders/jun26_bds_int_covid/data/raw/Normal/masks/Normal-8025.png,Normal,Normal,True,0.27896784778278744,0.395751953125,0.7049058016769262
/Users/berfinaktas/Projects/covid_project_folders/jun26_bds_int_covid/data/raw/Normal/images/Normal-4231.png,/Users/berfinaktas/Projects/covid_project_folders/jun26_bds_int_covid/data/raw/Normal/masks/Normal-4231.png,Normal,Normal,True,0.19553722930670628,0.23388671875,0.8360339156996544
/Users/berfinaktas/Projects/covid_project_folders/jun26_bds_int_covid/data/raw/Normal/images/Normal-910.png,/Users/berfinaktas/Projects/covid_project_folders/jun26_bds_int_covid/data/raw/Normal/masks/Normal-910.png,Normal,Viral Pneumonia,False,0.15355402301913754,0.2691650390625,0.5704827920964964
/Users/berfinaktas/Projects/covid_project_folders/jun26_bds_int_covid/data/raw/Viral Pneumonia/images/Viral Pneumonia-147.png,/Users/berfinaktas/Projects/covid_project_folders/jun26_bds_int_covid/data/raw/Viral Pneumonia/masks/Viral Pneumonia-147.png,Viral Pneumonia,Viral Pneumonia,True,0.20999458081072606,0.30535888671875,0.6876976238262914
/Users/berfinaktas/Projects/covid_project_folders/jun26_bds_int_covid/data/raw/Viral Pneumonia/images/Viral Pneumonia-700.png,/Users/berfinaktas/Projects/covid_project_folders/jun26_bds_int_covid/data/raw/Viral Pneumonia/masks/Viral Pneumonia-700.png,Viral Pneumonia,Viral Pneumonia,True,0.291030616121773,0.31671142578125,0.9189141673808304
/Users/berfinaktas/Projects/covid_project_folders/jun26_bds_int_covid/data/raw/Normal/images/Normal-2882.png,/Users/berfinaktas/Projects/covid_project_folders/jun26_bds_int_covid/data/raw/Normal/masks/Normal-2882.png,Normal,Lung_Opacity,False,0.035079810825637665,0.27203369140625,0.12895391980418386
/Users/berfinaktas/Projects/covid_project_folders/jun26_bds_int_covid/data/raw/Normal/images/Normal-6431.png,/Users/berfinaktas/Projects/covid_project_folders/jun26_bds_int_covid/data/raw/Normal/masks/Normal-6431.png,Normal,Normal,True,0.18287904329338583,0.31951904296875,0.5723572579405604
/Users/berfinaktas/Projects/covid_project_folders/jun26_bds_int_covid/data/raw/Lung_Opacity/images/Lung_Opacity-2197.png,/Users/berfinaktas/Projects/covid_project_folders/jun26_bds_int_covid/data/raw/Lung_Opacity/masks/Lung_Opacity-2197.png,Lung_Opacity,Normal,False,0.2709974370985102,0.43817138671875,0.6184736048783941
/Users/berfinaktas/Projects/covid_project_folders/jun26_bds_int_covid/data/raw/Viral Pneumonia/images/Viral Pneumonia-398.png,/Users/berfinaktas/Projects/covid_project_folders/jun26_bds_int_covid/data/raw/Viral Pneumonia/masks/Viral Pneumonia-398.png,Viral Pneumonia,Viral Pneumonia,True,0.07961713117588542,0.24285888671875,0.32783289197931814
/Users/berfinaktas/Projects/covid_project_folders/jun26_bds_int_covid/data/raw/Normal/images/Normal-9991.png,/Users/berfinaktas/Projects/covid_project_folders/jun26_bds_int_covid/data/raw/Normal/masks/Normal-9991.png,Normal,Lung_Opacity,False,0.025205302434317792,0.25933837890625,0.09719079197078435
/Users/berfinaktas/Projects/covid_project_folders/jun26_bds_int_covid/data/raw/COVID/images/COVID-2739.png,/Users/berfinaktas/Projects/covid_project_folders/jun26_bds_int_covid/data/raw/COVID/masks/COVID-2739.png,COVID,Normal,False,0.2179621108557776,0.366455078125,0.5947853471454131
/Users/berfinaktas/Projects/covid_project_folders/jun26_bds_int_covid/data/raw/Normal/images/Normal-3179.png,/Users/berfinaktas/Projects/covid_project_folders/jun26_bds_int_covid/data/raw/Normal/masks/Normal-3179.png,Normal,Normal,True,0.16868105772406985,0.30194091796875,0.5586558418740976
/Users/berfinaktas/Projects/covid_project_folders/jun26_bds_int_covid/data/raw/Normal/images/Normal-555.png,/Users/berfinaktas/Projects/covid_project_folders/jun26_bds_int_covid/data/raw/Normal/masks/Normal-555.png,Normal,Normal,True,0.24210066673956912,0.30194091796875,0.8018147005985649
/Users/berfinaktas/Projects/covid_project_folders/jun26_bds_int_covid/data/raw/Normal/images/Normal-2453.png,/Users/berfinaktas/Projects/covid_project_folders/jun26_bds_int_covid/data/raw/Normal/masks/Normal-2453.png,Normal,Normal,True,0.3294092098128155,0.39508056640625,0.8337773047386327
/Users/berfinaktas/Projects/covid_project_folders/jun26_bds_int_covid/data/raw/Normal/images/Normal-6296.png,/Users/berfinaktas/Projects/covid_project_folders/jun26_bds_int_covid/data/raw/Normal/masks/Normal-6296.png,Normal,Normal,True,0.20136295032871074,0.3011474609375,0.6686523263448717
/Users/berfinaktas/Projects/covid_project_folders/jun26_bds_int_covid/data/raw/Lung_Opacity/images/Lung_Opacity-5632.png,/Users/berfinaktas/Projects/covid_project_folders/jun26_bds_int_covid/data/raw/Lung_Opacity/masks/Lung_Opacity-5632.png,Lung_Opacity,Lung_Opacity,True,0.025767934175442125,0.30181884765625,0.08537549717501391
/Users/berfinaktas/Projects/covid_project_folders/jun26_bds_int_covid/data/raw/Lung_Opacity/images/Lung_Opacity-3383.png,/Users/berfinaktas/Projects/covid_project_folders/jun26_bds_int_covid/data/raw/Lung_Opacity/masks/Lung_Opacity-3383.png,Lung_Opacity,Lung_Opacity,True,0.14933076681467872,0.42559814453125,0.35087269231201723
/Users/berfinaktas/Projects/covid_project_folders/jun26_bds_int_covid/data/raw/Normal/images/Normal-9770.png,/Users/berfinaktas/Projects/covid_project_folders/jun26_bds_int_covid/data/raw/Normal/masks/Normal-9770.png,Normal,Normal,True,0.24113865606035148,0.31927490234375,0.7552696885667748
/Users/berfinaktas/Projects/covid_project_folders/jun26_bds_int_covid/data/raw/Normal/images/Normal-5978.png,/Users/berfinaktas/Projects/covid_project_folders/jun26_bds_int_covid/data/raw/Normal/masks/Normal-5978.png,Normal,Normal,True,0.3623223138804798,0.44989013671875,0.8053573179511303
/Users/berfinaktas/Projects/covid_project_folders/jun26_bds_int_covid/data/raw/Lung_Opacity/images/Lung_Opacity-556.png,/Users/berfinaktas/Projects/covid_project_folders/jun26_bds_int_covid/data/raw/Lung_Opacity/masks/Lung_Opacity-556.png,Lung_Opacity,Lung_Opacity,True,0.10433695995128414,0.34716796875,0.3005374036290154
/Users/berfinaktas/Projects/covid_project_folders/jun26_bds_int_covid/data/raw/COVID/images/COVID-2715.png,/Users/berfinaktas/Projects/covid_project_folders/jun26_bds_int_covid/data/raw/COVID/masks/COVID-2715.png,COVID,COVID,True,0.3421544929783598,0.287353515625,1.1907092635848444
/Users/berfinaktas/Projects/covid_project_folders/jun26_bds_int_covid/data/raw/Viral Pneumonia/images/Viral Pneumonia-415.png,/Users/berfinaktas/Projects/covid_project_folders/jun26_bds_int_covid/data/raw/Viral Pneumonia/masks/Viral Pneumonia-415.png,Viral Pneumonia,Viral Pneumonia,True,0.10085442232948946,0.26568603515625,0.3796000127375041
/Users/berfinaktas/Projects/covid_project_folders/jun26_bds_int_covid/data/raw/Normal/images/Normal-3108.png,/Users/berfinaktas/Projects/covid_project_folders/jun26_bds_int_covid/data/raw/Normal/masks/Normal-3108.png,Normal,Normal,True,0.18622325469833387,0.35821533203125,0.5198639981219121
/Users/berfinaktas/Projects/covid_project_folders/jun26_bds_int_covid/data/raw/COVID/images/COVID-3341.png,/Users/berfinaktas/Projects/covid_project_folders/jun26_bds_int_covid/data/raw/COVID/masks/COVID-3341.png,COVID,COVID,True,0.3725745474788366,0.3114013671875,1.1964448031935044
/Users/berfinaktas/Projects/covid_project_folders/jun26_bds_int_covid/data/raw/COVID/images/COVID-1127.png,/Users/berfinaktas/Projects/covid_project_folders/jun26_bds_int_covid/data/raw/COVID/masks/COVID-1127.png,COVID,COVID,True,0.2615658838598767,0.414794921875,0.630590853613923
/Users/berfinaktas/Projects/covid_project_folders/jun26_bds_int_covid/data/raw/Viral Pneumonia/images/Viral Pneumonia-127.png,/Users/berfinaktas/Projects/covid_project_folders/jun26_bds_int_covid/data/raw/Viral Pneumonia/masks/Viral Pneumonia-127.png,Viral Pneumonia,Viral Pneumonia,True,0.17155906650653724,0.27783203125,0.6174920355103485
/Users/berfinaktas/Projects/covid_project_folders/jun26_bds_int_covid/data/raw/COVID/images/COVID-2202.png,/Users/berfinaktas/Projects/covid_project_folders/jun26_bds_int_covid/data/raw/COVID/masks/COVID-2202.png,COVID,Normal,False,0.1525981685997665,0.3343505859375,0.45640167841156887
/Users/berfinaktas/Projects/covid_project_folders/jun26_bds_int_covid/data/raw/Lung_Opacity/images/Lung_Opacity-1401.png,/Users/berfinaktas/Projects/covid_project_folders/jun26_bds_int_covid/data/raw/Lung_Opacity/masks/Lung_Opacity-1401.png,Lung_Opacity,Lung_Opacity,True,0.09475915299561936,0.346923828125,0.27314109125267905
/Users/berfinaktas/Projects/covid_project_folders/jun26_bds_int_covid/data/raw/Lung_Opacity/images/Lung_Opacity-3902.png,/Users/berfinaktas/Projects/covid_project_folders/jun26_bds_int_covid/data/raw/Lung_Opacity/masks/Lung_Opacity-3902.png,Lung_Opacity,Lung_Opacity,True,0.03907820546724369,0.3372802734375,0.11586270690830992
/Users/berfinaktas/Projects/covid_project_folders/jun26_bds_int_covid/data/raw/Normal/images/Normal-5064.png,/Users/berfinaktas/Projects/covid_project_folders/jun26_bds_int_covid/data/raw/Normal/masks/Normal-5064.png,Normal,Normal,True,0.1661886954463809,0.34698486328125,0.4789508506936684
/Users/berfinaktas/Projects/covid_project_folders/jun26_bds_int_covid/data/raw/Normal/images/Normal-3491.png,/Users/berfinaktas/Projects/covid_project_folders/jun26_bds_int_covid/data/raw/Normal/masks/Normal-3491.png,Normal,Normal,True,0.26984220697699957,0.2945556640625,0.9160991958373728
/Users/berfinaktas/Projects/covid_project_folders/jun26_bds_int_covid/data/raw/Normal/images/Normal-3143.png,/Users/berfinaktas/Projects/covid_project_folders/jun26_bds_int_covid/data/raw/Normal/masks/Normal-3143.png,Normal,Normal,True,0.2403134556245468,0.33599853515625,0.7152217360495141
/Users/berfinaktas/Projects/covid_project_folders/jun26_bds_int_covid/data/raw/Normal/images/Normal-5359.png,/Users/berfinaktas/Projects/covid_project_folders/jun26_bds_int_covid/data/raw/Normal/masks/Normal-5359.png,Normal,Normal,True,0.24768291982093063,0.33428955078125,0.7409233080785333
/Users/berfinaktas/Projects/covid_project_folders/jun26_bds_int_covid/data/raw/Lung_Opacity/images/Lung_Opacity-4664.png,/Users/berfinaktas/Projects/covid_project_folders/jun26_bds_int_covid/data/raw/Lung_Opacity/masks/Lung_Opacity-4664.png,Lung_Opacity,COVID,False,0.34210956507133555,0.38739013671875,0.8831137725112276
/Users/berfinaktas/Projects/covid_project_folders/jun26_bds_int_covid/data/raw/Normal/images/Normal-5565.png,/Users/berfinaktas/Projects/covid_project_folders/jun26_bds_int_covid/data/raw/Normal/masks/Normal-5565.png,Normal,Normal,True,0.2586637099572373,0.280517578125,0.9220944786639199
/Users/berfinaktas/Projects/covid_project_folders/jun26_bds_int_covid/data/raw/COVID/images/COVID-2868.png,/Users/berfinaktas/Projects/covid_project_folders/jun26_bds_int_covid/data/raw/COVID/masks/COVID-2868.png,COVID,COVID,True,0.35267599079791395,0.2901611328125,1.215448765930379
/Users/berfinaktas/Projects/covid_project_folders/jun26_bds_int_covid/data/raw/Normal/images/Normal-1328.png,/Users/berfinaktas/Projects/covid_project_folders/jun26_bds_int_covid/data/raw/Normal/masks/Normal-1328.png,Normal,Normal,True,0.20299601742529702,0.3631591796875,0.5589725629405153
/Users/berfinaktas/Projects/covid_project_folders/jun26_bds_int_covid/data/raw/Normal/images/Normal-1869.png,/Users/berfinaktas/Projects/covid_project_folders/jun26_bds_int_covid/data/raw/Normal/masks/Normal-1869.png,Normal,Normal,True,0.2501964445597315,0.3978271484375,0.6289074175616203
/Users/berfinaktas/Projects/covid_project_folders/jun26_bds_int_covid/data/raw/COVID/images/COVID-1919.png,/Users/berfinaktas/Projects/covid_project_folders/jun26_bds_int_covid/data/raw/COVID/masks/COVID-1919.png,COVID,COVID,True,0.3489612539674241,0.2882080078125,1.2107965237192453
/Users/berfinaktas/Projects/covid_project_folders/jun26_bds_int_covid/data/raw/COVID/images/COVID-655.png,/Users/berfinaktas/Projects/covid_project_folders/jun26_bds_int_covid/data/raw/COVID/masks/COVID-655.png,COVID,Normal,False,0.10515282513567036,0.294921875,0.3565446786057167
/Users/berfinaktas/Projects/covid_project_folders/jun26_bds_int_covid/data/raw/Normal/images/Normal-7665.png,/Users/berfinaktas/Projects/covid_project_folders/jun26_bds_int_covid/data/raw/Normal/masks/Normal-7665.png,Normal,Normal,True,0.3036458388687481,0.33251953125,0.9131669280516829
/Users/berfinaktas/Projects/covid_project_folders/jun26_bds_int_covid/data/raw/Normal/images/Normal-8261.png,/Users/berfinaktas/Projects/covid_project_folders/jun26_bds_int_covid/data/raw/Normal/masks/Normal-8261.png,Normal,Normal,True,0.1759702992241472,0.2547607421875,0.6907276910609553
/Users/berfinaktas/Projects/covid_project_folders/jun26_bds_int_covid/data/raw/Normal/images/Normal-4493.png,/Users/berfinaktas/Projects/covid_project_folders/jun26_bds_int_covid/data/raw/Normal/masks/Normal-4493.png,Normal,Normal,True,0.23769458130691887,0.34222412109375,0.6945582343735613
/Users/berfinaktas/Projects/covid_project_folders/jun26_bds_int_covid/data/raw/COVID/images/COVID-2443.png,/Users/berfinaktas/Projects/covid_project_folders/jun26_bds_int_covid/data/raw/COVID/masks/COVID-2443.png,COVID,COVID,True,0.35765468412986395,0.32177734375,1.1114974098603358
/Users/berfinaktas/Projects/covid_project_folders/jun26_bds_int_covid/data/raw/COVID/images/COVID-1355.png,/Users/berfinaktas/Projects/covid_project_folders/jun26_bds_int_covid/data/raw/COVID/masks/COVID-1355.png,COVID,COVID,True,0.34365898578036663,0.334716796875,1.026715686182627
/Users/berfinaktas/Projects/covid_project_folders/jun26_bds_int_covid/data/raw/Lung_Opacity/images/Lung_Opacity-2669.png,/Users/berfinaktas/Projects/covid_project_folders/jun26_bds_int_covid/data/raw/Lung_Opacity/masks/Lung_Opacity-2669.png,Lung_Opacity,Lung_Opacity,True,0.0938486900106832,0.37078857421875,0.2531056686642031
/Users/berfinaktas/Projects/covid_project_folders/jun26_bds_int_covid/data/raw/Lung_Opacity/images/Lung_Opacity-2269.png,/Users/berfinaktas/Projects/covid_project_folders/jun26_bds_int_covid/data/raw/Lung_Opacity/masks/Lung_Opacity-2269.png,Lung_Opacity,Lung_Opacity,True,0.005566168702988806,0.3326416015625,0.016733230831150202
/Users/berfinaktas/Projects/covid_project_folders/jun26_bds_int_covid/data/raw/Normal/images/Normal-2371.png,/Users/berfinaktas/Projects/covid_project_folders/jun26_bds_int_covid/data/raw/Normal/masks/Normal-2371.png,Normal,Normal,True,0.23476678403156945,0.40704345703125,0.5767609820922528
/Users/berfinaktas/Projects/covid_project_folders/jun26_bds_int_covid/data/raw/Viral Pneumonia/images/Viral Pneumonia-1048.png,/Users/berfinaktas/Projects/covid_project_folders/jun26_bds_int_covid/data/raw/Viral Pneumonia/masks/Viral Pneumonia-1048.png,Viral Pneumonia,Viral Pneumonia,True,0.12818105492806645,0.27935791015625,0.4588416875554819
/Users/berfinaktas/Projects/covid_project_folders/jun26_bds_int_covid/data/raw/Lung_Opacity/images/Lung_Opacity-499.png,/Users/berfinaktas/Projects/covid_project_folders/jun26_bds_int_covid/data/raw/Lung_Opacity/masks/Lung_Opacity-499.png,Lung_Opacity,Lung_Opacity,True,0.05768621245895781,0.37823486328125,0.15251426576207275
/Users/berfinaktas/Projects/covid_project_folders/jun26_bds_int_covid/data/raw/COVID/images/COVID-2761.png,/Users/berfinaktas/Projects/covid_project_folders/jun26_bds_int_covid/data/raw/COVID/masks/COVID-2761.png,COVID,COVID,True,0.36357234053926624,0.35357666015625,1.0282701928871634
/Users/berfinaktas/Projects/covid_project_folders/jun26_bds_int_covid/data/raw/Lung_Opacity/images/Lung_Opacity-2365.png,/Users/berfinaktas/Projects/covid_project_folders/jun26_bds_int_covid/data/raw/Lung_Opacity/masks/Lung_Opacity-2365.png,Lung_Opacity,Lung_Opacity,True,0.06601388770622177,0.318603515625,0.2071976122947773
/Users/berfinaktas/Projects/covid_project_folders/jun26_bds_int_covid/data/raw/Lung_Opacity/images/Lung_Opacity-5196.png,/Users/berfinaktas/Projects/covid_project_folders/jun26_bds_int_covid/data/raw/Lung_Opacity/masks/Lung_Opacity-5196.png,Lung_Opacity,Lung_Opacity,True,0.05023006561668061,0.2645263671875,0.1898868008914848
/Users/berfinaktas/Projects/covid_project_folders/jun26_bds_int_covid/data/raw/Normal/images/Normal-4149.png,/Users/berfinaktas/Projects/covid_project_folders/jun26_bds_int_covid/data/raw/Normal/masks/Normal-4149.png,Normal,COVID,False,0.30235279686238914,0.38299560546875,0.7894419480148819
/Users/berfinaktas/Projects/covid_project_folders/jun26_bds_int_covid/data/raw/Normal/images/Normal-93.png,/Users/berfinaktas/Projects/covid_project_folders/jun26_bds_int_covid/data/raw/Normal/masks/Normal-93.png,Normal,Normal,True,0.17183757292150312,0.34796142578125,0.493840869101194
/Users/berfinaktas/Projects/covid_project_folders/jun26_bds_int_covid/data/raw/Lung_Opacity/images/Lung_Opacity-4792.png,/Users/berfinaktas/Projects/covid_project_folders/jun26_bds_int_covid/data/raw/Lung_Opacity/masks/Lung_Opacity-4792.png,Lung_Opacity,Lung_Opacity,True,0.04230673450582327,0.35882568359375,0.11790330636900978
/Users/berfinaktas/Projects/covid_project_folders/jun26_bds_int_covid/data/raw/Normal/images/Normal-3562.png,/Users/berfinaktas/Projects/covid_project_folders/jun26_bds_int_covid/data/raw/Normal/masks/Normal-3562.png,Normal,Normal,True,0.057499235553770046,0.40582275390625,0.14168558810542464
/Users/berfinaktas/Projects/covid_project_folders/jun26_bds_int_covid/data/raw/Normal/images/Normal-1192.png,/Users/berfinaktas/Projects/covid_project_folders/jun26_bds_int_covid/data/raw/Normal/masks/Normal-1192.png,Normal,Viral Pneumonia,False,0.13540512950090447,0.33746337890625,0.401243921458278
/Users/berfinaktas/Projects/covid_project_folders/jun26_bds_int_covid/data/raw/Viral Pneumonia/images/Viral Pneumonia-340.png,/Users/berfinaktas/Projects/covid_project_folders/jun26_bds_int_covid/data/raw/Viral Pneumonia/masks/Viral Pneumonia-340.png,Viral Pneumonia,Normal,False,0.18528439739343097,0.32196044921875,0.5754880695533598
/Users/berfinaktas/Projects/covid_project_folders/jun26_bds_int_covid/data/raw/COVID/images/COVID-309.png,/Users/berfinaktas/Projects/covid_project_folders/jun26_bds_int_covid/data/raw/COVID/masks/COVID-309.png,COVID,COVID,True,0.3882219995628786,0.3851318359375,1.0080236514799055
/Users/berfinaktas/Projects/covid_project_folders/jun26_bds_int_covid/data/raw/Normal/images/Normal-5215.png,/Users/berfinaktas/Projects/covid_project_folders/jun26_bds_int_covid/data/raw/Normal/masks/Normal-5215.png,Normal,Normal,True,0.2393774603886826,0.2628173828125,0.9108128915485777
/Users/berfinaktas/Projects/covid_project_folders/jun26_bds_int_covid/data/raw/Normal/images/Normal-4298.png,/Users/berfinaktas/Projects/covid_project_folders/jun26_bds_int_covid/data/raw/Normal/masks/Normal-4298.png,Normal,Normal,True,0.2074977730589999,0.3797607421875,0.5463907929602466
/Users/berfinaktas/Projects/covid_project_folders/jun26_bds_int_covid/data/raw/Lung_Opacity/images/Lung_Opacity-4448.png,/Users/berfinaktas/Projects/covid_project_folders/jun26_bds_int_covid/data/raw/Lung_Opacity/masks/Lung_Opacity-4448.png,Lung_Opacity,Lung_Opacity,True,0.028954922538726103,0.3333740234375,0.08685416530107808
/Users/berfinaktas/Projects/covid_project_folders/jun26_bds_int_covid/data/raw/Lung_Opacity/images/Lung_Opacity-2833.png,/Users/berfinaktas/Projects/covid_project_folders/jun26_bds_int_covid/data/raw/Lung_Opacity/masks/Lung_Opacity-2833.png,Lung_Opacity,Lung_Opacity,True,0.04065752013574513,0.35211181640625,0.11546763908893193
/Users/berfinaktas/Projects/covid_project_folders/jun26_bds_int_covid/data/raw/Normal/images/Normal-5577.png,/Users/berfinaktas/Projects/covid_project_folders/jun26_bds_int_covid/data/raw/Normal/masks/Normal-5577.png,Normal,Normal,True,0.1632257452655093,0.34002685546875,0.48003780478013
/Users/berfinaktas/Projects/covid_project_folders/jun26_bds_int_covid/data/raw/Lung_Opacity/images/Lung_Opacity-4349.png,/Users/berfinaktas/Projects/covid_project_folders/jun26_bds_int_covid/data/raw/Lung_Opacity/masks/Lung_Opacity-4349.png,Lung_Opacity,Normal,False,0.19944442806679005,0.31036376953125,0.6426150461054647
/Users/berfinaktas/Projects/covid_project_folders/jun26_bds_int_covid/data/raw/Normal/images/Normal-1823.png,/Users/berfinaktas/Projects/covid_project_folders/jun26_bds_int_covid/data/raw/Normal/masks/Normal-1823.png,Normal,Lung_Opacity,False,0.040618058320565,0.2977294921875,0.1364260491029391
/Users/berfinaktas/Projects/covid_project_folders/jun26_bds_int_covid/data/raw/Lung_Opacity/images/Lung_Opacity-1564.png,/Users/berfinaktas/Projects/covid_project_folders/jun26_bds_int_covid/data/raw/Lung_Opacity/masks/Lung_Opacity-1564.png,Lung_Opacity,Normal,False,0.09916165053698577,0.38751220703125,0.2558929724992873
/Users/berfinaktas/Projects/covid_project_folders/jun26_bds_int_covid/data/raw/COVID/images/COVID-1564.png,/Users/berfinaktas/Projects/covid_project_folders/jun26_bds_int_covid/data/raw/COVID/masks/COVID-1564.png,COVID,Lung_Opacity,False,0.016624572642421964,0.25421142578125,0.06539663821691272
/Users/berfinaktas/Projects/covid_project_folders/jun26_bds_int_covid/data/raw/Normal/images/Normal-5682.png,/Users/berfinaktas/Projects/covid_project_folders/jun26_bds_int_covid/data/raw/Normal/masks/Normal-5682.png,Normal,Normal,True,0.2016895774884028,0.25152587890625,0.8018641197694714
/Users/berfinaktas/Projects/covid_project_folders/jun26_bds_int_covid/data/raw/Lung_Opacity/images/Lung_Opacity-5461.png,/Users/berfinaktas/Projects/covid_project_folders/jun26_bds_int_covid/data/raw/Lung_Opacity/masks/Lung_Opacity-5461.png,Lung_Opacity,Lung_Opacity,True,0.06530080862992257,0.3240966796875,0.20148558353910573
/Users/berfinaktas/Projects/covid_project_folders/jun26_bds_int_covid/data/raw/Normal/images/Normal-6838.png,/Users/berfinaktas/Projects/covid_project_folders/jun26_bds_int_covid/data/raw/Normal/masks/Normal-6838.png,Normal,Normal,True,0.2197907598724462,0.40606689453125,0.5412673695701425
/Users/berfinaktas/Projects/covid_project_folders/jun26_bds_int_covid/data/raw/Lung_Opacity/images/Lung_Opacity-646.png,/Users/berfinaktas/Projects/covid_project_folders/jun26_bds_int_covid/data/raw/Lung_Opacity/masks/Lung_Opacity-646.png,Lung_Opacity,Normal,False,0.10686451825910137,0.42742919921875,0.2500168880704151
/Users/berfinaktas/Projects/covid_project_folders/jun26_bds_int_covid/data/raw/Lung_Opacity/images/Lung_Opacity-1012.png,/Users/berfinaktas/Projects/covid_project_folders/jun26_bds_int_covid/data/raw/Lung_Opacity/masks/Lung_Opacity-1012.png,Lung_Opacity,Lung_Opacity,True,0.03424043919223176,0.31103515625,0.11008543087235581
/Users/berfinaktas/Projects/covid_project_folders/jun26_bds_int_covid/data/raw/COVID/images/COVID-2412.png,/Users/berfinaktas/Projects/covid_project_folders/jun26_bds_int_covid/data/raw/COVID/masks/COVID-2412.png,COVID,Normal,False,0.1975451145189838,0.396728515625,0.49793525481215856
/Users/berfinaktas/Projects/covid_project_folders/jun26_bds_int_covid/data/raw/COVID/images/COVID-2856.png,/Users/berfinaktas/Projects/covid_project_folders/jun26_bds_int_covid/data/raw/COVID/masks/COVID-2856.png,COVID,COVID,True,0.36848628099498004,0.35302734375,1.04378963136614
/Users/berfinaktas/Projects/covid_project_folders/jun26_bds_int_covid/data/raw/Normal/images/Normal-9571.png,/Users/berfinaktas/Projects/covid_project_folders/jun26_bds_int_covid/data/raw/Normal/masks/Normal-9571.png,Normal,Normal,True,0.16393024064987122,0.39727783203125,0.4126337475506975
/Users/berfinaktas/Projects/covid_project_folders/jun26_bds_int_covid/data/raw/Lung_Opacity/images/Lung_Opacity-3242.png,/Users/berfinaktas/Projects/covid_project_folders/jun26_bds_int_covid/data/raw/Lung_Opacity/masks/Lung_Opacity-3242.png,Lung_Opacity,Lung_Opacity,True,0.19073424409816817,0.2581787109375,0.7387682873060017
/Users/berfinaktas/Projects/covid_project_folders/jun26_bds_int_covid/data/raw/Viral Pneumonia/images/Viral Pneumonia-699.png,/Users/berfinaktas/Projects/covid_project_folders/jun26_bds_int_covid/data/raw/Viral Pneumonia/masks/Viral Pneumonia-699.png,Viral Pneumonia,Normal,False,0.186558235781174,0.2447509765625,0.7622369414061733
/Users/berfinaktas/Projects/covid_project_folders/jun26_bds_int_covid/data/raw/Lung_Opacity/images/Lung_Opacity-405.png,/Users/berfinaktas/Projects/covid_project_folders/jun26_bds_int_covid/data/raw/Lung_Opacity/masks/Lung_Opacity-405.png,Lung_Opacity,Lung_Opacity,True,0.03160238859020659,0.27935791015625,0.11312508950446684
/Users/berfinaktas/Projects/covid_project_folders/jun26_bds_int_covid/data/raw/COVID/images/COVID-2867.png,/Users/berfinaktas/Projects/covid_project_folders/jun26_bds_int_covid/data/raw/COVID/masks/COVID-2867.png,COVID,Normal,False,0.17642795797159652,0.30413818359375,0.5800914435895319
/Users/berfinaktas/Projects/covid_project_folders/jun26_bds_int_covid/data/raw/Lung_Opacity/images/Lung_Opacity-202.png,/Users/berfinaktas/Projects/covid_project_folders/jun26_bds_int_covid/data/raw/Lung_Opacity/masks/Lung_Opacity-202.png,Lung_Opacity,Lung_Opacity,True,0.02031238871773866,0.34783935546875,0.05839588993708198
/Users/berfinaktas/Projects/covid_project_folders/jun26_bds_int_covid/data/raw/Lung_Opacity/images/Lung_Opacity-1036.png,/Users/berfinaktas/Projects/covid_project_folders/jun26_bds_int_covid/data/raw/Lung_Opacity/masks/Lung_Opacity-1036.png,Lung_Opacity,Lung_Opacity,True,0.012581644865462375,0.37017822265625,0.033988074109766786
/Users/berfinaktas/Projects/covid_project_folders/jun26_bds_int_covid/data/raw/Viral Pneumonia/images/Viral Pneumonia-947.png,/Users/berfinaktas/Projects/covid_project_folders/jun26_bds_int_covid/data/raw/Viral Pneumonia/masks/Viral Pneumonia-947.png,Viral Pneumonia,Viral Pneumonia,True,0.06953368572618567,0.27801513671875,0.2501075536636281
/Users/berfinaktas/Projects/covid_project_folders/jun26_bds_int_covid/data/raw/Normal/images/Normal-5489.png,/Users/berfinaktas/Projects/covid_project_folders/jun26_bds_int_covid/data/raw/Normal/masks/Normal-5489.png,Normal,Normal,True,0.132101174373351,0.37896728515625,0.34858200047237603
/Users/berfinaktas/Projects/covid_project_folders/jun26_bds_int_covid/data/raw/Normal/images/Normal-6170.png,/Users/berfinaktas/Projects/covid_project_folders/jun26_bds_int_covid/data/raw/Normal/masks/Normal-6170.png,Normal,Normal,True,0.07400650405915966,0.4058837890625,0.1823342199256048
/Users/berfinaktas/Projects/covid_project_folders/jun26_bds_int_covid/data/raw/Normal/images/Normal-2970.png,/Users/berfinaktas/Projects/covid_project_folders/jun26_bds_int_covid/data/raw/Normal/masks/Normal-2970.png,Normal,Normal,True,0.26716200986865757,0.33074951171875,0.8077472540483642
/Users/berfinaktas/Projects/covid_project_folders/jun26_bds_int_covid/data/raw/Lung_Opacity/images/Lung_Opacity-5821.png,/Users/berfinaktas/Projects/covid_project_folders/jun26_bds_int_covid/data/raw/Lung_Opacity/masks/Lung_Opacity-5821.png,Lung_Opacity,COVID,False,0.36153656780218785,0.3759765625,0.9615933647517931
/Users/berfinaktas/Projects/covid_project_folders/jun26_bds_int_covid/data/raw/Normal/images/Normal-4740.png,/Users/berfinaktas/Projects/covid_project_folders/jun26_bds_int_covid/data/raw/Normal/masks/Normal-4740.png,Normal,Normal,True,0.07959247439572312,0.2347412109375,0.33906476872062596
/Users/berfinaktas/Projects/covid_project_folders/jun26_bds_int_covid/data/raw/Normal/images/Normal-3422.png,/Users/berfinaktas/Projects/covid_project_folders/jun26_bds_int_covid/data/raw/Normal/masks/Normal-3422.png,Normal,Normal,True,0.2710922473030112,0.4130859375,0.6562611376791571
/Users/berfinaktas/Projects/covid_project_folders/jun26_bds_int_covid/data/raw/COVID/images/COVID-1180.png,/Users/berfinaktas/Projects/covid_project_folders/jun26_bds_int_covid/data/raw/COVID/masks/COVID-1180.png,COVID,COVID,True,0.32877746546523334,0.3365478515625,0.9769114969500151
/Users/berfinaktas/Projects/covid_project_folders/jun26_bds_int_covid/data/raw/Lung_Opacity/images/Lung_Opacity-3345.png,/Users/berfinaktas/Projects/covid_project_folders/jun26_bds_int_covid/data/raw/Lung_Opacity/masks/Lung_Opacity-3345.png,Lung_Opacity,Normal,False,0.18727719432418377,0.35980224609375,0.5205003480589359
/Users/berfinaktas/Projects/covid_project_folders/jun26_bds_int_covid/data/raw/Normal/images/Normal-6928.png,/Users/berfinaktas/Projects/covid_project_folders/jun26_bds_int_covid/data/raw/Normal/masks/Normal-6928.png,Normal,Normal,True,0.17581791942928288,0.291748046875,0.6026361489391989
/Users/berfinaktas/Projects/covid_project_folders/jun26_bds_int_covid/data/raw/Normal/images/Normal-8401.png,/Users/berfinaktas/Projects/covid_project_folders/jun26_bds_int_covid/data/raw/Normal/masks/Normal-8401.png,Normal,Normal,True,0.2362486233203348,0.39984130859375,0.5908559677118556
/Users/berfinaktas/Projects/covid_project_folders/jun26_bds_int_covid/data/raw/Normal/images/Normal-9612.png,/Users/berfinaktas/Projects/covid_project_folders/jun26_bds_int_covid/data/raw/Normal/masks/Normal-9612.png,Normal,Normal,True,0.32574774153106173,0.3399658203125,0.9581779169200926
/Users/berfinaktas/Projects/covid_project_folders/jun26_bds_int_covid/data/raw/COVID/images/COVID-2860.png,/Users/berfinaktas/Projects/covid_project_folders/jun26_bds_int_covid/data/raw/COVID/masks/COVID-2860.png,COVID,Lung_Opacity,False,0.07203492413332362,0.47186279296875,0.15266074207739933
/Users/berfinaktas/Projects/covid_project_folders/jun26_bds_int_covid/data/raw/Normal/images/Normal-165.png,/Users/berfinaktas/Projects/covid_project_folders/jun26_bds_int_covid/data/raw/Normal/masks/Normal-165.png,Normal,Normal,True,0.24518033518397753,0.26666259765625,0.9194402864853027
/Users/berfinaktas/Projects/covid_project_folders/jun26_bds_int_covid/data/raw/COVID/images/COVID-1438.png,/Users/berfinaktas/Projects/covid_project_folders/jun26_bds_int_covid/data/raw/COVID/masks/COVID-1438.png,COVID,COVID,True,0.42142620289943294,0.3353271484375,1.256761359356445
/Users/berfinaktas/Projects/covid_project_folders/jun26_bds_int_covid/data/raw/Normal/images/Normal-9883.png,/Users/berfinaktas/Projects/covid_project_folders/jun26_bds_int_covid/data/raw/Normal/masks/Normal-9883.png,Normal,Normal,True,0.08409726656272794,0.33135986328125,0.25379436643281167
/Users/berfinaktas/Projects/covid_project_folders/jun26_bds_int_covid/data/raw/Normal/images/Normal-6960.png,/Users/berfinaktas/Projects/covid_project_folders/jun26_bds_int_covid/data/raw/Normal/masks/Normal-6960.png,Normal,Normal,True,0.16656925330473668,0.36956787109375,0.4507135666630563
/Users/berfinaktas/Projects/covid_project_folders/jun26_bds_int_covid/data/raw/COVID/images/COVID-1153.png,/Users/berfinaktas/Projects/covid_project_folders/jun26_bds_int_covid/data/raw/COVID/masks/COVID-1153.png,COVID,Lung_Opacity,False,0.02451943628098397,0.2894287109375,0.08471666892189822
/Users/berfinaktas/Projects/covid_project_folders/jun26_bds_int_covid/data/raw/Lung_Opacity/images/Lung_Opacity-4382.png,/Users/berfinaktas/Projects/covid_project_folders/jun26_bds_int_covid/data/raw/Lung_Opacity/masks/Lung_Opacity-4382.png,Lung_Opacity,Lung_Opacity,True,0.05515486515285182,0.3590087890625,0.15363096067057536
/Users/berfinaktas/Projects/covid_project_folders/jun26_bds_int_covid/data/raw/Normal/images/Normal-6864.png,/Users/berfinaktas/Projects/covid_project_folders/jun26_bds_int_covid/data/raw/Normal/masks/Normal-6864.png,Normal,Normal,True,0.2841611719514061,0.33209228515625,0.8556692963153534
/Users/berfinaktas/Projects/covid_project_folders/jun26_bds_int_covid/data/raw/Normal/images/Normal-3868.png,/Users/berfinaktas/Projects/covid_project_folders/jun26_bds_int_covid/data/raw/Normal/masks/Normal-3868.png,Normal,Normal,True,0.2521171383377539,0.3348388671875,0.7529506369897484
/Users/berfinaktas/Projects/covid_project_folders/jun26_bds_int_covid/data/raw/Lung_Opacity/images/Lung_Opacity-319.png,/Users/berfinaktas/Projects/covid_project_folders/jun26_bds_int_covid/data/raw/Lung_Opacity/masks/Lung_Opacity-319.png,Lung_Opacity,COVID,False,0.3842670775271081,0.3380126953125,1.1368421448544852
/Users/berfinaktas/Projects/covid_project_folders/jun26_bds_int_covid/data/raw/Normal/images/Normal-8414.png,/Users/berfinaktas/Projects/covid_project_folders/jun26_bds_int_covid/data/raw/Normal/masks/Normal-8414.png,Normal,Normal,True,0.14575326835244157,0.3050537109375,0.4777954279084439
/Users/berfinaktas/Projects/covid_project_folders/jun26_bds_int_covid/data/raw/Normal/images/Normal-8737.png,/Users/berfinaktas/Projects/covid_project_folders/jun26_bds_int_covid/data/raw/Normal/masks/Normal-8737.png,Normal,Normal,True,0.2037218499643104,0.37054443359375,0.5497906094243554
/Users/berfinaktas/Projects/covid_project_folders/jun26_bds_int_covid/data/raw/Normal/images/Normal-7755.png,/Users/berfinaktas/Projects/covid_project_folders/jun26_bds_int_covid/data/raw/Normal/masks/Normal-7755.png,Normal,Normal,True,0.22273418731986117,0.42279052734375,0.5268192471558547
/Users/berfinaktas/Projects/covid_project_folders/jun26_bds_int_covid/data/raw/Normal/images/Normal-8654.png,/Users/berfinaktas/Projects/covid_project_folders/jun26_bds_int_covid/data/raw/Normal/masks/Normal-8654.png,Normal,Normal,True,0.22837068494475943,0.408203125,0.5594535439795063
/Users/berfinaktas/Projects/covid_project_folders/jun26_bds_int_covid/data/raw/Normal/images/Normal-8321.png,/Users/berfinaktas/Projects/covid_project_folders/jun26_bds_int_covid/data/raw/Normal/masks/Normal-8321.png,Normal,Normal,True,0.17885038805344827,0.31982421875,0.5592146484480337
/Users/berfinaktas/Projects/covid_project_folders/jun26_bds_int_covid/data/raw/COVID/images/COVID-2662.png,/Users/berfinaktas/Projects/covid_project_folders/jun26_bds_int_covid/data/raw/COVID/masks/COVID-2662.png,COVID,COVID,True,0.2536347763962781,0.3392333984375,0.7476704167824075
/Users/berfinaktas/Projects/covid_project_folders/jun26_bds_int_covid/data/raw/COVID/images/COVID-366.png,/Users/berfinaktas/Projects/covid_project_folders/jun26_bds_int_covid/data/raw/COVID/masks/COVID-366.png,COVID,Normal,False,0.1932132579658503,0.3226318359375,0.598866064796158
/Users/berfinaktas/Projects/covid_project_folders/jun26_bds_int_covid/data/raw/Lung_Opacity/images/Lung_Opacity-447.png,/Users/berfinaktas/Projects/covid_project_folders/jun26_bds_int_covid/data/raw/Lung_Opacity/masks/Lung_Opacity-447.png,Lung_Opacity,Normal,False,0.2738679690255515,0.35430908203125,0.7729634460834859
/Users/berfinaktas/Projects/covid_project_folders/jun26_bds_int_covid/data/raw/Normal/images/Normal-6259.png,/Users/berfinaktas/Projects/covid_project_folders/jun26_bds_int_covid/data/raw/Normal/masks/Normal-6259.png,Normal,Normal,True,0.1778066797945794,0.34759521484375,0.5115337386750464
/Users/berfinaktas/Projects/covid_project_folders/jun26_bds_int_covid/data/raw/Normal/images/Normal-5146.png,/Users/berfinaktas/Projects/covid_project_folders/jun26_bds_int_covid/data/raw/Normal/masks/Normal-5146.png,Normal,Normal,True,0.08774826496790959,0.32855224609375,0.26707552911652066
/Users/berfinaktas/Projects/covid_project_folders/jun26_bds_int_covid/data/raw/COVID/images/COVID-2537.png,/Users/berfinaktas/Projects/covid_project_folders/jun26_bds_int_covid/data/raw/COVID/masks/COVID-2537.png,COVID,COVID,True,0.23542102281272936,0.26165771484375,0.8997289567911728
/Users/berfinaktas/Projects/covid_project_folders/jun26_bds_int_covid/data/raw/Normal/images/Normal-2074.png,/Users/berfinaktas/Projects/covid_project_folders/jun26_bds_int_covid/data/raw/Normal/masks/Normal-2074.png,Normal,Normal,True,0.2062317245761443,0.34515380859375,0.5975067330602207
/Users/berfinaktas/Projects/covid_project_folders/jun26_bds_int_covid/data/raw/Normal/images/Normal-4976.png,/Users/berfinaktas/Projects/covid_project_folders/jun26_bds_int_covid/data/raw/Normal/masks/Normal-4976.png,Normal,Normal,True,0.2230387138100059,0.28533935546875,0.7816612378744677
/Users/berfinaktas/Projects/covid_project_folders/jun26_bds_int_covid/data/raw/COVID/images/COVID-3544.png,/Users/berfinaktas/Projects/covid_project_folders/jun26_bds_int_covid/data/raw/COVID/masks/COVID-3544.png,COVID,COVID,True,0.3689487792177133,0.31060791015625,1.1878280209673835
/Users/berfinaktas/Projects/covid_project_folders/jun26_bds_int_covid/data/raw/COVID/images/COVID-1286.png,/Users/berfinaktas/Projects/covid_project_folders/jun26_bds_int_covid/data/raw/COVID/masks/COVID-1286.png,COVID,COVID,True,0.3640450896429587,0.2967529296875,1.2267615690477653
/Users/berfinaktas/Projects/covid_project_folders/jun26_bds_int_covid/data/raw/Normal/images/Normal-382.png,/Users/berfinaktas/Projects/covid_project_folders/jun26_bds_int_covid/data/raw/Normal/masks/Normal-382.png,Normal,Viral Pneumonia,False,0.06361394250790653,0.20831298828125,0.3053767459858015
/Users/berfinaktas/Projects/covid_project_folders/jun26_bds_int_covid/data/raw/COVID/images/COVID-1102.png,/Users/berfinaktas/Projects/covid_project_folders/jun26_bds_int_covid/data/raw/COVID/masks/COVID-1102.png,COVID,Normal,False,0.23872449320454142,0.3743896484375,0.637636468318097
/Users/berfinaktas/Projects/covid_project_folders/jun26_bds_int_covid/data/raw/Normal/images/Normal-2432.png,/Users/berfinaktas/Projects/covid_project_folders/jun26_bds_int_covid/data/raw/Normal/masks/Normal-2432.png,Normal,Normal,True,0.16342814018538318,0.42816162109375,0.38169731272948226
/Users/berfinaktas/Projects/covid_project_folders/jun26_bds_int_covid/data/raw/Lung_Opacity/images/Lung_Opacity-180.png,/Users/berfinaktas/Projects/covid_project_folders/jun26_bds_int_covid/data/raw/Lung_Opacity/masks/Lung_Opacity-180.png,Lung_Opacity,Normal,False,0.13549987357847637,0.30120849609375,0.44985408889762046
/Users/berfinaktas/Projects/covid_project_folders/jun26_bds_int_covid/data/raw/Normal/images/Normal-630.png,/Users/berfinaktas/Projects/covid_project_folders/jun26_bds_int_covid/data/raw/Normal/masks/Normal-630.png,Normal,Normal,True,0.22891797166681052,0.2755126953125,0.8308799396962835
/Users/berfinaktas/Projects/covid_project_folders/jun26_bds_int_covid/data/raw/Normal/images/Normal-9753.png,/Users/berfinaktas/Projects/covid_project_folders/jun26_bds_int_covid/data/raw/Normal/masks/Normal-9753.png,Normal,Normal,True,0.23819125208588524,0.4036865234375,0.5900401382181953
/Users/berfinaktas/Projects/covid_project_folders/jun26_bds_int_covid/data/raw/COVID/images/COVID-154.png,/Users/berfinaktas/Projects/covid_project_folders/jun26_bds_int_covid/data/raw/COVID/masks/COVID-154.png,COVID,COVID,True,0.36449001481952265,0.3038330078125,1.1996392934517996
/Users/berfinaktas/Projects/covid_project_folders/jun26_bds_int_covid/data/raw/Lung_Opacity/images/Lung_Opacity-4755.png,/Users/berfinaktas/Projects/covid_project_folders/jun26_bds_int_covid/data/raw/Lung_Opacity/masks/Lung_Opacity-4755.png,Lung_Opacity,Lung_Opacity,True,0.025907466456427358,0.37078857421875,0.0698712642670133
/Users/berfinaktas/Projects/covid_project_folders/jun26_bds_int_covid/data/raw/Lung_Opacity/images/Lung_Opacity-3460.png,/Users/berfinaktas/Projects/covid_project_folders/jun26_bds_int_covid/data/raw/Lung_Opacity/masks/Lung_Opacity-3460.png,Lung_Opacity,Normal,False,0.32360039200519247,0.4224853515625,0.7659446435442175
/Users/berfinaktas/Projects/covid_project_folders/jun26_bds_int_covid/data/raw/Lung_Opacity/images/Lung_Opacity-1932.png,/Users/berfinaktas/Projects/covid_project_folders/jun26_bds_int_covid/data/raw/Lung_Opacity/masks/Lung_Opacity-1932.png,Lung_Opacity,Lung_Opacity,True,0.023715099489053225,0.30120849609375,0.0787331692053998
/Users/berfinaktas/Projects/covid_project_folders/jun26_bds_int_covid/data/raw/Lung_Opacity/images/Lung_Opacity-2789.png,/Users/berfinaktas/Projects/covid_project_folders/jun26_bds_int_covid/data/raw/Lung_Opacity/masks/Lung_Opacity-2789.png,Lung_Opacity,Lung_Opacity,True,0.18810849246008213,0.326904296875,0.5754237379510801
/Users/berfinaktas/Projects/covid_project_folders/jun26_bds_int_covid/data/raw/COVID/images/COVID-2486.png,/Users/berfinaktas/Projects/covid_project_folders/jun26_bds_int_covid/data/raw/COVID/masks/COVID-2486.png,COVID,Normal,False,0.2358475525754888,0.405029296875,0.5822975137728765
/Users/berfinaktas/Projects/covid_project_folders/jun26_bds_int_covid/data/raw/Normal/images/Normal-7792.png,/Users/berfinaktas/Projects/covid_project_folders/jun26_bds_int_covid/data/raw/Normal/masks/Normal-7792.png,Normal,Normal,True,0.1492560661634267,0.3480224609375,0.4288690613857564
/Users/berfinaktas/Projects/covid_project_folders/jun26_bds_int_covid/data/raw/Lung_Opacity/images/Lung_Opacity-1404.png,/Users/berfinaktas/Projects/covid_project_folders/jun26_bds_int_covid/data/raw/Lung_Opacity/masks/Lung_Opacity-1404.png,Lung_Opacity,Lung_Opacity,True,0.08279916573696593,0.332763671875,0.24882273137095556
/Users/berfinaktas/Projects/covid_project_folders/jun26_bds_int_covid/data/raw/Normal/images/Normal-7094.png,/Users/berfinaktas/Projects/covid_project_folders/jun26_bds_int_covid/data/raw/Normal/masks/Normal-7094.png,Normal,Normal,True,0.21458192759678296,0.4046630859375,0.5302730470204664
/Users/berfinaktas/Projects/covid_project_folders/jun26_bds_int_covid/data/raw/Normal/images/Normal-966.png,/Users/berfinaktas/Projects/covid_project_folders/jun26_bds_int_covid/data/raw/Normal/masks/Normal-966.png,Normal,Normal,True,0.2089360126340124,0.29290771484375,0.7133168641374577
/Users/berfinaktas/Projects/covid_project_folders/jun26_bds_int_covid/data/raw/Normal/images/Normal-5024.png,/Users/berfinaktas/Projects/covid_project_folders/jun26_bds_int_covid/data/raw/Normal/masks/Normal-5024.png,Normal,Normal,True,0.23470073808631967,0.35888671875,0.6539688593207927
/Users/berfinaktas/Projects/covid_project_folders/jun26_bds_int_covid/data/raw/Lung_Opacity/images/Lung_Opacity-5646.png,/Users/berfinaktas/Projects/covid_project_folders/jun26_bds_int_covid/data/raw/Lung_Opacity/masks/Lung_Opacity-5646.png,Lung_Opacity,Viral Pneumonia,False,0.1971902733333643,0.4307861328125,0.45774517402859743
/Users/berfinaktas/Projects/covid_project_folders/jun26_bds_int_covid/data/raw/Normal/images/Normal-4262.png,/Users/berfinaktas/Projects/covid_project_folders/jun26_bds_int_covid/data/raw/Normal/masks/Normal-4262.png,Normal,Normal,True,0.23772782317050437,0.32550048828125,0.7303455193747503
/Users/berfinaktas/Projects/covid_project_folders/jun26_bds_int_covid/data/raw/Normal/images/Normal-4332.png,/Users/berfinaktas/Projects/covid_project_folders/jun26_bds_int_covid/data/raw/Normal/masks/Normal-4332.png,Normal,Normal,True,0.3217154452385376,0.43707275390625,0.736068405919313
/Users/berfinaktas/Projects/covid_project_folders/jun26_bds_int_covid/data/raw/Lung_Opacity/images/Lung_Opacity-2064.png,/Users/berfinaktas/Projects/covid_project_folders/jun26_bds_int_covid/data/raw/Lung_Opacity/masks/Lung_Opacity-2064.png,Lung_Opacity,Lung_Opacity,True,0.054018764383238584,0.26080322265625,0.20712460464661384
/Users/berfinaktas/Projects/covid_project_folders/jun26_bds_int_covid/data/raw/Normal/images/Normal-1213.png,/Users/berfinaktas/Projects/covid_project_folders/jun26_bds_int_covid/data/raw/Normal/masks/Normal-1213.png,Normal,Normal,True,0.15027118423872077,0.179931640625,0.8351570836388064
/Users/berfinaktas/Projects/covid_project_folders/jun26_bds_int_covid/data/raw/Lung_Opacity/images/Lung_Opacity-2457.png,/Users/berfinaktas/Projects/covid_project_folders/jun26_bds_int_covid/data/raw/Lung_Opacity/masks/Lung_Opacity-2457.png,Lung_Opacity,Lung_Opacity,True,0.10785357386812609,0.39105224609375,0.2758034890362694
/Users/berfinaktas/Projects/covid_project_folders/jun26_bds_int_covid/data/raw/Lung_Opacity/images/Lung_Opacity-612.png,/Users/berfinaktas/Projects/covid_project_folders/jun26_bds_int_covid/data/raw/Lung_Opacity/masks/Lung_Opacity-612.png,Lung_Opacity,Lung_Opacity,True,0.15836763658563016,0.39617919921875,0.39973738373424195
/Users/berfinaktas/Projects/covid_project_folders/jun26_bds_int_covid/data/raw/Normal/images/Normal-1865.png,/Users/berfinaktas/Projects/covid_project_folders/jun26_bds_int_covid/data/raw/Normal/masks/Normal-1865.png,Normal,Normal,True,0.26468800314821356,0.35626220703125,0.7429584107555818
/Users/berfinaktas/Projects/covid_project_folders/jun26_bds_int_covid/data/raw/Normal/images/Normal-8350.png,/Users/berfinaktas/Projects/covid_project_folders/jun26_bds_int_covid/data/raw/Normal/masks/Normal-8350.png,Normal,Normal,True,0.32388408109147554,0.357177734375,0.9067868736505016
/Users/berfinaktas/Projects/covid_project_folders/jun26_bds_int_covid/data/raw/COVID/images/COVID-3507.png,/Users/berfinaktas/Projects/covid_project_folders/jun26_bds_int_covid/data/raw/COVID/masks/COVID-3507.png,COVID,Viral Pneumonia,False,0.1611386068105383,0.4163818359375,0.3869972052160451
/Users/berfinaktas/Projects/covid_project_folders/jun26_bds_int_covid/data/raw/Normal/images/Normal-502.png,/Users/berfinaktas/Projects/covid_project_folders/jun26_bds_int_covid/data/raw/Normal/masks/Normal-502.png,Normal,Normal,True,0.2180646284914295,0.33941650390625,0.642469137421971
/Users/berfinaktas/Projects/covid_project_folders/jun26_bds_int_covid/data/raw/Viral Pneumonia/images/Viral Pneumonia-1065.png,/Users/berfinaktas/Projects/covid_project_folders/jun26_bds_int_covid/data/raw/Viral Pneumonia/masks/Viral Pneumonia-1065.png,Viral Pneumonia,Viral Pneumonia,True,0.1047749534252505,0.19757080078125,0.5303159829840297
/Users/berfinaktas/Projects/covid_project_folders/jun26_bds_int_covid/data/raw/COVID/images/COVID-45.png,/Users/berfinaktas/Projects/covid_project_folders/jun26_bds_int_covid/data/raw/COVID/masks/COVID-45.png,COVID,COVID,True,0.34149645855636823,0.4345703125,0.7858255585656653
/Users/berfinaktas/Projects/covid_project_folders/jun26_bds_int_covid/data/raw/COVID/images/COVID-2531.png,/Users/berfinaktas/Projects/covid_project_folders/jun26_bds_int_covid/data/raw/COVID/masks/COVID-2531.png,COVID,COVID,True,0.2905036178983309,0.41851806640625,0.6941244386242167
/Users/berfinaktas/Projects/covid_project_folders/jun26_bds_int_covid/data/raw/Normal/images/Normal-5097.png,/Users/berfinaktas/Projects/covid_project_folders/jun26_bds_int_covid/data/raw/Normal/masks/Normal-5097.png,Normal,Normal,True,0.175716078862017,0.21722412109375,0.808916053968892
/Users/berfinaktas/Projects/covid_project_folders/jun26_bds_int_covid/data/raw/COVID/images/COVID-1232.png,/Users/berfinaktas/Projects/covid_project_folders/jun26_bds_int_covid/data/raw/COVID/masks/COVID-1232.png,COVID,COVID,True,0.32792969057695237,0.3695068359375,0.8874793608214053
/Users/berfinaktas/Projects/covid_project_folders/jun26_bds_int_covid/data/raw/COVID/images/COVID-603.png,/Users/berfinaktas/Projects/covid_project_folders/jun26_bds_int_covid/data/raw/COVID/masks/COVID-603.png,COVID,COVID,True,0.33269448501986304,0.364990234375,0.9115161275193037
/Users/berfinaktas/Projects/covid_project_folders/jun26_bds_int_covid/data/raw/Normal/images/Normal-5740.png,/Users/berfinaktas/Projects/covid_project_folders/jun26_bds_int_covid/data/raw/Normal/masks/Normal-5740.png,Normal,Normal,True,0.1391922347211812,0.35687255859375,0.39003344854999705
/Users/berfinaktas/Projects/covid_project_folders/jun26_bds_int_covid/data/raw/COVID/images/COVID-529.png,/Users/berfinaktas/Projects/covid_project_folders/jun26_bds_int_covid/data/raw/COVID/masks/COVID-529.png,COVID,COVID,True,0.4469801308450345,0.36981201171875,1.2086685036747062
/Users/berfinaktas/Projects/covid_project_folders/jun26_bds_int_covid/data/raw/Lung_Opacity/images/Lung_Opacity-258.png,/Users/berfinaktas/Projects/covid_project_folders/jun26_bds_int_covid/data/raw/Lung_Opacity/masks/Lung_Opacity-258.png,Lung_Opacity,Normal,False,0.2217470277352392,0.352294921875,0.6294357765790296
/Users/berfinaktas/Projects/covid_project_folders/jun26_bds_int_covid/data/raw/Viral Pneumonia/images/Viral Pneumonia-1309.png,/Users/berfinaktas/Projects/covid_project_folders/jun26_bds_int_covid/data/raw/Viral Pneumonia/masks/Viral Pneumonia-1309.png,Viral Pneumonia,Viral Pneumonia,True,0.14771369736217183,0.33172607421875,0.44528817250815517
/Users/berfinaktas/Projects/covid_project_folders/jun26_bds_int_covid/data/raw/Normal/images/Normal-7356.png,/Users/berfinaktas/Projects/covid_project_folders/jun26_bds_int_covid/data/raw/Normal/masks/Normal-7356.png,Normal,Normal,True,0.32335513352790185,0.3370361328125,0.9594079151975994
/Users/berfinaktas/Projects/covid_project_folders/jun26_bds_int_covid/data/raw/Normal/images/Normal-5582.png,/Users/berfinaktas/Projects/covid_project_folders/jun26_bds_int_covid/data/raw/Normal/masks/Normal-5582.png,Normal,Normal,True,0.22296475532419546,0.3890380859375,0.5731180657721398
/Users/berfinaktas/Projects/covid_project_folders/jun26_bds_int_covid/data/raw/COVID/images/COVID-3009.png,/Users/berfinaktas/Projects/covid_project_folders/jun26_bds_int_covid/data/raw/COVID/masks/COVID-3009.png,COVID,Lung_Opacity,False,0.04351453004570865,0.32879638671875,0.13234491558731956
/Users/berfinaktas/Projects/covid_project_folders/jun26_bds_int_covid/data/raw/Lung_Opacity/images/Lung_Opacity-5731.png,/Users/berfinaktas/Projects/covid_project_folders/jun26_bds_int_covid/data/raw/Lung_Opacity/masks/Lung_Opacity-5731.png,Lung_Opacity,Lung_Opacity,True,0.02555674235810806,0.3199462890625,0.07987822716429654
/Users/berfinaktas/Projects/covid_project_folders/jun26_bds_int_covid/data/raw/COVID/images/COVID-1637.png,/Users/berfinaktas/Projects/covid_project_folders/jun26_bds_int_covid/data/raw/COVID/masks/COVID-1637.png,COVID,COVID,True,0.29294842817866823,0.3104248046875,0.9437017395358436
/Users/berfinaktas/Projects/covid_project_folders/jun26_bds_int_covid/data/raw/Normal/images/Normal-8459.png,/Users/berfinaktas/Projects/covid_project_folders/jun26_bds_int_covid/data/raw/Normal/masks/Normal-8459.png,Normal,Lung_Opacity,False,0.059328140242216734,0.37799072265625,0.1569566041867397
/Users/berfinaktas/Projects/covid_project_folders/jun26_bds_int_covid/data/raw/Normal/images/Normal-9487.png,/Users/berfinaktas/Projects/covid_project_folders/jun26_bds_int_covid/data/raw/Normal/masks/Normal-9487.png,Normal,Normal,True,0.30995604743270316,0.4468994140625,0.6935700465907414
/Users/berfinaktas/Projects/covid_project_folders/jun26_bds_int_covid/data/raw/Viral Pneumonia/images/Viral Pneumonia-418.png,/Users/berfinaktas/Projects/covid_project_folders/jun26_bds_int_covid/data/raw/Viral Pneumonia/masks/Viral Pneumonia-418.png,Viral Pneumonia,Viral Pneumonia,True,0.10495762269763337,0.26275634765625,0.3994484762550581
/Users/berfinaktas/Projects/covid_project_folders/jun26_bds_int_covid/data/raw/Normal/images/Normal-6710.png,/Users/berfinaktas/Projects/covid_project_folders/jun26_bds_int_covid/data/raw/Normal/masks/Normal-6710.png,Normal,Normal,True,0.31912602863286116,0.3909912109375,0.8161974481924441
/Users/berfinaktas/Projects/covid_project_folders/jun26_bds_int_covid/data/raw/Lung_Opacity/images/Lung_Opacity-545.png,/Users/berfinaktas/Projects/covid_project_folders/jun26_bds_int_covid/data/raw/Lung_Opacity/masks/Lung_Opacity-545.png,Lung_Opacity,Lung_Opacity,True,0.04850239514521095,0.35968017578125,0.13484867504821588
/Users/berfinaktas/Projects/covid_project_folders/jun26_bds_int_covid/data/raw/COVID/images/COVID-2792.png,/Users/berfinaktas/Projects/covid_project_folders/jun26_bds_int_covid/data/raw/COVID/masks/COVID-2792.png,COVID,Normal,False,0.2081921399465142,0.345703125,0.6022281110317247
/Users/berfinaktas/Projects/covid_project_folders/jun26_bds_int_covid/data/raw/Normal/images/Normal-6086.png,/Users/berfinaktas/Projects/covid_project_folders/jun26_bds_int_covid/data/raw/Normal/masks/Normal-6086.png,Normal,Normal,True,0.2524509790755782,0.345703125,0.7302536795858533
/Users/berfinaktas/Projects/covid_project_folders/jun26_bds_int_covid/data/raw/Lung_Opacity/images/Lung_Opacity-1484.png,/Users/berfinaktas/Projects/covid_project_folders/jun26_bds_int_covid/data/raw/Lung_Opacity/masks/Lung_Opacity-1484.png,Lung_Opacity,Lung_Opacity,True,0.025152118566207193,0.33056640625,0.07608794508654702
/Users/berfinaktas/Projects/covid_project_folders/jun26_bds_int_covid/data/raw/COVID/images/COVID-2169.png,/Users/berfinaktas/Projects/covid_project_folders/jun26_bds_int_covid/data/raw/COVID/masks/COVID-2169.png,COVID,COVID,True,0.2563338463344248,0.31439208984375,0.8153317294395682
/Users/berfinaktas/Projects/covid_project_folders/jun26_bds_int_covid/data/raw/Normal/images/Normal-8207.png,/Users/berfinaktas/Projects/covid_project_folders/jun26_bds_int_covid/data/raw/Normal/masks/Normal-8207.png,Normal,Normal,True,0.19945852796219898,0.35845947265625,0.5564325765592828
/Users/berfinaktas/Projects/covid_project_folders/jun26_bds_int_covid/data/raw/COVID/images/COVID-227.png,/Users/berfinaktas/Projects/covid_project_folders/jun26_bds_int_covid/data/raw/COVID/masks/COVID-227.png,COVID,Normal,False,0.1116997394379135,0.3572998046875,0.312621887760638
/Users/berfinaktas/Projects/covid_project_folders/jun26_bds_int_covid/data/raw/Lung_Opacity/images/Lung_Opacity-2893.png,/Users/berfinaktas/Projects/covid_project_folders/jun26_bds_int_covid/data/raw/Lung_Opacity/masks/Lung_Opacity-2893.png,Lung_Opacity,Viral Pneumonia,False,0.15671324640216266,0.33441162109375,0.46862380526611297
/Users/berfinaktas/Projects/covid_project_folders/jun26_bds_int_covid/data/raw/Normal/images/Normal-8493.png,/Users/berfinaktas/Projects/covid_project_folders/jun26_bds_int_covid/data/raw/Normal/masks/Normal-8493.png,Normal,Normal,True,0.25600860231676226,0.30792236328125,0.8314063310917409
/Users/berfinaktas/Projects/covid_project_folders/jun26_bds_int_covid/data/raw/Lung_Opacity/images/Lung_Opacity-1452.png,/Users/berfinaktas/Projects/covid_project_folders/jun26_bds_int_covid/data/raw/Lung_Opacity/masks/Lung_Opacity-1452.png,Lung_Opacity,Lung_Opacity,True,0.06468256038608702,0.33880615234375,0.19091318129447843
/Users/berfinaktas/Projects/covid_project_folders/jun26_bds_int_covid/data/raw/Normal/images/Normal-8518.png,/Users/berfinaktas/Projects/covid_project_folders/jun26_bds_int_covid/data/raw/Normal/masks/Normal-8518.png,Normal,Normal,True,0.10788521760229912,0.2301025390625,0.4688571366567822
/Users/berfinaktas/Projects/covid_project_folders/jun26_bds_int_covid/data/raw/Viral Pneumonia/images/Viral Pneumonia-1244.png,/Users/berfinaktas/Projects/covid_project_folders/jun26_bds_int_covid/data/raw/Viral Pneumonia/masks/Viral Pneumonia-1244.png,Viral Pneumonia,Viral Pneumonia,True,0.07282984271300805,0.26910400390625,0.27063827239961985
/Users/berfinaktas/Projects/covid_project_folders/jun26_bds_int_covid/data/raw/Normal/images/Normal-7314.png,/Users/berfinaktas/Projects/covid_project_folders/jun26_bds_int_covid/data/raw/Normal/masks/Normal-7314.png,Normal,Normal,True,0.1614345984491159,0.3206787109375,0.5034153903673991
/Users/berfinaktas/Projects/covid_project_folders/jun26_bds_int_covid/data/raw/Lung_Opacity/images/Lung_Opacity-2414.png,/Users/berfinaktas/Projects/covid_project_folders/jun26_bds_int_covid/data/raw/Lung_Opacity/masks/Lung_Opacity-2414.png,Lung_Opacity,Lung_Opacity,True,0.08138924645101007,0.33843994140625,0.24048357328284023
/Users/berfinaktas/Projects/covid_project_folders/jun26_bds_int_covid/data/raw/Lung_Opacity/images/Lung_Opacity-1787.png,/Users/berfinaktas/Projects/covid_project_folders/jun26_bds_int_covid/data/raw/Lung_Opacity/masks/Lung_Opacity-1787.png,Lung_Opacity,COVID,False,0.3906035522197809,0.43011474609375,0.9081380161159203
/Users/berfinaktas/Projects/covid_project_folders/jun26_bds_int_covid/data/raw/Lung_Opacity/images/Lung_Opacity-2932.png,/Users/berfinaktas/Projects/covid_project_folders/jun26_bds_int_covid/data/raw/Lung_Opacity/masks/Lung_Opacity-2932.png,Lung_Opacity,Lung_Opacity,True,0.008257479459847126,0.329833984375,0.0250352597094995
/Users/berfinaktas/Projects/covid_project_folders/jun26_bds_int_covid/data/raw/Normal/images/Normal-9402.png,/Users/berfinaktas/Projects/covid_project_folders/jun26_bds_int_covid/data/raw/Normal/masks/Normal-9402.png,Normal,Normal,True,0.2144366753816852,0.388671875,0.551716471333783
/Users/berfinaktas/Projects/covid_project_folders/jun26_bds_int_covid/data/raw/Normal/images/Normal-975.png,/Users/berfinaktas/Projects/covid_project_folders/jun26_bds_int_covid/data/raw/Normal/masks/Normal-975.png,Normal,Normal,True,0.22124862464406772,0.27435302734375,0.8064377010385775
/Users/berfinaktas/Projects/covid_project_folders/jun26_bds_int_covid/data/raw/Normal/images/Normal-4588.png,/Users/berfinaktas/Projects/covid_project_folders/jun26_bds_int_covid/data/raw/Normal/masks/Normal-4588.png,Normal,COVID,False,0.24949774912742,0.387939453125,0.643135796366213
/Users/berfinaktas/Projects/covid_project_folders/jun26_bds_int_covid/data/raw/Normal/images/Normal-9803.png,/Users/berfinaktas/Projects/covid_project_folders/jun26_bds_int_covid/data/raw/Normal/masks/Normal-9803.png,Normal,Normal,True,0.3005317675335543,0.40777587890625,0.7370023169091086
/Users/berfinaktas/Projects/covid_project_folders/jun26_bds_int_covid/data/raw/Lung_Opacity/images/Lung_Opacity-4717.png,/Users/berfinaktas/Projects/covid_project_folders/jun26_bds_int_covid/data/raw/Lung_Opacity/masks/Lung_Opacity-4717.png,Lung_Opacity,Lung_Opacity,True,0.01361556845882237,0.256103515625,0.05316431688020632
/Users/berfinaktas/Projects/covid_project_folders/jun26_bds_int_covid/data/raw/COVID/images/COVID-3450.png,/Users/berfinaktas/Projects/covid_project_folders/jun26_bds_int_covid/data/raw/COVID/masks/COVID-3450.png,COVID,COVID,True,0.35548075438369764,0.2685546875,1.3236810635960232
/Users/berfinaktas/Projects/covid_project_folders/jun26_bds_int_covid/data/raw/Normal/images/Normal-7359.png,/Users/berfinaktas/Projects/covid_project_folders/jun26_bds_int_covid/data/raw/Normal/masks/Normal-7359.png,Normal,COVID,False,0.29724313909538835,0.35137939453125,0.8459321853289635
/Users/berfinaktas/Projects/covid_project_folders/jun26_bds_int_covid/data/raw/Normal/images/Normal-9658.png,/Users/berfinaktas/Projects/covid_project_folders/jun26_bds_int_covid/data/raw/Normal/masks/Normal-9658.png,Normal,Normal,True,0.34064303565548965,0.42999267578125,0.7922065998835405
/Users/berfinaktas/Projects/covid_project_folders/jun26_bds_int_covid/data/raw/Normal/images/Normal-1819.png,/Users/berfinaktas/Projects/covid_project_folders/jun26_bds_int_covid/data/raw/Normal/masks/Normal-1819.png,Normal,Normal,True,0.09317710510526103,0.3232421875,0.2882578719872728
/Users/berfinaktas/Projects/covid_project_folders/jun26_bds_int_covid/data/raw/COVID/images/COVID-1319.png,/Users/berfinaktas/Projects/covid_project_folders/jun26_bds_int_covid/data/raw/COVID/masks/COVID-1319.png,COVID,Viral Pneumonia,False,0.19580197629898705,0.322021484375,0.6080401022901069
/Users/berfinaktas/Projects/covid_project_folders/jun26_bds_int_covid/data/raw/Lung_Opacity/images/Lung_Opacity-1331.png,/Users/berfinaktas/Projects/covid_project_folders/jun26_bds_int_covid/data/raw/Lung_Opacity/masks/Lung_Opacity-1331.png,Lung_Opacity,Normal,False,0.19796190346337547,0.36669921875,0.5398481734926671
/Users/berfinaktas/Projects/covid_project_folders/jun26_bds_int_covid/data/raw/Viral Pneumonia/images/Viral Pneumonia-503.png,/Users/berfinaktas/Projects/covid_project_folders/jun26_bds_int_covid/data/raw/Viral Pneumonia/masks/Viral Pneumonia-503.png,Viral Pneumonia,Viral Pneumonia,True,0.17590247939187506,0.34515380859375,0.5096350525829321
/Users/berfinaktas/Projects/covid_project_folders/jun26_bds_int_covid/data/raw/Viral Pneumonia/images/Viral Pneumonia-153.png,/Users/berfinaktas/Projects/covid_project_folders/jun26_bds_int_covid/data/raw/Viral Pneumonia/masks/Viral Pneumonia-153.png,Viral Pneumonia,Viral Pneumonia,True,0.09897686220459959,0.2952880859375,0.33518745563459273
/Users/berfinaktas/Projects/covid_project_folders/jun26_bds_int_covid/data/raw/Viral Pneumonia/images/Viral Pneumonia-413.png,/Users/berfinaktas/Projects/covid_project_folders/jun26_bds_int_covid/data/raw/Viral Pneumonia/masks/Viral Pneumonia-413.png,Viral Pneumonia,Viral Pneumonia,True,0.1141229838432559,0.26318359375,0.43362499241370706
/Users/berfinaktas/Projects/covid_project_folders/jun26_bds_int_covid/data/raw/Normal/images/Normal-3559.png,/Users/berfinaktas/Projects/covid_project_folders/jun26_bds_int_covid/data/raw/Normal/masks/Normal-3559.png,Normal,COVID,False,0.2974772246054937,0.36456298828125,0.8159830651157557
/Users/berfinaktas/Projects/covid_project_folders/jun26_bds_int_covid/data/raw/Normal/images/Normal-3190.png,/Users/berfinaktas/Projects/covid_project_folders/jun26_bds_int_covid/data/raw/Normal/masks/Normal-3190.png,Normal,Lung_Opacity,False,0.014583892353692585,0.258056640625,0.056514307550354616
/Users/berfinaktas/Projects/covid_project_folders/jun26_bds_int_covid/data/raw/Lung_Opacity/images/Lung_Opacity-5688.png,/Users/berfinaktas/Projects/covid_project_folders/jun26_bds_int_covid/data/raw/Lung_Opacity/masks/Lung_Opacity-5688.png,Lung_Opacity,Lung_Opacity,True,0.035218433500609284,0.32611083984375,0.10799528625752995
/Users/berfinaktas/Projects/covid_project_folders/jun26_bds_int_covid/data/raw/Lung_Opacity/images/Lung_Opacity-1647.png,/Users/berfinaktas/Projects/covid_project_folders/jun26_bds_int_covid/data/raw/Lung_Opacity/masks/Lung_Opacity-1647.png,Lung_Opacity,Lung_Opacity,True,0.024647330932156188,0.33978271484375,0.07253850727365672
/Users/berfinaktas/Projects/covid_project_folders/jun26_bds_int_covid/data/raw/Lung_Opacity/images/Lung_Opacity-726.png,/Users/berfinaktas/Projects/covid_project_folders/jun26_bds_int_covid/data/raw/Lung_Opacity/masks/Lung_Opacity-726.png,Lung_Opacity,Lung_Opacity,True,4.7736705207409583e-05,0.31646728515625,0.00015084246443938256
/Users/berfinaktas/Projects/covid_project_folders/jun26_bds_int_covid/data/raw/Lung_Opacity/images/Lung_Opacity-2977.png,/Users/berfinaktas/Projects/covid_project_folders/jun26_bds_int_covid/data/raw/Lung_Opacity/masks/Lung_Opacity-2977.png,Lung_Opacity,Viral Pneumonia,False,0.10612274075420415,0.3216552734375,0.3299269420335637
/Users/berfinaktas/Projects/covid_project_folders/jun26_bds_int_covid/data/raw/COVID/images/COVID-831.png,/Users/berfinaktas/Projects/covid_project_folders/jun26_bds_int_covid/data/raw/COVID/masks/COVID-831.png,COVID,COVID,True,0.31465832511564046,0.31689453125,0.9929433741707729
/Users/berfinaktas/Projects/covid_project_folders/jun26_bds_int_covid/data/raw/Normal/images/Normal-5616.png,/Users/berfinaktas/Projects/covid_project_folders/jun26_bds_int_covid/data/raw/Normal/masks/Normal-5616.png,Normal,Normal,True,0.2485132585930611,0.43756103515625,0.5679510711101566
/Users/berfinaktas/Projects/covid_project_folders/jun26_bds_int_covid/data/raw/COVID/images/COVID-2168.png,/Users/berfinaktas/Projects/covid_project_folders/jun26_bds_int_covid/data/raw/COVID/masks/COVID-2168.png,COVID,COVID,True,0.32004116872970234,0.30950927734375,1.03402770823653
/Users/berfinaktas/Projects/covid_project_folders/jun26_bds_int_covid/data/raw/COVID/images/COVID-1115.png,/Users/berfinaktas/Projects/covid_project_folders/jun26_bds_int_covid/data/raw/COVID/masks/COVID-1115.png,COVID,COVID,True,0.27631189017678565,0.27923583984375,0.9895287450615204
/Users/berfinaktas/Projects/covid_project_folders/jun26_bds_int_covid/data/raw/Viral Pneumonia/images/Viral Pneumonia-259.png,/Users/berfinaktas/Projects/covid_project_folders/jun26_bds_int_covid/data/raw/Viral Pneumonia/masks/Viral Pneumonia-259.png,Viral Pneumonia,Viral Pneumonia,True,0.11756322133742729,0.28094482421875,0.4184566192466671
/Users/berfinaktas/Projects/covid_project_folders/jun26_bds_int_covid/data/raw/Normal/images/Normal-10098.png,/Users/berfinaktas/Projects/covid_project_folders/jun26_bds_int_covid/data/raw/Normal/masks/Normal-10098.png,Normal,Normal,True,0.15316752342547038,0.379638671875,0.4034560617046474
/Users/berfinaktas/Projects/covid_project_folders/jun26_bds_int_covid/data/raw/Lung_Opacity/images/Lung_Opacity-5315.png,/Users/berfinaktas/Projects/covid_project_folders/jun26_bds_int_covid/data/raw/Lung_Opacity/masks/Lung_Opacity-5315.png,Lung_Opacity,Lung_Opacity,True,0.11929264389059176,0.285888671875,0.41726957248152335
/Users/berfinaktas/Projects/covid_project_folders/jun26_bds_int_covid/data/raw/Normal/images/Normal-162.png,/Users/berfinaktas/Projects/covid_project_folders/jun26_bds_int_covid/data/raw/Normal/masks/Normal-162.png,Normal,Normal,True,0.23612275936777102,0.285400390625,0.8273385991192388
/Users/berfinaktas/Projects/covid_project_folders/jun26_bds_int_covid/data/raw/Normal/images/Normal-6214.png,/Users/berfinaktas/Projects/covid_project_folders/jun26_bds_int_covid/data/raw/Normal/masks/Normal-6214.png,Normal,Normal,True,0.20633486956456903,0.3209228515625,0.642942278993134
/Users/berfinaktas/Projects/covid_project_folders/jun26_bds_int_covid/data/raw/COVID/images/COVID-975.png,/Users/berfinaktas/Projects/covid_project_folders/jun26_bds_int_covid/data/raw/COVID/masks/COVID-975.png,COVID,COVID,True,0.24913396025230525,0.26812744140625,0.9291624868594968
/Users/berfinaktas/Projects/covid_project_folders/jun26_bds_int_covid/data/raw/Lung_Opacity/images/Lung_Opacity-3190.png,/Users/berfinaktas/Projects/covid_project_folders/jun26_bds_int_covid/data/raw/Lung_Opacity/masks/Lung_Opacity-3190.png,Lung_Opacity,Viral Pneumonia,False,0.2573591699521065,0.33941650390625,0.758240000089069
/Users/berfinaktas/Projects/covid_project_folders/jun26_bds_int_covid/data/raw/Normal/images/Normal-4618.png,/Users/berfinaktas/Projects/covid_project_folders/jun26_bds_int_covid/data/raw/Normal/masks/Normal-4618.png,Normal,Normal,True,0.21992504723009104,0.41058349609375,0.5356402517939366
/Users/berfinaktas/Projects/covid_project_folders/jun26_bds_int_covid/data/raw/Normal/images/Normal-7832.png,/Users/berfinaktas/Projects/covid_project_folders/jun26_bds_int_covid/data/raw/Normal/masks/Normal-7832.png,Normal,Normal,True,0.2510087375474733,0.3955078125,0.6346492524657104
/Users/berfinaktas/Projects/covid_project_folders/jun26_bds_int_covid/data/raw/Normal/images/Normal-4442.png,/Users/berfinaktas/Projects/covid_project_folders/jun26_bds_int_covid/data/raw/Normal/masks/Normal-4442.png,Normal,Normal,True,0.15946052055671153,0.342041015625,0.4662029209138404
/Users/berfinaktas/Projects/covid_project_folders/jun26_bds_int_covid/data/raw/Normal/images/Normal-4888.png,/Users/berfinaktas/Projects/covid_project_folders/jun26_bds_int_covid/data/raw/Normal/masks/Normal-4888.png,Normal,Normal,True,0.09842766676775347,0.29937744140625,0.3287744938476805
/Users/berfinaktas/Projects/covid_project_folders/jun26_bds_int_covid/data/raw/Normal/images/Normal-7903.png,/Users/berfinaktas/Projects/covid_project_folders/jun26_bds_int_covid/data/raw/Normal/masks/Normal-7903.png,Normal,Normal,True,0.2902592570309933,0.32635498046875,0.8893973568722263
/Users/berfinaktas/Projects/covid_project_folders/jun26_bds_int_covid/data/raw/COVID/images/COVID-1176.png,/Users/berfinaktas/Projects/covid_project_folders/jun26_bds_int_covid/data/raw/COVID/masks/COVID-1176.png,COVID,COVID,True,0.3927297473966764,0.3250732421875,1.2081269585706245
/Users/berfinaktas/Projects/covid_project_folders/jun26_bds_int_covid/data/raw/Normal/images/Normal-5841.png,/Users/berfinaktas/Projects/covid_project_folders/jun26_bds_int_covid/data/raw/Normal/masks/Normal-5841.png,Normal,Normal,True,0.13125161718177286,0.37213134765625,0.3527023939488546
/Users/berfinaktas/Projects/covid_project_folders/jun26_bds_int_covid/data/raw/Lung_Opacity/images/Lung_Opacity-3765.png,/Users/berfinaktas/Projects/covid_project_folders/jun26_bds_int_covid/data/raw/Lung_Opacity/masks/Lung_Opacity-3765.png,Lung_Opacity,Normal,False,0.22477860670879152,0.29730224609375,0.7560609099398152
/Users/berfinaktas/Projects/covid_project_folders/jun26_bds_int_covid/data/raw/Normal/images/Normal-1310.png,/Users/berfinaktas/Projects/covid_project_folders/jun26_bds_int_covid/data/raw/Normal/masks/Normal-1310.png,Normal,Normal,True,0.23818283941321777,0.3145751953125,0.757157089822693
/Users/berfinaktas/Projects/covid_project_folders/jun26_bds_int_covid/data/raw/Lung_Opacity/images/Lung_Opacity-4540.png,/Users/berfinaktas/Projects/covid_project_folders/jun26_bds_int_covid/data/raw/Lung_Opacity/masks/Lung_Opacity-4540.png,Lung_Opacity,Normal,False,0.08779522606642043,0.2867431640625,0.30618071176505585
/Users/berfinaktas/Projects/covid_project_folders/jun26_bds_int_covid/data/raw/Lung_Opacity/images/Lung_Opacity-3030.png,/Users/berfinaktas/Projects/covid_project_folders/jun26_bds_int_covid/data/raw/Lung_Opacity/masks/Lung_Opacity-3030.png,Lung_Opacity,Normal,False,0.2852906577525022,0.3328857421875,0.8570227606558481
/Users/berfinaktas/Projects/covid_project_folders/jun26_bds_int_covid/data/raw/Lung_Opacity/images/Lung_Opacity-133.png,/Users/berfinaktas/Projects/covid_project_folders/jun26_bds_int_covid/data/raw/Lung_Opacity/masks/Lung_Opacity-133.png,Lung_Opacity,Lung_Opacity,True,0.042473770095306326,0.3388671875,0.12534046275963595
/Users/berfinaktas/Projects/covid_project_folders/jun26_bds_int_covid/data/raw/Lung_Opacity/images/Lung_Opacity-2205.png,/Users/berfinaktas/Projects/covid_project_folders/jun26_bds_int_covid/data/raw/Lung_Opacity/masks/Lung_Opacity-2205.png,Lung_Opacity,Lung_Opacity,True,0.015273365526945623,0.356201171875,0.042878481972837064
/Users/berfinaktas/Projects/covid_project_folders/jun26_bds_int_covid/data/raw/Normal/images/Normal-4425.png,/Users/berfinaktas/Projects/covid_project_folders/jun26_bds_int_covid/data/raw/Normal/masks/Normal-4425.png,Normal,Normal,True,0.2705527612358836,0.28125,0.9619653732831418
/Users/berfinaktas/Projects/covid_project_folders/jun26_bds_int_covid/data/raw/Lung_Opacity/images/Lung_Opacity-4858.png,/Users/berfinaktas/Projects/covid_project_folders/jun26_bds_int_covid/data/raw/Lung_Opacity/masks/Lung_Opacity-4858.png,Lung_Opacity,Lung_Opacity,True,0.043193717979794405,0.40765380859375,0.10595686111408167
/Users/berfinaktas/Projects/covid_project_folders/jun26_bds_int_covid/data/raw/Normal/images/Normal-4386.png,/Users/berfinaktas/Projects/covid_project_folders/jun26_bds_int_covid/data/raw/Normal/masks/Normal-4386.png,Normal,Normal,True,0.2631273547681249,0.41754150390625,0.6301825143284546
/Users/berfinaktas/Projects/covid_project_folders/jun26_bds_int_covid/data/raw/Normal/images/Normal-2328.png,/Users/berfinaktas/Projects/covid_project_folders/jun26_bds_int_covid/data/raw/Normal/masks/Normal-2328.png,Normal,Normal,True,0.19780421268460988,0.283447265625,0.6978518993593127
/Users/berfinaktas/Projects/covid_project_folders/jun26_bds_int_covid/data/raw/COVID/images/COVID-651.png,/Users/berfinaktas/Projects/covid_project_folders/jun26_bds_int_covid/data/raw/COVID/masks/COVID-651.png,COVID,COVID,True,0.3502319996477828,0.4019775390625,0.8712725603141928
/Users/berfinaktas/Projects/covid_project_folders/jun26_bds_int_covid/data/raw/Lung_Opacity/images/Lung_Opacity-1901.png,/Users/berfinaktas/Projects/covid_project_folders/jun26_bds_int_covid/data/raw/Lung_Opacity/masks/Lung_Opacity-1901.png,Lung_Opacity,Lung_Opacity,True,0.026110995897371408,0.3662109375,0.07130042613042219
/Users/berfinaktas/Projects/covid_project_folders/jun26_bds_int_covid/data/raw/Lung_Opacity/images/Lung_Opacity-5428.png,/Users/berfinaktas/Projects/covid_project_folders/jun26_bds_int_covid/data/raw/Lung_Opacity/masks/Lung_Opacity-5428.png,Lung_Opacity,Lung_Opacity,True,0.1028993897798832,0.3509521484375,0.29320062646149675
/Users/berfinaktas/Projects/covid_project_folders/jun26_bds_int_covid/data/raw/Lung_Opacity/images/Lung_Opacity-4388.png,/Users/berfinaktas/Projects/covid_project_folders/jun26_bds_int_covid/data/raw/Lung_Opacity/masks/Lung_Opacity-4388.png,Lung_Opacity,Lung_Opacity,True,0.007733984951699283,0.29473876953125,0.026240134489260936
/Users/berfinaktas/Projects/covid_project_folders/jun26_bds_int_covid/data/raw/Viral Pneumonia/images/Viral Pneumonia-1058.png,/Users/berfinaktas/Projects/covid_project_folders/jun26_bds_int_covid/data/raw/Viral Pneumonia/masks/Viral Pneumonia-1058.png,Viral Pneumonia,Viral Pneumonia,True,0.15802330615700635,0.25201416015625,0.6270413775917637
/Users/berfinaktas/Projects/covid_project_folders/jun26_bds_int_covid/data/raw/Viral Pneumonia/images/Viral Pneumonia-202.png,/Users/berfinaktas/Projects/covid_project_folders/jun26_bds_int_covid/data/raw/Viral Pneumonia/masks/Viral Pneumonia-202.png,Viral Pneumonia,Viral Pneumonia,True,0.11603823039616627,0.31365966796875,0.36994947787717225
/Users/berfinaktas/Projects/covid_project_folders/jun26_bds_int_covid/data/raw/Normal/images/Normal-4370.png,/Users/berfinaktas/Projects/covid_project_folders/jun26_bds_int_covid/data/raw/Normal/masks/Normal-4370.png,Normal,COVID,False,0.38622347782976446,0.46478271484375,0.8309764229498176
/Users/berfinaktas/Projects/covid_project_folders/jun26_bds_int_covid/data/raw/Lung_Opacity/images/Lung_Opacity-3786.png,/Users/berfinaktas/Projects/covid_project_folders/jun26_bds_int_covid/data/raw/Lung_Opacity/masks/Lung_Opacity-3786.png,Lung_Opacity,Lung_Opacity,True,0.07445405855750536,0.41192626953125,0.18074608022020563
/Users/berfinaktas/Projects/covid_project_folders/jun26_bds_int_covid/data/raw/Normal/images/Normal-6627.png,/Users/berfinaktas/Projects/covid_project_folders/jun26_bds_int_covid/data/raw/Normal/masks/Normal-6627.png,Normal,Normal,True,0.16826964551895618,0.32928466796875,0.5110157316371785
/Users/berfinaktas/Projects/covid_project_folders/jun26_bds_int_covid/data/raw/Lung_Opacity/images/Lung_Opacity-2159.png,/Users/berfinaktas/Projects/covid_project_folders/jun26_bds_int_covid/data/raw/Lung_Opacity/masks/Lung_Opacity-2159.png,Lung_Opacity,Lung_Opacity,True,0.08411298352064298,0.39410400390625,0.21342839120368817
/Users/berfinaktas/Projects/covid_project_folders/jun26_bds_int_covid/data/raw/Lung_Opacity/images/Lung_Opacity-3488.png,/Users/berfinaktas/Projects/covid_project_folders/jun26_bds_int_covid/data/raw/Lung_Opacity/masks/Lung_Opacity-3488.png,Lung_Opacity,Normal,False,0.10068896432600297,0.383056640625,0.26285659520669735
/Users/berfinaktas/Projects/covid_project_folders/jun26_bds_int_covid/data/raw/Viral Pneumonia/images/Viral Pneumonia-1193.png,/Users/berfinaktas/Projects/covid_project_folders/jun26_bds_int_covid/data/raw/Viral Pneumonia/masks/Viral Pneumonia-1193.png,Viral Pneumonia,Viral Pneumonia,True,0.13781553224120593,0.291259765625,0.47317051136628624
/Users/berfinaktas/Projects/covid_project_folders/jun26_bds_int_covid/data/raw/Normal/images/Normal-7958.png,/Users/berfinaktas/Projects/covid_project_folders/jun26_bds_int_covid/data/raw/Normal/masks/Normal-7958.png,Normal,Normal,True,0.20737518066482286,0.45367431640625,0.4571014341467049
/Users/berfinaktas/Projects/covid_project_folders/jun26_bds_int_covid/data/raw/Normal/images/Normal-4006.png,/Users/berfinaktas/Projects/covid_project_folders/jun26_bds_int_covid/data/raw/Normal/masks/Normal-4006.png,Normal,Normal,True,0.16002537814625797,0.37677001953125,0.42472959590932946
/Users/berfinaktas/Projects/covid_project_folders/jun26_bds_int_covid/data/raw/Normal/images/Normal-2600.png,/Users/berfinaktas/Projects/covid_project_folders/jun26_bds_int_covid/data/raw/Normal/masks/Normal-2600.png,Normal,COVID,False,0.4039240024060556,0.39044189453125,1.0345303822761942
/Users/berfinaktas/Projects/covid_project_folders/jun26_bds_int_covid/data/raw/Lung_Opacity/images/Lung_Opacity-4122.png,/Users/berfinaktas/Projects/covid_project_folders/jun26_bds_int_covid/data/raw/Lung_Opacity/masks/Lung_Opacity-4122.png,Lung_Opacity,Normal,False,0.11745951061662366,0.34735107421875,0.3381579022918225
/Users/berfinaktas/Projects/covid_project_folders/jun26_bds_int_covid/data/raw/Lung_Opacity/images/Lung_Opacity-5680.png,/Users/berfinaktas/Projects/covid_project_folders/jun26_bds_int_covid/data/raw/Lung_Opacity/masks/Lung_Opacity-5680.png,Lung_Opacity,Lung_Opacity,True,0.002558648549015718,0.35870361328125,0.007133043700369835
/Users/berfinaktas/Projects/covid_project_folders/jun26_bds_int_covid/data/raw/Lung_Opacity/images/Lung_Opacity-3023.png,/Users/berfinaktas/Projects/covid_project_folders/jun26_bds_int_covid/data/raw/Lung_Opacity/masks/Lung_Opacity-3023.png,Lung_Opacity,Lung_Opacity,True,0.06596929179982224,0.384033203125,0.17178017750290647
/Users/berfinaktas/Projects/covid_project_folders/jun26_bds_int_covid/data/raw/Normal/images/Normal-1604.png,/Users/berfinaktas/Projects/covid_project_folders/jun26_bds_int_covid/data/raw/Normal/masks/Normal-1604.png,Normal,Normal,True,0.20718923172888895,0.37445068359375,0.5533151381656262
/Users/berfinaktas/Projects/covid_project_folders/jun26_bds_int_covid/data/raw/Normal/images/Normal-3608.png,/Users/berfinaktas/Projects/covid_project_folders/jun26_bds_int_covid/data/raw/Normal/masks/Normal-3608.png,Normal,Normal,True,0.20375745654317134,0.302734375,0.6730568887103466
/Users/berfinaktas/Projects/covid_project_folders/jun26_bds_int_covid/data/raw/Normal/images/Normal-1176.png,/Users/berfinaktas/Projects/covid_project_folders/jun26_bds_int_covid/data/raw/Normal/masks/Normal-1176.png,Normal,Normal,True,0.21301671793229066,0.281005859375,0.7580508050831125
/Users/berfinaktas/Projects/covid_project_folders/jun26_bds_int_covid/data/raw/Lung_Opacity/images/Lung_Opacity-3470.png,/Users/berfinaktas/Projects/covid_project_folders/jun26_bds_int_covid/data/raw/Lung_Opacity/masks/Lung_Opacity-3470.png,Lung_Opacity,Lung_Opacity,True,0.019091084825729347,0.34796142578125,0.05486552074807045
/Users/berfinaktas/Projects/covid_project_folders/jun26_bds_int_covid/data/raw/Normal/images/Normal-3975.png,/Users/berfinaktas/Projects/covid_project_folders/jun26_bds_int_covid/data/raw/Normal/masks/Normal-3975.png,Normal,Normal,True,0.20752724725000685,0.3197021484375,0.6491268459228927
/Users/berfinaktas/Projects/covid_project_folders/jun26_bds_int_covid/data/raw/Lung_Opacity/images/Lung_Opacity-938.png,/Users/berfinaktas/Projects/covid_project_folders/jun26_bds_int_covid/data/raw/Lung_Opacity/masks/Lung_Opacity-938.png,Lung_Opacity,Normal,False,0.2556231571282428,0.28546142578125,0.8954735527879261
/Users/berfinaktas/Projects/covid_project_folders/jun26_bds_int_covid/data/raw/COVID/images/COVID-2627.png,/Users/berfinaktas/Projects/covid_project_folders/jun26_bds_int_covid/data/raw/COVID/masks/COVID-2627.png,COVID,COVID,True,0.17917407997274723,0.377685546875,0.4744001496886701
/Users/berfinaktas/Projects/covid_project_folders/jun26_bds_int_covid/data/raw/Normal/images/Normal-1143.png,/Users/berfinaktas/Projects/covid_project_folders/jun26_bds_int_covid/data/raw/Normal/masks/Normal-1143.png,Normal,Viral Pneumonia,False,0.07959992058849662,0.20867919921875,0.38144635826906365
/Users/berfinaktas/Projects/covid_project_folders/jun26_bds_int_covid/data/raw/Normal/images/Normal-5993.png,/Users/berfinaktas/Projects/covid_project_folders/jun26_bds_int_covid/data/raw/Normal/masks/Normal-5993.png,Normal,Normal,True,0.12437406450436728,0.35113525390625,0.3542055749764564
/Users/berfinaktas/Projects/covid_project_folders/jun26_bds_int_covid/data/raw/Lung_Opacity/images/Lung_Opacity-825.png,/Users/berfinaktas/Projects/covid_project_folders/jun26_bds_int_covid/data/raw/Lung_Opacity/masks/Lung_Opacity-825.png,Lung_Opacity,Lung_Opacity,True,0.006254559029533209,0.33221435546875,0.01882687766670441
/Users/berfinaktas/Projects/covid_project_folders/jun26_bds_int_covid/data/raw/Lung_Opacity/images/Lung_Opacity-4090.png,/Users/berfinaktas/Projects/covid_project_folders/jun26_bds_int_covid/data/raw/Lung_Opacity/masks/Lung_Opacity-4090.png,Lung_Opacity,Lung_Opacity,True,0.06308072404312937,0.4080810546875,0.1545789085735315
/Users/berfinaktas/Projects/covid_project_folders/jun26_bds_int_covid/data/raw/Normal/images/Normal-9407.png,/Users/berfinaktas/Projects/covid_project_folders/jun26_bds_int_covid/data/raw/Normal/masks/Normal-9407.png,Normal,Normal,True,0.22161423113156944,0.35400390625,0.6260219935964886
/Users/berfinaktas/Projects/covid_project_folders/jun26_bds_int_covid/data/raw/Normal/images/Normal-1775.png,/Users/berfinaktas/Projects/covid_project_folders/jun26_bds_int_covid/data/raw/Normal/masks/Normal-1775.png,Normal,Normal,True,0.23981353541363964,0.42572021484375,0.5633125396726985
/Users/berfinaktas/Projects/covid_project_folders/jun26_bds_int_covid/data/raw/COVID/images/COVID-2729.png,/Users/berfinaktas/Projects/covid_project_folders/jun26_bds_int_covid/data/raw/COVID/masks/COVID-2729.png,COVID,COVID,True,0.27679579647198754,0.27593994140625,1.0031015990703482
/Users/berfinaktas/Projects/covid_project_folders/jun26_bds_int_covid/data/raw/COVID/images/COVID-1485.png,/Users/berfinaktas/Projects/covid_project_folders/jun26_bds_int_covid/data/raw/COVID/masks/COVID-1485.png,COVID,COVID,True,0.3126572611233586,0.35693359375,0.8759535851992318
/Users/berfinaktas/Projects/covid_project_folders/jun26_bds_int_covid/data/raw/Normal/images/Normal-1513.png,/Users/berfinaktas/Projects/covid_project_folders/jun26_bds_int_covid/data/raw/Normal/masks/Normal-1513.png,Normal,COVID,False,0.3338351204700063,0.341064453125,0.9788036173551509
/Users/berfinaktas/Projects/covid_project_folders/jun26_bds_int_covid/data/raw/Lung_Opacity/images/Lung_Opacity-3296.png,/Users/berfinaktas/Projects/covid_project_folders/jun26_bds_int_covid/data/raw/Lung_Opacity/masks/Lung_Opacity-3296.png,Lung_Opacity,COVID,False,0.3183249432334107,0.3465576171875,0.9185339679352238
/Users/berfinaktas/Projects/covid_project_folders/jun26_bds_int_covid/data/raw/Normal/images/Normal-1382.png,/Users/berfinaktas/Projects/covid_project_folders/jun26_bds_int_covid/data/raw/Normal/masks/Normal-1382.png,Normal,Normal,True,0.229749242072577,0.282958984375,0.8119524551589952
/Users/berfinaktas/Projects/covid_project_folders/jun26_bds_int_covid/data/raw/Lung_Opacity/images/Lung_Opacity-1989.png,/Users/berfinaktas/Projects/covid_project_folders/jun26_bds_int_covid/data/raw/Lung_Opacity/masks/Lung_Opacity-1989.png,Lung_Opacity,Lung_Opacity,True,0.015230946413957811,0.23480224609375,0.064867124004753
/Users/berfinaktas/Projects/covid_project_folders/jun26_bds_int_covid/data/raw/Viral Pneumonia/images/Viral Pneumonia-516.png,/Users/berfinaktas/Projects/covid_project_folders/jun26_bds_int_covid/data/raw/Viral Pneumonia/masks/Viral Pneumonia-516.png,Viral Pneumonia,Viral Pneumonia,True,0.14869650635019546,0.3148193359375,0.4723232958591707
/Users/berfinaktas/Projects/covid_project_folders/jun26_bds_int_covid/data/raw/Normal/images/Normal-9329.png,/Users/berfinaktas/Projects/covid_project_folders/jun26_bds_int_covid/data/raw/Normal/masks/Normal-9329.png,Normal,Normal,True,0.21268654470952017,0.28411865234375,0.748583533516816
/Users/berfinaktas/Projects/covid_project_folders/jun26_bds_int_covid/data/raw/COVID/images/COVID-813.png,/Users/berfinaktas/Projects/covid_project_folders/jun26_bds_int_covid/data/raw/COVID/masks/COVID-813.png,COVID,Lung_Opacity,False,0.053940836683744,0.28875732421875,0.18680335409563764
/Users/berfinaktas/Projects/covid_project_folders/jun26_bds_int_covid/data/raw/Lung_Opacity/images/Lung_Opacity-4203.png,/Users/berfinaktas/Projects/covid_project_folders/jun26_bds_int_covid/data/raw/Lung_Opacity/masks/Lung_Opacity-4203.png,Lung_Opacity,Lung_Opacity,True,0.03918516401963654,0.36279296875,0.10800971186031713
/Users/berfinaktas/Projects/covid_project_folders/jun26_bds_int_covid/data/raw/Lung_Opacity/images/Lung_Opacity-6012.png,/Users/berfinaktas/Projects/covid_project_folders/jun26_bds_int_covid/data/raw/Lung_Opacity/masks/Lung_Opacity-6012.png,Lung_Opacity,COVID,False,0.41191463818238744,0.37811279296875,1.0893961956384561
/Users/berfinaktas/Projects/covid_project_folders/jun26_bds_int_covid/data/raw/Lung_Opacity/images/Lung_Opacity-1412.png,/Users/berfinaktas/Projects/covid_project_folders/jun26_bds_int_covid/data/raw/Lung_Opacity/masks/Lung_Opacity-1412.png,Lung_Opacity,Lung_Opacity,True,0.10354878070280321,0.3602294921875,0.287452257376267
/Users/berfinaktas/Projects/covid_project_folders/jun26_bds_int_covid/data/raw/Normal/images/Normal-3470.png,/Users/berfinaktas/Projects/covid_project_folders/jun26_bds_int_covid/data/raw/Normal/masks/Normal-3470.png,Normal,Normal,True,0.13623776376547572,0.31671142578125,0.43016371584766894
/Users/berfinaktas/Projects/covid_project_folders/jun26_bds_int_covid/data/raw/Viral Pneumonia/images/Viral Pneumonia-1026.png,/Users/berfinaktas/Projects/covid_project_folders/jun26_bds_int_covid/data/raw/Viral Pneumonia/masks/Viral Pneumonia-1026.png,Viral Pneumonia,Viral Pneumonia,True,0.1538097861302702,0.31689453125,0.4853658582354289
/Users/berfinaktas/Projects/covid_project_folders/jun26_bds_int_covid/data/raw/Lung_Opacity/images/Lung_Opacity-16.png,/Users/berfinaktas/Projects/covid_project_folders/jun26_bds_int_covid/data/raw/Lung_Opacity/masks/Lung_Opacity-16.png,Lung_Opacity,Normal,False,0.34309237168535345,0.39141845703125,0.8765360077487652
/Users/berfinaktas/Projects/covid_project_folders/jun26_bds_int_covid/data/raw/Normal/images/Normal-9241.png,/Users/berfinaktas/Projects/covid_project_folders/jun26_bds_int_covid/data/raw/Normal/masks/Normal-9241.png,Normal,Normal,True,0.2001318143420518,0.41522216796875,0.4819873065089191
/Users/berfinaktas/Projects/covid_project_folders/jun26_bds_int_covid/data/raw/Lung_Opacity/images/Lung_Opacity-5609.png,/Users/berfinaktas/Projects/covid_project_folders/jun26_bds_int_covid/data/raw/Lung_Opacity/masks/Lung_Opacity-5609.png,Lung_Opacity,Normal,False,0.16095061665800894,0.3463134765625,0.4647541246607012
/Users/berfinaktas/Projects/covid_project_folders/jun26_bds_int_covid/data/raw/Normal/images/Normal-2552.png,/Users/berfinaktas/Projects/covid_project_folders/jun26_bds_int_covid/data/raw/Normal/masks/Normal-2552.png,Normal,Normal,True,0.148432790815648,0.28350830078125,0.5235571248059369
/Users/berfinaktas/Projects/covid_project_folders/jun26_bds_int_covid/data/raw/Normal/images/Normal-2624.png,/Users/berfinaktas/Projects/covid_project_folders/jun26_bds_int_covid/data/raw/Normal/masks/Normal-2624.png,Normal,Normal,True,0.12994918574388903,0.41131591796875,0.31593522172842825
/Users/berfinaktas/Projects/covid_project_folders/jun26_bds_int_covid/data/raw/Normal/images/Normal-367.png,/Users/berfinaktas/Projects/covid_project_folders/jun26_bds_int_covid/data/raw/Normal/masks/Normal-367.png,Normal,Normal,True,0.2666402923073962,0.3389892578125,0.7865744596983039
/Users/berfinaktas/Projects/covid_project_folders/jun26_bds_int_covid/data/raw/Normal/images/Normal-9851.png,/Users/berfinaktas/Projects/covid_project_folders/jun26_bds_int_covid/data/raw/Normal/masks/Normal-9851.png,Normal,Normal,True,0.22727002064624796,0.40557861328125,0.5603599726513359
/Users/berfinaktas/Projects/covid_project_folders/jun26_bds_int_covid/data/raw/Lung_Opacity/images/Lung_Opacity-5210.png,/Users/berfinaktas/Projects/covid_project_folders/jun26_bds_int_covid/data/raw/Lung_Opacity/masks/Lung_Opacity-5210.png,Lung_Opacity,Lung_Opacity,True,0.0219398281640958,0.26617431640625,0.08242654084855437
/Users/berfinaktas/Projects/covid_project_folders/jun26_bds_int_covid/data/raw/Viral Pneumonia/images/Viral Pneumonia-755.png,/Users/berfinaktas/Projects/covid_project_folders/jun26_bds_int_covid/data/raw/Viral Pneumonia/masks/Viral Pneumonia-755.png,Viral Pneumonia,Viral Pneumonia,True,0.08187838657638578,0.22064208984375,0.3710914206549114
/Users/berfinaktas/Projects/covid_project_folders/jun26_bds_int_covid/data/raw/Lung_Opacity/images/Lung_Opacity-4931.png,/Users/berfinaktas/Projects/covid_project_folders/jun26_bds_int_covid/data/raw/Lung_Opacity/masks/Lung_Opacity-4931.png,Lung_Opacity,Lung_Opacity,True,0.017431340492216126,0.31591796875,0.05517679339730854
/Users/berfinaktas/Projects/covid_project_folders/jun26_bds_int_covid/data/raw/Lung_Opacity/images/Lung_Opacity-3243.png,/Users/berfinaktas/Projects/covid_project_folders/jun26_bds_int_covid/data/raw/Lung_Opacity/masks/Lung_Opacity-3243.png,Lung_Opacity,Lung_Opacity,True,0.05073296623589613,0.36297607421875,0.1397694499426471
/Users/berfinaktas/Projects/covid_project_folders/jun26_bds_int_covid/data/raw/Normal/images/Normal-6834.png,/Users/berfinaktas/Projects/covid_project_folders/jun26_bds_int_covid/data/raw/Normal/masks/Normal-6834.png,Normal,Normal,True,0.21276710285080805,0.4151611328125,0.512492827566545
/Users/berfinaktas/Projects/covid_project_folders/jun26_bds_int_covid/data/raw/Lung_Opacity/images/Lung_Opacity-3456.png,/Users/berfinaktas/Projects/covid_project_folders/jun26_bds_int_covid/data/raw/Lung_Opacity/masks/Lung_Opacity-3456.png,Lung_Opacity,COVID,False,0.39711150792032923,0.361083984375,1.0997760219348671
/Users/berfinaktas/Projects/covid_project_folders/jun26_bds_int_covid/data/raw/COVID/images/COVID-1828.png,/Users/berfinaktas/Projects/covid_project_folders/jun26_bds_int_covid/data/raw/COVID/masks/COVID-1828.png,COVID,Normal,False,0.20083732877925817,0.26593017578125,0.7552257963551448
/Users/berfinaktas/Projects/covid_project_folders/jun26_bds_int_covid/data/raw/Normal/images/Normal-3042.png,/Users/berfinaktas/Projects/covid_project_folders/jun26_bds_int_covid/data/raw/Normal/masks/Normal-3042.png,Normal,Normal,True,0.174289194594353,0.3421630859375,0.5093746279403994
/Users/berfinaktas/Projects/covid_project_folders/jun26_bds_int_covid/data/raw/COVID/images/COVID-3607.png,/Users/berfinaktas/Projects/covid_project_folders/jun26_bds_int_covid/data/raw/COVID/masks/COVID-3607.png,COVID,COVID,True,0.3502520397910271,0.314208984375,1.114710454533059
/Users/berfinaktas/Projects/covid_project_folders/jun26_bds_int_covid/data/raw/Normal/images/Normal-7961.png,/Users/berfinaktas/Projects/covid_project_folders/jun26_bds_int_covid/data/raw/Normal/masks/Normal-7961.png,Normal,Lung_Opacity,False,0.04739440443713789,0.1842041015625,0.257292883465231
/Users/berfinaktas/Projects/covid_project_folders/jun26_bds_int_covid/data/raw/Lung_Opacity/images/Lung_Opacity-322.png,/Users/berfinaktas/Projects/covid_project_folders/jun26_bds_int_covid/data/raw/Lung_Opacity/masks/Lung_Opacity-322.png,Lung_Opacity,Lung_Opacity,True,0.021615042927507922,0.32110595703125,0.06731436292041243
/Users/berfinaktas/Projects/covid_project_folders/jun26_bds_int_covid/data/raw/COVID/images/COVID-708.png,/Users/berfinaktas/Projects/covid_project_folders/jun26_bds_int_covid/data/raw/COVID/masks/COVID-708.png,COVID,Lung_Opacity,False,0.07730103173458204,0.30267333984375,0.25539425366795565
/Users/berfinaktas/Projects/covid_project_folders/jun26_bds_int_covid/data/raw/COVID/images/COVID-947.png,/Users/berfinaktas/Projects/covid_project_folders/jun26_bds_int_covid/data/raw/COVID/masks/COVID-947.png,COVID,Normal,False,0.18104320695892975,0.3270263671875,0.5536043118355926
/Users/berfinaktas/Projects/covid_project_folders/jun26_bds_int_covid/data/raw/Normal/images/Normal-3012.png,/Users/berfinaktas/Projects/covid_project_folders/jun26_bds_int_covid/data/raw/Normal/masks/Normal-3012.png,Normal,Normal,True,0.19942156011534667,0.2451171875,0.8135764046140039
/Users/berfinaktas/Projects/covid_project_folders/jun26_bds_int_covid/data/raw/Normal/images/Normal-4118.png,/Users/berfinaktas/Projects/covid_project_folders/jun26_bds_int_covid/data/raw/Normal/masks/Normal-4118.png,Normal,Normal,True,0.29742677706802745,0.3262939453125,0.9115301749873853
/Users/berfinaktas/Projects/covid_project_folders/jun26_bds_int_covid/data/raw/Normal/images/Normal-1889.png,/Users/berfinaktas/Projects/covid_project_folders/jun26_bds_int_covid/data/raw/Normal/masks/Normal-1889.png,Normal,Normal,True,0.2089880242834149,0.39385986328125,0.5306151851634077
/Users/berfinaktas/Projects/covid_project_folders/jun26_bds_int_covid/data/raw/COVID/images/COVID-3503.png,/Users/berfinaktas/Projects/covid_project_folders/jun26_bds_int_covid/data/raw/COVID/masks/COVID-3503.png,COVID,Normal,False,0.19419995161599274,0.35821533203125,0.5421318806059678
/Users/berfinaktas/Projects/covid_project_folders/jun26_bds_int_covid/data/raw/COVID/images/COVID-764.png,/Users/berfinaktas/Projects/covid_project_folders/jun26_bds_int_covid/data/raw/COVID/masks/COVID-764.png,COVID,COVID,True,0.34168465435210477,0.40191650390625,0.8501384019597394
/Users/berfinaktas/Projects/covid_project_folders/jun26_bds_int_covid/data/raw/COVID/images/COVID-534.png,/Users/berfinaktas/Projects/covid_project_folders/jun26_bds_int_covid/data/raw/COVID/masks/COVID-534.png,COVID,COVID,True,0.23810052557169237,0.265625,0.8963784492110771
/Users/berfinaktas/Projects/covid_project_folders/jun26_bds_int_covid/data/raw/Lung_Opacity/images/Lung_Opacity-5191.png,/Users/berfinaktas/Projects/covid_project_folders/jun26_bds_int_covid/data/raw/Lung_Opacity/masks/Lung_Opacity-5191.png,Lung_Opacity,Lung_Opacity,True,0.023949802919176026,0.34649658203125,0.06911988216096178
/Users/berfinaktas/Projects/covid_project_folders/jun26_bds_int_covid/data/raw/COVID/images/COVID-2978.png,/Users/berfinaktas/Projects/covid_project_folders/jun26_bds_int_covid/data/raw/COVID/masks/COVID-2978.png,COVID,COVID,True,0.2368517701395905,0.26007080078125,0.9107203477979466
/Users/berfinaktas/Projects/covid_project_folders/jun26_bds_int_covid/data/raw/Lung_Opacity/images/Lung_Opacity-478.png,/Users/berfinaktas/Projects/covid_project_folders/jun26_bds_int_covid/data/raw/Lung_Opacity/masks/Lung_Opacity-478.png,Lung_Opacity,Lung_Opacity,True,0.010360323118932039,0.38067626953125,0.02721557383046056
/Users/berfinaktas/Projects/covid_project_folders/jun26_bds_int_covid/data/raw/Lung_Opacity/images/Lung_Opacity-2692.png,/Users/berfinaktas/Projects/covid_project_folders/jun26_bds_int_covid/data/raw/Lung_Opacity/masks/Lung_Opacity-2692.png,Lung_Opacity,Normal,False,0.27024321913025384,0.338134765625,0.7992174913772706
/Users/berfinaktas/Projects/covid_project_folders/jun26_bds_int_covid/data/raw/Normal/images/Normal-5719.png,/Users/berfinaktas/Projects/covid_project_folders/jun26_bds_int_covid/data/raw/Normal/masks/Normal-5719.png,Normal,Normal,True,0.3028802432693258,0.32440185546875,0.9336575551692631
/Users/berfinaktas/Projects/covid_project_folders/jun26_bds_int_covid/data/raw/COVID/images/COVID-1874.png,/Users/berfinaktas/Projects/covid_project_folders/jun26_bds_int_covid/data/raw/COVID/masks/COVID-1874.png,COVID,COVID,True,0.48161824777907036,0.37738037109375,1.2762143573689615
/Users/berfinaktas/Projects/covid_project_folders/jun26_bds_int_covid/data/raw/Normal/images/Normal-9146.png,/Users/berfinaktas/Projects/covid_project_folders/jun26_bds_int_covid/data/raw/Normal/masks/Normal-9146.png,Normal,Normal,True,0.12437881151307804,0.2132568359375,0.5832348162078622
/Users/berfinaktas/Projects/covid_project_folders/jun26_bds_int_covid/data/raw/COVID/images/COVID-3116.png,/Users/berfinaktas/Projects/covid_project_folders/jun26_bds_int_covid/data/raw/COVID/masks/COVID-3116.png,COVID,Viral Pneumonia,False,0.18155577080065355,0.37628173828125,0.48249955373850895
/Users/berfinaktas/Projects/covid_project_folders/jun26_bds_int_covid/data/raw/Lung_Opacity/images/Lung_Opacity-4288.png,/Users/berfinaktas/Projects/covid_project_folders/jun26_bds_int_covid/data/raw/Lung_Opacity/masks/Lung_Opacity-4288.png,Lung_Opacity,Lung_Opacity,True,0.11673643265433428,0.33929443359375,0.3440564332809162
/Users/berfinaktas/Projects/covid_project_folders/jun26_bds_int_covid/data/raw/Viral Pneumonia/images/Viral Pneumonia-482.png,/Users/berfinaktas/Projects/covid_project_folders/jun26_bds_int_covid/data/raw/Viral Pneumonia/masks/Viral Pneumonia-482.png,Viral Pneumonia,Viral Pneumonia,True,0.11413265529568269,0.3675537109375,0.31051966528802144
/Users/berfinaktas/Projects/covid_project_folders/jun26_bds_int_covid/data/raw/Lung_Opacity/images/Lung_Opacity-1511.png,/Users/berfinaktas/Projects/covid_project_folders/jun26_bds_int_covid/data/raw/Lung_Opacity/masks/Lung_Opacity-1511.png,Lung_Opacity,Normal,False,0.21691964236057393,0.36981201171875,0.58656732471293
/Users/berfinaktas/Projects/covid_project_folders/jun26_bds_int_covid/data/raw/Normal/images/Normal-441.png,/Users/berfinaktas/Projects/covid_project_folders/jun26_bds_int_covid/data/raw/Normal/masks/Normal-441.png,Normal,Normal,True,0.2189912084822601,0.3565673828125,0.614165005096431
/Users/berfinaktas/Projects/covid_project_folders/jun26_bds_int_covid/data/raw/COVID/images/COVID-2462.png,/Users/berfinaktas/Projects/covid_project_folders/jun26_bds_int_covid/data/raw/COVID/masks/COVID-2462.png,COVID,COVID,True,0.27124226491449305,0.3310546875,0.819327667470327
/Users/berfinaktas/Projects/covid_project_folders/jun26_bds_int_covid/data/raw/COVID/images/COVID-905.png,/Users/berfinaktas/Projects/covid_project_folders/jun26_bds_int_covid/data/raw/COVID/masks/COVID-905.png,COVID,COVID,True,0.3738483401581636,0.330322265625,1.1317685153642558
/Users/berfinaktas/Projects/covid_project_folders/jun26_bds_int_covid/data/raw/Normal/images/Normal-6391.png,/Users/berfinaktas/Projects/covid_project_folders/jun26_bds_int_covid/data/raw/Normal/masks/Normal-6391.png,Normal,Normal,True,0.19583205174542656,0.4075927734375,0.4804600682535293
/Users/berfinaktas/Projects/covid_project_folders/jun26_bds_int_covid/data/raw/Normal/images/Normal-1559.png,/Users/berfinaktas/Projects/covid_project_folders/jun26_bds_int_covid/data/raw/Normal/masks/Normal-1559.png,Normal,Normal,True,0.32485717886657567,0.390625,0.8316343778984338
/Users/berfinaktas/Projects/covid_project_folders/jun26_bds_int_covid/data/raw/Normal/images/Normal-7872.png,/Users/berfinaktas/Projects/covid_project_folders/jun26_bds_int_covid/data/raw/Normal/masks/Normal-7872.png,Normal,Normal,True,0.2538819033318824,0.3714599609375,0.6834704410433061
/Users/berfinaktas/Projects/covid_project_folders/jun26_bds_int_covid/data/raw/Normal/images/Normal-1169.png,/Users/berfinaktas/Projects/covid_project_folders/jun26_bds_int_covid/data/raw/Normal/masks/Normal-1169.png,Normal,Viral Pneumonia,False,0.07934027684994979,0.25372314453125,0.31270413661524593
/Users/berfinaktas/Projects/covid_project_folders/jun26_bds_int_covid/data/raw/Lung_Opacity/images/Lung_Opacity-32.png,/Users/berfinaktas/Projects/covid_project_folders/jun26_bds_int_covid/data/raw/Lung_Opacity/masks/Lung_Opacity-32.png,Lung_Opacity,Lung_Opacity,True,0.011923719672806558,0.209716796875,0.05685629310805083
/Users/berfinaktas/Projects/covid_project_folders/jun26_bds_int_covid/data/raw/Lung_Opacity/images/Lung_Opacity-5842.png,/Users/berfinaktas/Projects/covid_project_folders/jun26_bds_int_covid/data/raw/Lung_Opacity/masks/Lung_Opacity-5842.png,Lung_Opacity,Lung_Opacity,True,0.026944140375317775,0.33575439453125,0.08024955388278612
/Users/berfinaktas/Projects/covid_project_folders/jun26_bds_int_covid/data/raw/Normal/images/Normal-3683.png,/Users/berfinaktas/Projects/covid_project_folders/jun26_bds_int_covid/data/raw/Normal/masks/Normal-3683.png,Normal,Normal,True,0.3191341048981227,0.35302734375,0.9039925958939907
/Users/berfinaktas/Projects/covid_project_folders/jun26_bds_int_covid/data/raw/Normal/images/Normal-5932.png,/Users/berfinaktas/Projects/covid_project_folders/jun26_bds_int_covid/data/raw/Normal/masks/Normal-5932.png,Normal,Normal,True,0.2320930944113807,0.36614990234375,0.6338745222263813
/Users/berfinaktas/Projects/covid_project_folders/jun26_bds_int_covid/data/raw/Normal/images/Normal-9037.png,/Users/berfinaktas/Projects/covid_project_folders/jun26_bds_int_covid/data/raw/Normal/masks/Normal-9037.png,Normal,COVID,False,0.1840013571678118,0.3533935546875,0.5206698162068097
/Users/berfinaktas/Projects/covid_project_folders/jun26_bds_int_covid/data/raw/COVID/images/COVID-886.png,/Users/berfinaktas/Projects/covid_project_folders/jun26_bds_int_covid/data/raw/COVID/masks/COVID-886.png,COVID,Normal,False,0.18586559608612088,0.31427001953125,0.5914200672509234
/Users/berfinaktas/Projects/covid_project_folders/jun26_bds_int_covid/data/raw/Normal/images/Normal-8705.png,/Users/berfinaktas/Projects/covid_project_folders/jun26_bds_int_covid/data/raw/Normal/masks/Normal-8705.png,Normal,Normal,True,0.2134876313234257,0.33795166015625,0.6317105565474095
/Users/berfinaktas/Projects/covid_project_folders/jun26_bds_int_covid/data/raw/Normal/images/Normal-9173.png,/Users/berfinaktas/Projects/covid_project_folders/jun26_bds_int_covid/data/raw/Normal/masks/Normal-9173.png,Normal,Lung_Opacity,False,0.0040984377220108495,0.334228515625,0.012262381964467816
/Users/berfinaktas/Projects/covid_project_folders/jun26_bds_int_covid/data/raw/Lung_Opacity/images/Lung_Opacity-1957.png,/Users/berfinaktas/Projects/covid_project_folders/jun26_bds_int_covid/data/raw/Lung_Opacity/masks/Lung_Opacity-1957.png,Lung_Opacity,Lung_Opacity,True,0.014571481145427037,0.3001708984375,0.048543950200625574
/Users/berfinaktas/Projects/covid_project_folders/jun26_bds_int_covid/data/raw/Normal/images/Normal-4133.png,/Users/berfinaktas/Projects/covid_project_folders/jun26_bds_int_covid/data/raw/Normal/masks/Normal-4133.png,Normal,Normal,True,0.08693618135057013,0.33978271484375,0.25585816332813743
/Users/berfinaktas/Projects/covid_project_folders/jun26_bds_int_covid/data/raw/Normal/images/Normal-9361.png,/Users/berfinaktas/Projects/covid_project_folders/jun26_bds_int_covid/data/raw/Normal/masks/Normal-9361.png,Normal,Normal,True,0.17856573024994554,0.34136962890625,0.5230861656383171
/Users/berfinaktas/Projects/covid_project_folders/jun26_bds_int_covid/data/raw/Normal/images/Normal-8235.png,/Users/berfinaktas/Projects/covid_project_folders/jun26_bds_int_covid/data/raw/Normal/masks/Normal-8235.png,Normal,COVID,False,0.30817374154991345,0.2379150390625,1.2953100517069733
/Users/berfinaktas/Projects/covid_project_folders/jun26_bds_int_covid/data/raw/COVID/images/COVID-2097.png,/Users/berfinaktas/Projects/covid_project_folders/jun26_bds_int_covid/data/raw/COVID/masks/COVID-2097.png,COVID,COVID,True,0.3099941127887199,0.36407470703125,0.8514574256379526
/Users/berfinaktas/Projects/covid_project_folders/jun26_bds_int_covid/data/raw/Normal/images/Normal-9786.png,/Users/berfinaktas/Projects/covid_project_folders/jun26_bds_int_covid/data/raw/Normal/masks/Normal-9786.png,Normal,Normal,True,0.18956586649527044,0.37060546875,0.5115031549174096
/Users/berfinaktas/Projects/covid_project_folders/jun26_bds_int_covid/data/raw/Normal/images/Normal-7472.png,/Users/berfinaktas/Projects/covid_project_folders/jun26_bds_int_covid/data/raw/Normal/masks/Normal-7472.png,Normal,Normal,True,0.22465017709521573,0.4249267578125,0.5286797617822485
/Users/berfinaktas/Projects/covid_project_folders/jun26_bds_int_covid/data/raw/Normal/images/Normal-9625.png,/Users/berfinaktas/Projects/covid_project_folders/jun26_bds_int_covid/data/raw/Normal/masks/Normal-9625.png,Normal,Lung_Opacity,False,0.06516168580068324,0.38916015625,0.16744182248406433
/Users/berfinaktas/Projects/covid_project_folders/jun26_bds_int_covid/data/raw/Lung_Opacity/images/Lung_Opacity-5340.png,/Users/berfinaktas/Projects/covid_project_folders/jun26_bds_int_covid/data/raw/Lung_Opacity/masks/Lung_Opacity-5340.png,Lung_Opacity,Lung_Opacity,True,0.049388329270981204,0.41162109375,0.11998493279593062
/Users/berfinaktas/Projects/covid_project_folders/jun26_bds_int_covid/data/raw/Normal/images/Normal-2625.png,/Users/berfinaktas/Projects/covid_project_folders/jun26_bds_int_covid/data/raw/Normal/masks/Normal-2625.png,Normal,Normal,True,0.06922625404222171,0.3369140625,0.20547154822966676
/Users/berfinaktas/Projects/covid_project_folders/jun26_bds_int_covid/data/raw/Lung_Opacity/images/Lung_Opacity-4555.png,/Users/berfinaktas/Projects/covid_project_folders/jun26_bds_int_covid/data/raw/Lung_Opacity/masks/Lung_Opacity-4555.png,Lung_Opacity,Normal,False,0.19098100520220604,0.2906494140625,0.6570837440640369
/Users/berfinaktas/Projects/covid_project_folders/jun26_bds_int_covid/data/raw/Lung_Opacity/images/Lung_Opacity-3587.png,/Users/berfinaktas/Projects/covid_project_folders/jun26_bds_int_covid/data/raw/Lung_Opacity/masks/Lung_Opacity-3587.png,Lung_Opacity,Lung_Opacity,True,0.0563260792236085,0.37646484375,0.14961843093378757
/Users/berfinaktas/Projects/covid_project_folders/jun26_bds_int_covid/data/raw/COVID/images/COVID-1629.png,/Users/berfinaktas/Projects/covid_project_folders/jun26_bds_int_covid/data/raw/COVID/masks/COVID-1629.png,COVID,COVID,True,0.3431963420467905,0.304443359375,1.127291272673339
/Users/berfinaktas/Projects/covid_project_folders/jun26_bds_int_covid/data/raw/Normal/images/Normal-6800.png,/Users/berfinaktas/Projects/covid_project_folders/jun26_bds_int_covid/data/raw/Normal/masks/Normal-6800.png,Normal,Normal,True,0.19950965984016777,0.3680419921875,0.5420839580134841
/Users/berfinaktas/Projects/covid_project_folders/jun26_bds_int_covid/data/raw/Normal/images/Normal-7994.png,/Users/berfinaktas/Projects/covid_project_folders/jun26_bds_int_covid/data/raw/Normal/masks/Normal-7994.png,Normal,Normal,True,0.305972889213636,0.4566650390625,0.6700160140171362
/Users/berfinaktas/Projects/covid_project_folders/jun26_bds_int_covid/data/raw/Lung_Opacity/images/Lung_Opacity-5192.png,/Users/berfinaktas/Projects/covid_project_folders/jun26_bds_int_covid/data/raw/Lung_Opacity/masks/Lung_Opacity-5192.png,Lung_Opacity,Lung_Opacity,True,0.06444160293026527,0.35650634765625,0.18075864105623457
/Users/berfinaktas/Projects/covid_project_folders/jun26_bds_int_covid/data/raw/Normal/images/Normal-3359.png,/Users/berfinaktas/Projects/covid_project_folders/jun26_bds_int_covid/data/raw/Normal/masks/Normal-3359.png,Normal,Normal,True,0.2743518451817994,0.4100341796875,0.669095062735725
/Users/berfinaktas/Projects/covid_project_folders/jun26_bds_int_covid/data/raw/COVID/images/COVID-396.png,/Users/berfinaktas/Projects/covid_project_folders/jun26_bds_int_covid/data/raw/COVID/masks/COVID-396.png,COVID,COVID,True,0.3369172739130452,0.34527587890625,0.9757915177287135
/Users/berfinaktas/Projects/covid_project_folders/jun26_bds_int_covid/data/raw/Normal/images/Normal-6094.png,/Users/berfinaktas/Projects/covid_project_folders/jun26_bds_int_covid/data/raw/Normal/masks/Normal-6094.png,Normal,Normal,True,0.2688919870346164,0.37054443359375,0.7256673226116217
/Users/berfinaktas/Projects/covid_project_folders/jun26_bds_int_covid/data/raw/Normal/images/Normal-6020.png,/Users/berfinaktas/Projects/covid_project_folders/jun26_bds_int_covid/data/raw/Normal/masks/Normal-6020.png,Normal,Normal,True,0.33580241817427653,0.42926025390625,0.7822816464335769
/Users/berfinaktas/Projects/covid_project_folders/jun26_bds_int_covid/data/raw/Normal/images/Normal-5602.png,/Users/berfinaktas/Projects/covid_project_folders/jun26_bds_int_covid/data/raw/Normal/masks/Normal-5602.png,Normal,COVID,False,0.3434863566141629,0.4072265625,0.8434772881844191
/Users/berfinaktas/Projects/covid_project_folders/jun26_bds_int_covid/data/raw/COVID/images/COVID-2377.png,/Users/berfinaktas/Projects/covid_project_folders/jun26_bds_int_covid/data/raw/COVID/masks/COVID-2377.png,COVID,COVID,True,0.2541865439610772,0.36859130859375,0.6896162172972825
/Users/berfinaktas/Projects/covid_project_folders/jun26_bds_int_covid/data/raw/COVID/images/COVID-2765.png,/Users/berfinaktas/Projects/covid_project_folders/jun26_bds_int_covid/data/raw/COVID/masks/COVID-2765.png,COVID,COVID,True,0.3967974609534963,0.3739013671875,1.0612356513650152
/Users/berfinaktas/Projects/covid_project_folders/jun26_bds_int_covid/data/raw/COVID/images/COVID-1519.png,/Users/berfinaktas/Projects/covid_project_folders/jun26_bds_int_covid/data/raw/COVID/masks/COVID-1519.png,COVID,COVID,True,0.4089351142029693,0.32275390625,1.267018326607687
/Users/berfinaktas/Projects/covid_project_folders/jun26_bds_int_covid/data/raw/COVID/images/COVID-3275.png,/Users/berfinaktas/Projects/covid_project_folders/jun26_bds_int_covid/data/raw/COVID/masks/COVID-3275.png,COVID,Normal,False,0.3171203467579391,0.36163330078125,0.8769113521151181
/Users/berfinaktas/Projects/covid_project_folders/jun26_bds_int_covid/data/raw/Normal/images/Normal-7163.png,/Users/berfinaktas/Projects/covid_project_folders/jun26_bds_int_covid/data/raw/Normal/masks/Normal-7163.png,Normal,COVID,False,0.29744322849912913,0.35308837890625,0.8424044694433417
/Users/berfinaktas/Projects/covid_project_folders/jun26_bds_int_covid/data/raw/Lung_Opacity/images/Lung_Opacity-3892.png,/Users/berfinaktas/Projects/covid_project_folders/jun26_bds_int_covid/data/raw/Lung_Opacity/masks/Lung_Opacity-3892.png,Lung_Opacity,Normal,False,0.2460313160517948,0.29449462890625,0.8354356647031308
/Users/berfinaktas/Projects/covid_project_folders/jun26_bds_int_covid/data/raw/Normal/images/Normal-7402.png,/Users/berfinaktas/Projects/covid_project_folders/jun26_bds_int_covid/data/raw/Normal/masks/Normal-7402.png,Normal,Normal,True,0.2965493671193033,0.3868408203125,0.7665927470625853
/Users/berfinaktas/Projects/covid_project_folders/jun26_bds_int_covid/data/raw/Normal/images/Normal-9591.png,/Users/berfinaktas/Projects/covid_project_folders/jun26_bds_int_covid/data/raw/Normal/masks/Normal-9591.png,Normal,Lung_Opacity,False,0.08710915927731287,0.2230224609375,0.39058469228229176
/Users/berfinaktas/Projects/covid_project_folders/jun26_bds_int_covid/data/raw/Normal/images/Normal-6384.png,/Users/berfinaktas/Projects/covid_project_folders/jun26_bds_int_covid/data/raw/Normal/masks/Normal-6384.png,Normal,Normal,True,0.179554548246197,0.37811279296875,0.474870333892767
/Users/berfinaktas/Projects/covid_project_folders/jun26_bds_int_covid/data/raw/Normal/images/Normal-1608.png,/Users/berfinaktas/Projects/covid_project_folders/jun26_bds_int_covid/data/raw/Normal/masks/Normal-1608.png,Normal,Normal,True,0.25430993311697,0.41796875,0.6084424568032178
/Users/berfinaktas/Projects/covid_project_folders/jun26_bds_int_covid/data/raw/COVID/images/COVID-3072.png,/Users/berfinaktas/Projects/covid_project_folders/jun26_bds_int_covid/data/raw/COVID/masks/COVID-3072.png,COVID,COVID,True,0.2572728729563834,0.38763427734375,0.6637000079542412
/Users/berfinaktas/Projects/covid_project_folders/jun26_bds_int_covid/data/raw/Normal/images/Normal-602.png,/Users/berfinaktas/Projects/covid_project_folders/jun26_bds_int_covid/data/raw/Normal/masks/Normal-602.png,Normal,Viral Pneumonia,False,0.1062123221279387,0.269775390625,0.39370648998736374
/Users/berfinaktas/Projects/covid_project_folders/jun26_bds_int_covid/data/raw/Normal/images/Normal-5696.png,/Users/berfinaktas/Projects/covid_project_folders/jun26_bds_int_covid/data/raw/Normal/masks/Normal-5696.png,Normal,Normal,True,0.24064908366533866,0.3211669921875,0.7492958165664972
/Users/berfinaktas/Projects/covid_project_folders/jun26_bds_int_covid/data/raw/COVID/images/COVID-3133.png,/Users/berfinaktas/Projects/covid_project_folders/jun26_bds_int_covid/data/raw/COVID/masks/COVID-3133.png,COVID,COVID,True,0.37143917281156896,0.28924560546875,1.2841653106868
/Users/berfinaktas/Projects/covid_project_folders/jun26_bds_int_covid/data/raw/Normal/images/Normal-2886.png,/Users/berfinaktas/Projects/covid_project_folders/jun26_bds_int_covid/data/raw/Normal/masks/Normal-2886.png,Normal,Normal,True,0.24275989273485518,0.3074951171875,0.7894756019388383
/Users/berfinaktas/Projects/covid_project_folders/jun26_bds_int_covid/data/raw/Normal/images/Normal-6841.png,/Users/berfinaktas/Projects/covid_project_folders/jun26_bds_int_covid/data/raw/Normal/masks/Normal-6841.png,Normal,Normal,True,0.29612872875282,0.4193115234375,0.706226068687948
/Users/berfinaktas/Projects/covid_project_folders/jun26_bds_int_covid/data/raw/Lung_Opacity/images/Lung_Opacity-2471.png,/Users/berfinaktas/Projects/covid_project_folders/jun26_bds_int_covid/data/raw/Lung_Opacity/masks/Lung_Opacity-2471.png,Lung_Opacity,Lung_Opacity,True,0.07698815239999335,0.3289794921875,0.23402112967003544
/Users/berfinaktas/Projects/covid_project_folders/jun26_bds_int_covid/data/raw/Lung_Opacity/images/Lung_Opacity-4535.png,/Users/berfinaktas/Projects/covid_project_folders/jun26_bds_int_covid/data/raw/Lung_Opacity/masks/Lung_Opacity-4535.png,Lung_Opacity,Normal,False,0.2681721309065014,0.3226318359375,0.8312017012433066
/Users/berfinaktas/Projects/covid_project_folders/jun26_bds_int_covid/data/raw/Normal/images/Normal-7690.png,/Users/berfinaktas/Projects/covid_project_folders/jun26_bds_int_covid/data/raw/Normal/masks/Normal-7690.png,Normal,Normal,True,0.21228679775127712,0.29156494140625,0.7280943886030824
/Users/berfinaktas/Projects/covid_project_folders/jun26_bds_int_covid/data/raw/COVID/images/COVID-663.png,/Users/berfinaktas/Projects/covid_project_folders/jun26_bds_int_covid/data/raw/COVID/masks/COVID-663.png,COVID,COVID,True,0.23909334289883918,0.28277587890625,0.8455224109765985
/Users/berfinaktas/Projects/covid_project_folders/jun26_bds_int_covid/data/raw/COVID/images/COVID-1270.png,/Users/berfinaktas/Projects/covid_project_folders/jun26_bds_int_covid/data/raw/COVID/masks/COVID-1270.png,COVID,COVID,True,0.3170415155498284,0.3837890625,0.826082727539502
/Users/berfinaktas/Projects/covid_project_folders/jun26_bds_int_covid/data/raw/COVID/images/COVID-3175.png,/Users/berfinaktas/Projects/covid_project_folders/jun26_bds_int_covid/data/raw/COVID/masks/COVID-3175.png,COVID,COVID,True,0.2741001394447934,0.279541015625,0.9805363940313307
/Users/berfinaktas/Projects/covid_project_folders/jun26_bds_int_covid/data/raw/Lung_Opacity/images/Lung_Opacity-416.png,/Users/berfinaktas/Projects/covid_project_folders/jun26_bds_int_covid/data/raw/Lung_Opacity/masks/Lung_Opacity-416.png,Lung_Opacity,Lung_Opacity,True,0.08707192173387684,0.3597412109375,0.24204044209159115
/Users/berfinaktas/Projects/covid_project_folders/jun26_bds_int_covid/data/raw/Lung_Opacity/images/Lung_Opacity-1864.png,/Users/berfinaktas/Projects/covid_project_folders/jun26_bds_int_covid/data/raw/Lung_Opacity/masks/Lung_Opacity-1864.png,Lung_Opacity,Viral Pneumonia,False,0.190420976893725,0.317138671875,0.6004344275263261
/Users/berfinaktas/Projects/covid_project_folders/jun26_bds_int_covid/data/raw/Lung_Opacity/images/Lung_Opacity-419.png,/Users/berfinaktas/Projects/covid_project_folders/jun26_bds_int_covid/data/raw/Lung_Opacity/masks/Lung_Opacity-419.png,Lung_Opacity,Normal,False,0.17885460313234713,0.354248046875,0.5048852201447924
/Users/berfinaktas/Projects/covid_project_folders/jun26_bds_int_covid/data/raw/Normal/images/Normal-2307.png,/Users/berfinaktas/Projects/covid_project_folders/jun26_bds_int_covid/data/raw/Normal/masks/Normal-2307.png,Normal,Normal,True,0.115338935781438,0.408935546875,0.28204673490195226
/Users/berfinaktas/Projects/covid_project_folders/jun26_bds_int_covid/data/raw/Lung_Opacity/images/Lung_Opacity-481.png,/Users/berfinaktas/Projects/covid_project_folders/jun26_bds_int_covid/data/raw/Lung_Opacity/masks/Lung_Opacity-481.png,Lung_Opacity,Lung_Opacity,True,0.017718892471438055,0.3533935546875,0.05013926325596565
/Users/berfinaktas/Projects/covid_project_folders/jun26_bds_int_covid/data/raw/Lung_Opacity/images/Lung_Opacity-3425.png,/Users/berfinaktas/Projects/covid_project_folders/jun26_bds_int_covid/data/raw/Lung_Opacity/masks/Lung_Opacity-3425.png,Lung_Opacity,Lung_Opacity,True,0.03592700807716176,0.33819580078125,0.10623138428735215
/Users/berfinaktas/Projects/covid_project_folders/jun26_bds_int_covid/data/raw/Lung_Opacity/images/Lung_Opacity-1621.png,/Users/berfinaktas/Projects/covid_project_folders/jun26_bds_int_covid/data/raw/Lung_Opacity/masks/Lung_Opacity-1621.png,Lung_Opacity,Normal,False,0.13243819017628064,0.37994384765625,0.34857306150171596
/Users/berfinaktas/Projects/covid_project_folders/jun26_bds_int_covid/data/raw/COVID/images/COVID-1574.png,/Users/berfinaktas/Projects/covid_project_folders/jun26_bds_int_covid/data/raw/COVID/masks/COVID-1574.png,COVID,Lung_Opacity,False,0.07109313602938462,0.3809814453125,0.18660524522676028
/Users/berfinaktas/Projects/covid_project_folders/jun26_bds_int_covid/data/raw/Normal/images/Normal-1396.png,/Users/berfinaktas/Projects/covid_project_folders/jun26_bds_int_covid/data/raw/Normal/masks/Normal-1396.png,Normal,Viral Pneumonia,False,0.1006825624207366,0.2877197265625,0.34993277528666705
/Users/berfinaktas/Projects/covid_project_folders/jun26_bds_int_covid/data/raw/Lung_Opacity/images/Lung_Opacity-1140.png,/Users/berfinaktas/Projects/covid_project_folders/jun26_bds_int_covid/data/raw/Lung_Opacity/masks/Lung_Opacity-1140.png,Lung_Opacity,Lung_Opacity,True,0.024636382996648755,0.3743896484375,0.06580412439144004
/Users/berfinaktas/Projects/covid_project_folders/jun26_bds_int_covid/data/raw/Normal/images/Normal-2921.png,/Users/berfinaktas/Projects/covid_project_folders/jun26_bds_int_covid/data/raw/Normal/masks/Normal-2921.png,Normal,Normal,True,0.2285545733043361,0.34454345703125,0.6633548501360925
/Users/berfinaktas/Projects/covid_project_folders/jun26_bds_int_covid/data/raw/Normal/images/Normal-2997.png,/Users/berfinaktas/Projects/covid_project_folders/jun26_bds_int_covid/data/raw/Normal/masks/Normal-2997.png,Normal,Normal,True,0.2005486883811686,0.38385009765625,0.5224661648015688
/Users/berfinaktas/Projects/covid_project_folders/jun26_bds_int_covid/data/raw/Normal/images/Normal-6998.png,/Users/berfinaktas/Projects/covid_project_folders/jun26_bds_int_covid/data/raw/Normal/masks/Normal-6998.png,Normal,Normal,True,0.24009262349687743,0.3553466796875,0.6756574275803573
/Users/berfinaktas/Projects/covid_project_folders/jun26_bds_int_covid/data/raw/Lung_Opacity/images/Lung_Opacity-3724.png,/Users/berfinaktas/Projects/covid_project_folders/jun26_bds_int_covid/data/raw/Lung_Opacity/masks/Lung_Opacity-3724.png,Lung_Opacity,COVID,False,0.32701784634638703,0.339599609375,0.9629511852155294
/Users/berfinaktas/Projects/covid_project_folders/jun26_bds_int_covid/data/raw/Normal/images/Normal-2821.png,/Users/berfinaktas/Projects/covid_project_folders/jun26_bds_int_covid/data/raw/Normal/masks/Normal-2821.png,Normal,Normal,True,0.19492691978550966,0.3447265625,0.5654537276497504
/Users/berfinaktas/Projects/covid_project_folders/jun26_bds_int_covid/data/raw/Lung_Opacity/images/Lung_Opacity-341.png,/Users/berfinaktas/Projects/covid_project_folders/jun26_bds_int_covid/data/raw/Lung_Opacity/masks/Lung_Opacity-341.png,Lung_Opacity,Lung_Opacity,True,0.09713870209575798,0.33294677734375,0.29175444457138383
/Users/berfinaktas/Projects/covid_project_folders/jun26_bds_int_covid/data/raw/Lung_Opacity/images/Lung_Opacity-1467.png,/Users/berfinaktas/Projects/covid_project_folders/jun26_bds_int_covid/data/raw/Lung_Opacity/masks/Lung_Opacity-1467.png,Lung_Opacity,Lung_Opacity,True,0.008643791155993596,0.29400634765625,0.029400015424496384
/Users/berfinaktas/Projects/covid_project_folders/jun26_bds_int_covid/data/raw/Normal/images/Normal-7902.png,/Users/berfinaktas/Projects/covid_project_folders/jun26_bds_int_covid/data/raw/Normal/masks/Normal-7902.png,Normal,Normal,True,0.06504521232568691,0.37030029296875,0.17565530884194072
/Users/berfinaktas/Projects/covid_project_folders/jun26_bds_int_covid/data/raw/Normal/images/Normal-9107.png,/Users/berfinaktas/Projects/covid_project_folders/jun26_bds_int_covid/data/raw/Normal/masks/Normal-9107.png,Normal,Normal,True,0.2749768477385111,0.4129638671875,0.6658617607667404
/Users/berfinaktas/Projects/covid_project_folders/jun26_bds_int_covid/data/raw/Lung_Opacity/images/Lung_Opacity-1697.png,/Users/berfinaktas/Projects/covid_project_folders/jun26_bds_int_covid/data/raw/Lung_Opacity/masks/Lung_Opacity-1697.png,Lung_Opacity,Lung_Opacity,True,0.09579809766750542,0.29876708984375,0.32064474610508864
/Users/berfinaktas/Projects/covid_project_folders/jun26_bds_int_covid/data/raw/Normal/images/Normal-3096.png,/Users/berfinaktas/Projects/covid_project_folders/jun26_bds_int_covid/data/raw/Normal/masks/Normal-3096.png,Normal,Normal,True,0.2480019147640767,0.4326171875,0.5732595050077078
/Users/berfinaktas/Projects/covid_project_folders/jun26_bds_int_covid/data/raw/Normal/images/Normal-9397.png,/Users/berfinaktas/Projects/covid_project_folders/jun26_bds_int_covid/data/raw/Normal/masks/Normal-9397.png,Normal,COVID,False,0.35331929102801657,0.37677001953125,0.9377585070797058
/Users/berfinaktas/Projects/covid_project_folders/jun26_bds_int_covid/data/raw/COVID/images/COVID-1358.png,/Users/berfinaktas/Projects/covid_project_folders/jun26_bds_int_covid/data/raw/COVID/masks/COVID-1358.png,COVID,COVID,True,0.34049350109357535,0.351806640625,0.9678427345449581
/Users/berfinaktas/Projects/covid_project_folders/jun26_bds_int_covid/data/raw/Normal/images/Normal-6711.png,/Users/berfinaktas/Projects/covid_project_folders/jun26_bds_int_covid/data/raw/Normal/masks/Normal-6711.png,Normal,Lung_Opacity,False,0.16420413990007138,0.36920166015625,0.444754608715948
/Users/berfinaktas/Projects/covid_project_folders/jun26_bds_int_covid/data/raw/Normal/images/Normal-5205.png,/Users/berfinaktas/Projects/covid_project_folders/jun26_bds_int_covid/data/raw/Normal/masks/Normal-5205.png,Normal,Normal,True,0.1505114545434387,0.29779052734375,0.5054272742856527
/Users/berfinaktas/Projects/covid_project_folders/jun26_bds_int_covid/data/raw/Viral Pneumonia/images/Viral Pneumonia-217.png,/Users/berfinaktas/Projects/covid_project_folders/jun26_bds_int_covid/data/raw/Viral Pneumonia/masks/Viral Pneumonia-217.png,Viral Pneumonia,Viral Pneumonia,True,0.12706320612958213,0.31103515625,0.40851718391426095
/Users/berfinaktas/Projects/covid_project_folders/jun26_bds_int_covid/data/raw/Lung_Opacity/images/Lung_Opacity-5129.png,/Users/berfinaktas/Projects/covid_project_folders/jun26_bds_int_covid/data/raw/Lung_Opacity/masks/Lung_Opacity-5129.png,Lung_Opacity,Lung_Opacity,True,0.022378872604573045,0.26800537109375,0.08350158249904914
/Users/berfinaktas/Projects/covid_project_folders/jun26_bds_int_covid/data/raw/Lung_Opacity/images/Lung_Opacity-3342.png,/Users/berfinaktas/Projects/covid_project_folders/jun26_bds_int_covid/data/raw/Lung_Opacity/masks/Lung_Opacity-3342.png,Lung_Opacity,Lung_Opacity,True,0.0017964163496729114,0.26666259765625,0.006736664104609975
/Users/berfinaktas/Projects/covid_project_folders/jun26_bds_int_covid/data/raw/Lung_Opacity/images/Lung_Opacity-444.png,/Users/berfinaktas/Projects/covid_project_folders/jun26_bds_int_covid/data/raw/Lung_Opacity/masks/Lung_Opacity-444.png,Lung_Opacity,Lung_Opacity,True,0.08230901346776875,0.38665771484375,0.2128730665597353
/Users/berfinaktas/Projects/covid_project_folders/jun26_bds_int_covid/data/raw/Lung_Opacity/images/Lung_Opacity-201.png,/Users/berfinaktas/Projects/covid_project_folders/jun26_bds_int_covid/data/raw/Lung_Opacity/masks/Lung_Opacity-201.png,Lung_Opacity,Lung_Opacity,True,0.013544242475439968,0.3555908203125,0.038089404173980164
/Users/berfinaktas/Projects/covid_project_folders/jun26_bds_int_covid/data/raw/Lung_Opacity/images/Lung_Opacity-4868.png,/Users/berfinaktas/Projects/covid_project_folders/jun26_bds_int_covid/data/raw/Lung_Opacity/masks/Lung_Opacity-4868.png,Lung_Opacity,Normal,False,0.07792677590977241,0.32977294921875,0.2363043302805314
/Users/berfinaktas/Projects/covid_project_folders/jun26_bds_int_covid/data/raw/Normal/images/Normal-9696.png,/Users/berfinaktas/Projects/covid_project_folders/jun26_bds_int_covid/data/raw/Normal/masks/Normal-9696.png,Normal,Normal,True,0.170059071273136,0.2967529296875,0.573066191636993
/Users/berfinaktas/Projects/covid_project_folders/jun26_bds_int_covid/data/raw/Normal/images/Normal-6035.png,/Users/berfinaktas/Projects/covid_project_folders/jun26_bds_int_covid/data/raw/Normal/masks/Normal-6035.png,Normal,Normal,True,0.2703359155275257,0.41656494140625,0.6489646358978728
/Users/berfinaktas/Projects/covid_project_folders/jun26_bds_int_covid/data/raw/Lung_Opacity/images/Lung_Opacity-3908.png,/Users/berfinaktas/Projects/covid_project_folders/jun26_bds_int_covid/data/raw/Lung_Opacity/masks/Lung_Opacity-3908.png,Lung_Opacity,Lung_Opacity,True,0.08247214165960653,0.33685302734375,0.24483123191719397
/Users/berfinaktas/Projects/covid_project_folders/jun26_bds_int_covid/data/raw/Normal/images/Normal-3109.png,/Users/berfinaktas/Projects/covid_project_folders/jun26_bds_int_covid/data/raw/Normal/masks/Normal-3109.png,Normal,Normal,True,0.2012708278856978,0.43231201171875,0.4655684376788469
/Users/berfinaktas/Projects/covid_project_folders/jun26_bds_int_covid/data/raw/Normal/images/Normal-1611.png,/Users/berfinaktas/Projects/covid_project_folders/jun26_bds_int_covid/data/raw/Normal/masks/Normal-1611.png,Normal,Normal,True,0.29087069827727535,0.29296875,0.9928386501197666
/Users/berfinaktas/Projects/covid_project_folders/jun26_bds_int_covid/data/raw/Lung_Opacity/images/Lung_Opacity-1605.png,/Users/berfinaktas/Projects/covid_project_folders/jun26_bds_int_covid/data/raw/Lung_Opacity/masks/Lung_Opacity-1605.png,Lung_Opacity,Lung_Opacity,True,0.08834403543525804,0.33782958984375,0.2615047292811685
/Users/berfinaktas/Projects/covid_project_folders/jun26_bds_int_covid/data/raw/Lung_Opacity/images/Lung_Opacity-5270.png,/Users/berfinaktas/Projects/covid_project_folders/jun26_bds_int_covid/data/raw/Lung_Opacity/masks/Lung_Opacity-5270.png,Lung_Opacity,Lung_Opacity,True,0.01985384340063635,0.36279296875,0.05472499499933142
/Users/berfinaktas/Projects/covid_project_folders/jun26_bds_int_covid/data/raw/Normal/images/Normal-7355.png,/Users/berfinaktas/Projects/covid_project_folders/jun26_bds_int_covid/data/raw/Normal/masks/Normal-7355.png,Normal,Lung_Opacity,False,0.030779810703032408,0.30914306640625,0.09956493949821973
/Users/berfinaktas/Projects/covid_project_folders/jun26_bds_int_covid/data/raw/COVID/images/COVID-1079.png,/Users/berfinaktas/Projects/covid_project_folders/jun26_bds_int_covid/data/raw/COVID/masks/COVID-1079.png,COVID,COVID,True,0.25572946008300235,0.35113525390625,0.7282933207022267
/Users/berfinaktas/Projects/covid_project_folders/jun26_bds_int_covid/data/raw/Viral Pneumonia/images/Viral Pneumonia-367.png,/Users/berfinaktas/Projects/covid_project_folders/jun26_bds_int_covid/data/raw/Viral Pneumonia/masks/Viral Pneumonia-367.png,Viral Pneumonia,Normal,False,0.24118886633336103,0.25848388671875,0.9330905279824763
/Users/berfinaktas/Projects/covid_project_folders/jun26_bds_int_covid/data/raw/Normal/images/Normal-6911.png,/Users/berfinaktas/Projects/covid_project_folders/jun26_bds_int_covid/data/raw/Normal/masks/Normal-6911.png,Normal,Normal,True,0.11309179071472569,0.2525634765625,0.44777571268005456
/Users/berfinaktas/Projects/covid_project_folders/jun26_bds_int_covid/data/raw/COVID/images/COVID-108.png,/Users/berfinaktas/Projects/covid_project_folders/jun26_bds_int_covid/data/raw/COVID/masks/COVID-108.png,COVID,COVID,True,0.2754644821744248,0.29498291015625,0.933832004126997
/Users/berfinaktas/Projects/covid_project_folders/jun26_bds_int_covid/data/raw/COVID/images/COVID-2712.png,/Users/berfinaktas/Projects/covid_project_folders/jun26_bds_int_covid/data/raw/COVID/masks/COVID-2712.png,COVID,COVID,True,0.21854610131349408,0.22857666015625,0.9561173094580205
/Users/berfinaktas/Projects/covid_project_folders/jun26_bds_int_covid/data/raw/Lung_Opacity/images/Lung_Opacity-5868.png,/Users/berfinaktas/Projects/covid_project_folders/jun26_bds_int_covid/data/raw/Lung_Opacity/masks/Lung_Opacity-5868.png,Lung_Opacity,Lung_Opacity,True,0.08868620759375705,0.3643798828125,0.2433894179591483
/Users/berfinaktas/Projects/covid_project_folders/jun26_bds_int_covid/data/raw/Normal/images/Normal-2690.png,/Users/berfinaktas/Projects/covid_project_folders/jun26_bds_int_covid/data/raw/Normal/masks/Normal-2690.png,Normal,Normal,True,0.2420148455493828,0.2994384765625,0.8082289501592107
/Users/berfinaktas/Projects/covid_project_folders/jun26_bds_int_covid/data/raw/Lung_Opacity/images/Lung_Opacity-3192.png,/Users/berfinaktas/Projects/covid_project_folders/jun26_bds_int_covid/data/raw/Lung_Opacity/masks/Lung_Opacity-3192.png,Lung_Opacity,Lung_Opacity,True,0.03171058630072835,0.31182861328125,0.10169235583306582
/Users/berfinaktas/Projects/covid_project_folders/jun26_bds_int_covid/data/raw/COVID/images/COVID-2296.png,/Users/berfinaktas/Projects/covid_project_folders/jun26_bds_int_covid/data/raw/COVID/masks/COVID-2296.png,COVID,COVID,True,0.31528276468039906,0.3258056640625,0.9677019139235029
/Users/berfinaktas/Projects/covid_project_folders/jun26_bds_int_covid/data/raw/Normal/images/Normal-5995.png,/Users/berfinaktas/Projects/covid_project_folders/jun26_bds_int_covid/data/raw/Normal/masks/Normal-5995.png,Normal,Normal,True,0.19217292506466246,0.320556640625,0.5994975636442174
/Users/berfinaktas/Projects/covid_project_folders/jun26_bds_int_covid/data/raw/Normal/images/Normal-5901.png,/Users/berfinaktas/Projects/covid_project_folders/jun26_bds_int_covid/data/raw/Normal/masks/Normal-5901.png,Normal,Normal,True,0.19745598437378103,0.35479736328125,0.5565317130535057
/Users/berfinaktas/Projects/covid_project_folders/jun26_bds_int_covid/data/raw/Normal/images/Normal-4869.png,/Users/berfinaktas/Projects/covid_project_folders/jun26_bds_int_covid/data/raw/Normal/masks/Normal-4869.png,Normal,Normal,True,0.17942521917294738,0.26983642578125,0.6649406900994277
/Users/berfinaktas/Projects/covid_project_folders/jun26_bds_int_covid/data/raw/Lung_Opacity/images/Lung_Opacity-2351.png,/Users/berfinaktas/Projects/covid_project_folders/jun26_bds_int_covid/data/raw/Lung_Opacity/masks/Lung_Opacity-2351.png,Lung_Opacity,Lung_Opacity,True,0.036948548544828444,0.38311767578125,0.09644177463094937
/Users/berfinaktas/Projects/covid_project_folders/jun26_bds_int_covid/data/raw/COVID/images/COVID-1777.png,/Users/berfinaktas/Projects/covid_project_folders/jun26_bds_int_covid/data/raw/COVID/masks/COVID-1777.png,COVID,Lung_Opacity,False,0.07402993239230082,0.3341064453125,0.22157588825638594
/Users/berfinaktas/Projects/covid_project_folders/jun26_bds_int_covid/data/raw/Lung_Opacity/images/Lung_Opacity-2995.png,/Users/berfinaktas/Projects/covid_project_folders/jun26_bds_int_covid/data/raw/Lung_Opacity/masks/Lung_Opacity-2995.png,Lung_Opacity,Lung_Opacity,True,0.019092180318124204,0.3433837890625,0.055600121281931564
/Users/berfinaktas/Projects/covid_project_folders/jun26_bds_int_covid/data/raw/Viral Pneumonia/images/Viral Pneumonia-344.png,/Users/berfinaktas/Projects/covid_project_folders/jun26_bds_int_covid/data/raw/Viral Pneumonia/masks/Viral Pneumonia-344.png,Viral Pneumonia,Viral Pneumonia,True,0.1383381841081909,0.25128173828125,0.5505301939345639
/Users/berfinaktas/Projects/covid_project_folders/jun26_bds_int_covid/data/raw/Lung_Opacity/images/Lung_Opacity-1834.png,/Users/berfinaktas/Projects/covid_project_folders/jun26_bds_int_covid/data/raw/Lung_Opacity/masks/Lung_Opacity-1834.png,Lung_Opacity,Lung_Opacity,True,0.16324975959498703,0.34613037109375,0.47164240190517853
/Users/berfinaktas/Projects/covid_project_folders/jun26_bds_int_covid/data/raw/COVID/images/COVID-2999.png,/Users/berfinaktas/Projects/covid_project_folders/jun26_bds_int_covid/data/raw/COVID/masks/COVID-2999.png,COVID,Lung_Opacity,False,0.0482674048718462,0.26751708984375,0.1804273697057559
/Users/berfinaktas/Projects/covid_project_folders/jun26_bds_int_covid/data/raw/COVID/images/COVID-828.png,/Users/berfinaktas/Projects/covid_project_folders/jun26_bds_int_covid/data/raw/COVID/masks/COVID-828.png,COVID,COVID,True,0.3436246358585488,0.30084228515625,1.14220856845333
/Users/berfinaktas/Projects/covid_project_folders/jun26_bds_int_covid/data/raw/Lung_Opacity/images/Lung_Opacity-891.png,/Users/berfinaktas/Projects/covid_project_folders/jun26_bds_int_covid/data/raw/Lung_Opacity/masks/Lung_Opacity-891.png,Lung_Opacity,Lung_Opacity,True,0.09392222684672419,0.4119873046875,0.22797359476395987
/Users/berfinaktas/Projects/covid_project_folders/jun26_bds_int_covid/data/raw/Viral Pneumonia/images/Viral Pneumonia-611.png,/Users/berfinaktas/Projects/covid_project_folders/jun26_bds_int_covid/data/raw/Viral Pneumonia/masks/Viral Pneumonia-611.png,Viral Pneumonia,Viral Pneumonia,True,0.12258988422623338,0.29437255859375,0.4164446740955023
/Users/berfinaktas/Projects/covid_project_folders/jun26_bds_int_covid/data/raw/Lung_Opacity/images/Lung_Opacity-3975.png,/Users/berfinaktas/Projects/covid_project_folders/jun26_bds_int_covid/data/raw/Lung_Opacity/masks/Lung_Opacity-3975.png,Lung_Opacity,Lung_Opacity,True,0.013548761225421313,0.3712158203125,0.03649834000613331
/Users/berfinaktas/Projects/covid_project_folders/jun26_bds_int_covid/data/raw/Lung_Opacity/images/Lung_Opacity-4073.png,/Users/berfinaktas/Projects/covid_project_folders/jun26_bds_int_covid/data/raw/Lung_Opacity/masks/Lung_Opacity-4073.png,Lung_Opacity,Lung_Opacity,True,0.035870490738562556,0.37762451171875,0.09498983679660723
/Users/berfinaktas/Projects/covid_project_folders/jun26_bds_int_covid/data/raw/Lung_Opacity/images/Lung_Opacity-3935.png,/Users/berfinaktas/Projects/covid_project_folders/jun26_bds_int_covid/data/raw/Lung_Opacity/masks/Lung_Opacity-3935.png,Lung_Opacity,Lung_Opacity,True,0.03948672533690885,0.3638916015625,0.10851232940622518
/Users/berfinaktas/Projects/covid_project_folders/jun26_bds_int_covid/data/raw/Normal/images/Normal-2262.png,/Users/berfinaktas/Projects/covid_project_folders/jun26_bds_int_covid/data/raw/Normal/masks/Normal-2262.png,Normal,Normal,True,0.20355906689444167,0.39227294921875,0.5189220090241998
/Users/berfinaktas/Projects/covid_project_folders/jun26_bds_int_covid/data/raw/COVID/images/COVID-3356.png,/Users/berfinaktas/Projects/covid_project_folders/jun26_bds_int_covid/data/raw/COVID/masks/COVID-3356.png,COVID,Normal,False,0.1038868436474033,0.34417724609375,0.3018411147932356
/Users/berfinaktas/Projects/covid_project_folders/jun26_bds_int_covid/data/raw/COVID/images/COVID-1835.png,/Users/berfinaktas/Projects/covid_project_folders/jun26_bds_int_covid/data/raw/COVID/masks/COVID-1835.png,COVID,COVID,True,0.27398952099980045,0.35235595703125,0.7775929866725673
/Users/berfinaktas/Projects/covid_project_folders/jun26_bds_int_covid/data/raw/Lung_Opacity/images/Lung_Opacity-2646.png,/Users/berfinaktas/Projects/covid_project_folders/jun26_bds_int_covid/data/raw/Lung_Opacity/masks/Lung_Opacity-2646.png,Lung_Opacity,Lung_Opacity,True,0.011333814801070248,0.37567138671875,0.030169491746666926
/Users/berfinaktas/Projects/covid_project_folders/jun26_bds_int_covid/data/raw/COVID/images/COVID-1375.png,/Users/berfinaktas/Projects/covid_project_folders/jun26_bds_int_covid/data/raw/COVID/masks/COVID-1375.png,COVID,COVID,True,0.3784525442449206,0.36334228515625,1.0415868444328538
/Users/berfinaktas/Projects/covid_project_folders/jun26_bds_int_covid/data/raw/Normal/images/Normal-5953.png,/Users/berfinaktas/Projects/covid_project_folders/jun26_bds_int_covid/data/raw/Normal/masks/Normal-5953.png,Normal,Normal,True,0.20843310335069845,0.36273193359375,0.5746202196361844
/Users/berfinaktas/Projects/covid_project_folders/jun26_bds_int_covid/data/raw/Normal/images/Normal-9441.png,/Users/berfinaktas/Projects/covid_project_folders/jun26_bds_int_covid/data/raw/Normal/masks/Normal-9441.png,Normal,Normal,True,0.19300555472100953,0.34490966796875,0.5595829071932437
/Users/berfinaktas/Projects/covid_project_folders/jun26_bds_int_covid/data/raw/Lung_Opacity/images/Lung_Opacity-376.png,/Users/berfinaktas/Projects/covid_project_folders/jun26_bds_int_covid/data/raw/Lung_Opacity/masks/Lung_Opacity-376.png,Lung_Opacity,Lung_Opacity,True,0.022023762919198685,0.36846923828125,0.05977096764421919
/Users/berfinaktas/Projects/covid_project_folders/jun26_bds_int_covid/data/raw/COVID/images/COVID-2137.png,/Users/berfinaktas/Projects/covid_project_folders/jun26_bds_int_covid/data/raw/COVID/masks/COVID-2137.png,COVID,COVID,True,0.3725745908937152,0.24102783203125,1.5457741446448796
/Users/berfinaktas/Projects/covid_project_folders/jun26_bds_int_covid/data/raw/COVID/images/COVID-2091.png,/Users/berfinaktas/Projects/covid_project_folders/jun26_bds_int_covid/data/raw/COVID/masks/COVID-2091.png,COVID,COVID,True,0.35155328119729845,0.24945068359375,1.409309752663699
/Users/berfinaktas/Projects/covid_project_folders/jun26_bds_int_covid/data/raw/Lung_Opacity/images/Lung_Opacity-4022.png,/Users/berfinaktas/Projects/covid_project_folders/jun26_bds_int_covid/data/raw/Lung_Opacity/masks/Lung_Opacity-4022.png,Lung_Opacity,COVID,False,0.38034086933770767,0.34417724609375,1.1050726730322757
/Users/berfinaktas/Projects/covid_project_folders/jun26_bds_int_covid/data/raw/COVID/images/COVID-1765.png,/Users/berfinaktas/Projects/covid_project_folders/jun26_bds_int_covid/data/raw/COVID/masks/COVID-1765.png,COVID,COVID,True,0.2829236407215412,0.26171875,1.081021672010665
/Users/berfinaktas/Projects/covid_project_folders/jun26_bds_int_covid/data/raw/Lung_Opacity/images/Lung_Opacity-3249.png,/Users/berfinaktas/Projects/covid_project_folders/jun26_bds_int_covid/data/raw/Lung_Opacity/masks/Lung_Opacity-3249.png,Lung_Opacity,COVID,False,0.2582371847937159,0.36224365234375,0.712882567086814
/Users/berfinaktas/Projects/covid_project_folders/jun26_bds_int_covid/data/raw/Normal/images/Normal-258.png,/Users/berfinaktas/Projects/covid_project_folders/jun26_bds_int_covid/data/raw/Normal/masks/Normal-258.png,Normal,Normal,True,0.18538449871913698,0.20965576171875,0.8842327880682214
/Users/berfinaktas/Projects/covid_project_folders/jun26_bds_int_covid/data/raw/COVID/images/COVID-1284.png,/Users/berfinaktas/Projects/covid_project_folders/jun26_bds_int_covid/data/raw/COVID/masks/COVID-1284.png,COVID,COVID,True,0.38875132892635844,0.3736572265625,1.040395585287399
/Users/berfinaktas/Projects/covid_project_folders/jun26_bds_int_covid/data/raw/COVID/images/COVID-2633.png,/Users/berfinaktas/Projects/covid_project_folders/jun26_bds_int_covid/data/raw/COVID/masks/COVID-2633.png,COVID,COVID,True,0.29933831930772914,0.3997802734375,0.7487571028302037
/Users/berfinaktas/Projects/covid_project_folders/jun26_bds_int_covid/data/raw/Viral Pneumonia/images/Viral Pneumonia-1306.png,/Users/berfinaktas/Projects/covid_project_folders/jun26_bds_int_covid/data/raw/Viral Pneumonia/masks/Viral Pneumonia-1306.png,Viral Pneumonia,Viral Pneumonia,True,0.09757315152896195,0.24267578125,0.402072061028801
/Users/berfinaktas/Projects/covid_project_folders/jun26_bds_int_covid/data/raw/Lung_Opacity/images/Lung_Opacity-2966.png,/Users/berfinaktas/Projects/covid_project_folders/jun26_bds_int_covid/data/raw/Lung_Opacity/masks/Lung_Opacity-2966.png,Lung_Opacity,Lung_Opacity,True,0.039236775690843724,0.323486328125,0.12129345904127992
/Users/berfinaktas/Projects/covid_project_folders/jun26_bds_int_covid/data/raw/Lung_Opacity/images/Lung_Opacity-659.png,/Users/berfinaktas/Projects/covid_project_folders/jun26_bds_int_covid/data/raw/Lung_Opacity/masks/Lung_Opacity-659.png,Lung_Opacity,COVID,False,0.38466829220079707,0.4176025390625,0.9211349458371615
/Users/berfinaktas/Projects/covid_project_folders/jun26_bds_int_covid/data/raw/Lung_Opacity/images/Lung_Opacity-4368.png,/Users/berfinaktas/Projects/covid_project_folders/jun26_bds_int_covid/data/raw/Lung_Opacity/masks/Lung_Opacity-4368.png,Lung_Opacity,Lung_Opacity,True,0.10124601002036326,0.3775634765625,0.26815626061649395
/Users/berfinaktas/Projects/covid_project_folders/jun26_bds_int_covid/data/raw/Viral Pneumonia/images/Viral Pneumonia-568.png,/Users/berfinaktas/Projects/covid_project_folders/jun26_bds_int_covid/data/raw/Viral Pneumonia/masks/Viral Pneumonia-568.png,Viral Pneumonia,Viral Pneumonia,True,0.07009893737583689,0.25927734375,0.2703627565832654
/Users/berfinaktas/Projects/covid_project_folders/jun26_bds_int_covid/data/raw/Lung_Opacity/images/Lung_Opacity-3552.png,/Users/berfinaktas/Projects/covid_project_folders/jun26_bds_int_covid/data/raw/Lung_Opacity/masks/Lung_Opacity-3552.png,Lung_Opacity,Lung_Opacity,True,0.14297955289682718,0.34527587890625,0.414102350125794
/Users/berfinaktas/Projects/covid_project_folders/jun26_bds_int_covid/data/raw/Viral Pneumonia/images/Viral Pneumonia-613.png,/Users/berfinaktas/Projects/covid_project_folders/jun26_bds_int_covid/data/raw/Viral Pneumonia/masks/Viral Pneumonia-613.png,Viral Pneumonia,Viral Pneumonia,True,0.0801968514158283,0.239501953125,0.3348484234446817
/Users/berfinaktas/Projects/covid_project_folders/jun26_bds_int_covid/data/raw/Normal/images/Normal-6269.png,/Users/berfinaktas/Projects/covid_project_folders/jun26_bds_int_covid/data/raw/Normal/masks/Normal-6269.png,Normal,Normal,True,0.43115278080700475,0.41021728515625,1.0510351377387244
/Users/berfinaktas/Projects/covid_project_folders/jun26_bds_int_covid/data/raw/COVID/images/COVID-1250.png,/Users/berfinaktas/Projects/covid_project_folders/jun26_bds_int_covid/data/raw/COVID/masks/COVID-1250.png,COVID,COVID,True,0.26429396037923275,0.426025390625,0.6203713820706804
/Users/berfinaktas/Projects/covid_project_folders/jun26_bds_int_covid/data/raw/Lung_Opacity/images/Lung_Opacity-4250.png,/Users/berfinaktas/Projects/covid_project_folders/jun26_bds_int_covid/data/raw/Lung_Opacity/masks/Lung_Opacity-4250.png,Lung_Opacity,Lung_Opacity,True,0.030105996367454785,0.3685302734375,0.08169205771520026
/Users/berfinaktas/Projects/covid_project_folders/jun26_bds_int_covid/data/raw/Lung_Opacity/images/Lung_Opacity-3167.png,/Users/berfinaktas/Projects/covid_project_folders/jun26_bds_int_covid/data/raw/Lung_Opacity/masks/Lung_Opacity-3167.png,Lung_Opacity,Lung_Opacity,True,0.15068429810970213,0.3714599609375,0.40565421298543536
/Users/berfinaktas/Projects/covid_project_folders/jun26_bds_int_covid/data/raw/Viral Pneumonia/images/Viral Pneumonia-509.png,/Users/berfinaktas/Projects/covid_project_folders/jun26_bds_int_covid/data/raw/Viral Pneumonia/masks/Viral Pneumonia-509.png,Viral Pneumonia,Viral Pneumonia,True,0.11081717859742068,0.23309326171875,0.4754199146740352
/Users/berfinaktas/Projects/covid_project_folders/jun26_bds_int_covid/data/raw/Lung_Opacity/images/Lung_Opacity-3355.png,/Users/berfinaktas/Projects/covid_project_folders/jun26_bds_int_covid/data/raw/Lung_Opacity/masks/Lung_Opacity-3355.png,Lung_Opacity,Lung_Opacity,True,0.021193592443281613,0.3984375,0.05319176142627542
/Users/berfinaktas/Projects/covid_project_folders/jun26_bds_int_covid/data/raw/COVID/images/COVID-2233.png,/Users/berfinaktas/Projects/covid_project_folders/jun26_bds_int_covid/data/raw/COVID/masks/COVID-2233.png,COVID,COVID,True,0.2782303006074808,0.39752197265625,0.6999117526720352
/Users/berfinaktas/Projects/covid_project_folders/jun26_bds_int_covid/data/raw/Normal/images/Normal-7056.png,/Users/berfinaktas/Projects/covid_project_folders/jun26_bds_int_covid/data/raw/Normal/masks/Normal-7056.png,Normal,Normal,True,0.1894414016084533,0.37982177734375,0.49876392800143
/Users/berfinaktas/Projects/covid_project_folders/jun26_bds_int_covid/data/raw/Normal/images/Normal-597.png,/Users/berfinaktas/Projects/covid_project_folders/jun26_bds_int_covid/data/raw/Normal/masks/Normal-597.png,Normal,Normal,True,0.20606956512554053,0.30609130859375,0.6732290638119354
/Users/berfinaktas/Projects/covid_project_folders/jun26_bds_int_covid/data/raw/COVID/images/COVID-2464.png,/Users/berfinaktas/Projects/covid_project_folders/jun26_bds_int_covid/data/raw/COVID/masks/COVID-2464.png,COVID,Normal,False,0.1921211989813499,0.3441162109375,0.5583032501082719
/Users/berfinaktas/Projects/covid_project_folders/jun26_bds_int_covid/data/raw/Normal/images/Normal-8952.png,/Users/berfinaktas/Projects/covid_project_folders/jun26_bds_int_covid/data/raw/Normal/masks/Normal-8952.png,Normal,Normal,True,0.178533633244869,0.275390625,0.6482923419955527
/Users/berfinaktas/Projects/covid_project_folders/jun26_bds_int_covid/data/raw/Normal/images/Normal-3814.png,/Users/berfinaktas/Projects/covid_project_folders/jun26_bds_int_covid/data/raw/Normal/masks/Normal-3814.png,Normal,Normal,True,0.13946268831282949,0.3516845703125,0.3965561758620962
/Users/berfinaktas/Projects/covid_project_folders/jun26_bds_int_covid/data/raw/Normal/images/Normal-7906.png,/Users/berfinaktas/Projects/covid_project_folders/jun26_bds_int_covid/data/raw/Normal/masks/Normal-7906.png,Normal,Normal,True,0.1736722573218867,0.32135009765625,0.5404456341807772
/Users/berfinaktas/Projects/covid_project_folders/jun26_bds_int_covid/data/raw/COVID/images/COVID-1054.png,/Users/berfinaktas/Projects/covid_project_folders/jun26_bds_int_covid/data/raw/COVID/masks/COVID-1054.png,COVID,COVID,True,0.24111559730305088,0.35931396484375,0.6710443258388289
/Users/berfinaktas/Projects/covid_project_folders/jun26_bds_int_covid/data/raw/Viral Pneumonia/images/Viral Pneumonia-969.png,/Users/berfinaktas/Projects/covid_project_folders/jun26_bds_int_covid/data/raw/Viral Pneumonia/masks/Viral Pneumonia-969.png,Viral Pneumonia,COVID,False,0.2752577641579584,0.2694091796875,1.021708927948344
/Users/berfinaktas/Projects/covid_project_folders/jun26_bds_int_covid/data/raw/Normal/images/Normal-1486.png,/Users/berfinaktas/Projects/covid_project_folders/jun26_bds_int_covid/data/raw/Normal/masks/Normal-1486.png,Normal,Normal,True,0.12648181249152599,0.29376220703125,0.43055849072536084
/Users/berfinaktas/Projects/covid_project_folders/jun26_bds_int_covid/data/raw/Lung_Opacity/images/Lung_Opacity-3309.png,/Users/berfinaktas/Projects/covid_project_folders/jun26_bds_int_covid/data/raw/Lung_Opacity/masks/Lung_Opacity-3309.png,Lung_Opacity,Normal,False,0.2247365281070127,0.326416015625,0.6884972469157248
/Users/berfinaktas/Projects/covid_project_folders/jun26_bds_int_covid/data/raw/Normal/images/Normal-9082.png,/Users/berfinaktas/Projects/covid_project_folders/jun26_bds_int_covid/data/raw/Normal/masks/Normal-9082.png,Normal,Normal,True,0.24489584314272161,0.3546142578125,0.6905978475129692
/Users/berfinaktas/Projects/covid_project_folders/jun26_bds_int_covid/data/raw/COVID/images/COVID-1048.png,/Users/berfinaktas/Projects/covid_project_folders/jun26_bds_int_covid/data/raw/COVID/masks/COVID-1048.png,COVID,Normal,False,0.13755190128913689,0.3460693359375,0.39746919765806327
/Users/berfinaktas/Projects/covid_project_folders/jun26_bds_int_covid/data/raw/Lung_Opacity/images/Lung_Opacity-1141.png,/Users/berfinaktas/Projects/covid_project_folders/jun26_bds_int_covid/data/raw/Lung_Opacity/masks/Lung_Opacity-1141.png,Lung_Opacity,Lung_Opacity,True,0.0702011639284224,0.355712890625,0.197353443686217
/Users/berfinaktas/Projects/covid_project_folders/jun26_bds_int_covid/data/raw/Normal/images/Normal-9030.png,/Users/berfinaktas/Projects/covid_project_folders/jun26_bds_int_covid/data/raw/Normal/masks/Normal-9030.png,Normal,Normal,True,0.2577072283720791,0.28240966796875,0.9125297665113775
/Users/berfinaktas/Projects/covid_project_folders/jun26_bds_int_covid/data/raw/Lung_Opacity/images/Lung_Opacity-2461.png,/Users/berfinaktas/Projects/covid_project_folders/jun26_bds_int_covid/data/raw/Lung_Opacity/masks/Lung_Opacity-2461.png,Lung_Opacity,Lung_Opacity,True,0.02021439012705371,0.36322021484375,0.05565326295440228
/Users/berfinaktas/Projects/covid_project_folders/jun26_bds_int_covid/data/raw/COVID/images/COVID-1072.png,/Users/berfinaktas/Projects/covid_project_folders/jun26_bds_int_covid/data/raw/COVID/masks/COVID-1072.png,COVID,COVID,True,0.38427440910305855,0.39776611328125,0.9660813132951529
/Users/berfinaktas/Projects/covid_project_folders/jun26_bds_int_covid/data/raw/Normal/images/Normal-6618.png,/Users/berfinaktas/Projects/covid_project_folders/jun26_bds_int_covid/data/raw/Normal/masks/Normal-6618.png,Normal,Normal,True,0.2069561638660987,0.4267578125,0.48494991258326103
/Users/berfinaktas/Projects/covid_project_folders/jun26_bds_int_covid/data/raw/Normal/images/Normal-1891.png,/Users/berfinaktas/Projects/covid_project_folders/jun26_bds_int_covid/data/raw/Normal/masks/Normal-1891.png,Normal,Normal,True,0.24494014025860944,0.33819580078125,0.7242554156284168
/Users/berfinaktas/Projects/covid_project_folders/jun26_bds_int_covid/data/raw/Normal/images/Normal-1628.png,/Users/berfinaktas/Projects/covid_project_folders/jun26_bds_int_covid/data/raw/Normal/masks/Normal-1628.png,Normal,Normal,True,0.1631135876274582,0.298583984375,0.5462904782682492
/Users/berfinaktas/Projects/covid_project_folders/jun26_bds_int_covid/data/raw/Lung_Opacity/images/Lung_Opacity-3631.png,/Users/berfinaktas/Projects/covid_project_folders/jun26_bds_int_covid/data/raw/Lung_Opacity/masks/Lung_Opacity-3631.png,Lung_Opacity,Lung_Opacity,True,0.05022949179048794,0.349853515625,0.14357292280100392
/Users/berfinaktas/Projects/covid_project_folders/jun26_bds_int_covid/data/raw/Normal/images/Normal-8665.png,/Users/berfinaktas/Projects/covid_project_folders/jun26_bds_int_covid/data/raw/Normal/masks/Normal-8665.png,Normal,Normal,True,0.27041020073524263,0.42144775390625,0.6416221185874316
/Users/berfinaktas/Projects/covid_project_folders/jun26_bds_int_covid/data/raw/Lung_Opacity/images/Lung_Opacity-698.png,/Users/berfinaktas/Projects/covid_project_folders/jun26_bds_int_covid/data/raw/Lung_Opacity/masks/Lung_Opacity-698.png,Lung_Opacity,COVID,False,0.25276814172193734,0.36737060546875,0.6880467243682042
/Users/berfinaktas/Projects/covid_project_folders/jun26_bds_int_covid/data/raw/Lung_Opacity/images/Lung_Opacity-2430.png,/Users/berfinaktas/Projects/covid_project_folders/jun26_bds_int_covid/data/raw/Lung_Opacity/masks/Lung_Opacity-2430.png,Lung_Opacity,Lung_Opacity,True,0.03547695362975557,0.3345947265625,0.10602962573329357
/Users/berfinaktas/Projects/covid_project_folders/jun26_bds_int_covid/data/raw/Lung_Opacity/images/Lung_Opacity-4238.png,/Users/berfinaktas/Projects/covid_project_folders/jun26_bds_int_covid/data/raw/Lung_Opacity/masks/Lung_Opacity-4238.png,Lung_Opacity,Viral Pneumonia,False,0.22110259045381364,0.282958984375,0.7813944870567909
/Users/berfinaktas/Projects/covid_project_folders/jun26_bds_int_covid/data/raw/Normal/images/Normal-5291.png,/Users/berfinaktas/Projects/covid_project_folders/jun26_bds_int_covid/data/raw/Normal/masks/Normal-5291.png,Normal,Normal,True,0.33597896559215196,0.414306640625,0.8109427478287887
/Users/berfinaktas/Projects/covid_project_folders/jun26_bds_int_covid/data/raw/Viral Pneumonia/images/Viral Pneumonia-564.png,/Users/berfinaktas/Projects/covid_project_folders/jun26_bds_int_covid/data/raw/Viral Pneumonia/masks/Viral Pneumonia-564.png,Viral Pneumonia,Viral Pneumonia,True,0.1328941126425022,0.2801513671875,0.474365390312583
/Users/berfinaktas/Projects/covid_project_folders/jun26_bds_int_covid/data/raw/Lung_Opacity/images/Lung_Opacity-4515.png,/Users/berfinaktas/Projects/covid_project_folders/jun26_bds_int_covid/data/raw/Lung_Opacity/masks/Lung_Opacity-4515.png,Lung_Opacity,Lung_Opacity,True,0.050177507094138415,0.394287109375,0.12726134306971576
/Users/berfinaktas/Projects/covid_project_folders/jun26_bds_int_covid/data/raw/COVID/images/COVID-3345.png,/Users/berfinaktas/Projects/covid_project_folders/jun26_bds_int_covid/data/raw/COVID/masks/COVID-3345.png,COVID,Normal,False,0.19417784095993515,0.33941650390625,0.572093103090735
/Users/berfinaktas/Projects/covid_project_folders/jun26_bds_int_covid/data/raw/Normal/images/Normal-9574.png,/Users/berfinaktas/Projects/covid_project_folders/jun26_bds_int_covid/data/raw/Normal/masks/Normal-9574.png,Normal,COVID,False,0.36200632113047687,0.35443115234375,1.021372751059365
/Users/berfinaktas/Projects/covid_project_folders/jun26_bds_int_covid/data/raw/Normal/images/Normal-1222.png,/Users/berfinaktas/Projects/covid_project_folders/jun26_bds_int_covid/data/raw/Normal/masks/Normal-1222.png,Normal,Normal,True,0.23710822148620256,0.30816650390625,0.7694159439156155
/Users/berfinaktas/Projects/covid_project_folders/jun26_bds_int_covid/data/raw/Normal/images/Normal-4218.png,/Users/berfinaktas/Projects/covid_project_folders/jun26_bds_int_covid/data/raw/Normal/masks/Normal-4218.png,Normal,Normal,True,0.26826502632071453,0.32330322265625,0.8297629207548777
/Users/berfinaktas/Projects/covid_project_folders/jun26_bds_int_covid/data/raw/Normal/images/Normal-9489.png,/Users/berfinaktas/Projects/covid_project_folders/jun26_bds_int_covid/data/raw/Normal/masks/Normal-9489.png,Normal,Normal,True,0.21709212678083592,0.35107421875,0.6183653346970125
/Users/berfinaktas/Projects/covid_project_folders/jun26_bds_int_covid/data/raw/Normal/images/Normal-4177.png,/Users/berfinaktas/Projects/covid_project_folders/jun26_bds_int_covid/data/raw/Normal/masks/Normal-4177.png,Normal,Normal,True,0.2306384897542709,0.28570556640625,0.807259349740221
/Users/berfinaktas/Projects/covid_project_folders/jun26_bds_int_covid/data/raw/Viral Pneumonia/images/Viral Pneumonia-697.png,/Users/berfinaktas/Projects/covid_project_folders/jun26_bds_int_covid/data/raw/Viral Pneumonia/masks/Viral Pneumonia-697.png,Viral Pneumonia,Viral Pneumonia,True,0.3080233436847374,0.31658935546875,0.9729428307173197
/Users/berfinaktas/Projects/covid_project_folders/jun26_bds_int_covid/data/raw/Lung_Opacity/images/Lung_Opacity-2529.png,/Users/berfinaktas/Projects/covid_project_folders/jun26_bds_int_covid/data/raw/Lung_Opacity/masks/Lung_Opacity-2529.png,Lung_Opacity,Lung_Opacity,True,0.029589480484086488,0.307373046875,0.0962656966344863
/Users/berfinaktas/Projects/covid_project_folders/jun26_bds_int_covid/data/raw/COVID/images/COVID-2291.png,/Users/berfinaktas/Projects/covid_project_folders/jun26_bds_int_covid/data/raw/COVID/masks/COVID-2291.png,COVID,COVID,True,0.3437038798251892,0.35589599609375,0.9657424741992625
/Users/berfinaktas/Projects/covid_project_folders/jun26_bds_int_covid/data/raw/Normal/images/Normal-4732.png,/Users/berfinaktas/Projects/covid_project_folders/jun26_bds_int_covid/data/raw/Normal/masks/Normal-4732.png,Normal,Normal,True,0.23753791192628163,0.38739013671875,0.613174909248495
/Users/berfinaktas/Projects/covid_project_folders/jun26_bds_int_covid/data/raw/COVID/images/COVID-3096.png,/Users/berfinaktas/Projects/covid_project_folders/jun26_bds_int_covid/data/raw/COVID/masks/COVID-3096.png,COVID,COVID,True,0.42644537071507427,0.32293701171875,1.3205218207892226
/Users/berfinaktas/Projects/covid_project_folders/jun26_bds_int_covid/data/raw/Normal/images/Normal-3856.png,/Users/berfinaktas/Projects/covid_project_folders/jun26_bds_int_covid/data/raw/Normal/masks/Normal-3856.png,Normal,Normal,True,0.14675228027860776,0.3179931640625,0.4614950787110767
/Users/berfinaktas/Projects/covid_project_folders/jun26_bds_int_covid/data/raw/Normal/images/Normal-4599.png,/Users/berfinaktas/Projects/covid_project_folders/jun26_bds_int_covid/data/raw/Normal/masks/Normal-4599.png,Normal,Normal,True,0.2980204648589702,0.3961181640625,0.7523524339367285
/Users/berfinaktas/Projects/covid_project_folders/jun26_bds_int_covid/data/raw/COVID/images/COVID-49.png,/Users/berfinaktas/Projects/covid_project_folders/jun26_bds_int_covid/data/raw/COVID/masks/COVID-49.png,COVID,COVID,True,0.2866952182163339,0.30316162109375,0.9456844081450403
/Users/berfinaktas/Projects/covid_project_folders/jun26_bds_int_covid/data/raw/Normal/images/Normal-285.png,/Users/berfinaktas/Projects/covid_project_folders/jun26_bds_int_covid/data/raw/Normal/masks/Normal-285.png,Normal,Normal,True,0.25396693234107387,0.31884765625,0.7965149731003358
/Users/berfinaktas/Projects/covid_project_folders/jun26_bds_int_covid/data/raw/Normal/images/Normal-4591.png,/Users/berfinaktas/Projects/covid_project_folders/jun26_bds_int_covid/data/raw/Normal/masks/Normal-4591.png,Normal,Normal,True,0.22052070308562752,0.3204345703125,0.6881926094009374
/Users/berfinaktas/Projects/covid_project_folders/jun26_bds_int_covid/data/raw/Normal/images/Normal-1314.png,/Users/berfinaktas/Projects/covid_project_folders/jun26_bds_int_covid/data/raw/Normal/masks/Normal-1314.png,Normal,Normal,True,0.23081061818773613,0.31060791015625,0.7430931751597305
/Users/berfinaktas/Projects/covid_project_folders/jun26_bds_int_covid/data/raw/Normal/images/Normal-4128.png,/Users/berfinaktas/Projects/covid_project_folders/jun26_bds_int_covid/data/raw/Normal/masks/Normal-4128.png,Normal,Normal,True,0.24883955364608915,0.32843017578125,0.7576634913468732
/Users/berfinaktas/Projects/covid_project_folders/jun26_bds_int_covid/data/raw/COVID/images/COVID-2602.png,/Users/berfinaktas/Projects/covid_project_folders/jun26_bds_int_covid/data/raw/COVID/masks/COVID-2602.png,COVID,COVID,True,0.2874574324465888,0.357666015625,0.8037035107858209
/Users/berfinaktas/Projects/covid_project_folders/jun26_bds_int_covid/data/raw/Normal/images/Normal-2094.png,/Users/berfinaktas/Projects/covid_project_folders/jun26_bds_int_covid/data/raw/Normal/masks/Normal-2094.png,Normal,Normal,True,0.27567642026072137,0.355224609375,0.776062279991694
/Users/berfinaktas/Projects/covid_project_folders/jun26_bds_int_covid/data/raw/COVID/images/COVID-759.png,/Users/berfinaktas/Projects/covid_project_folders/jun26_bds_int_covid/data/raw/COVID/masks/COVID-759.png,COVID,COVID,True,0.31307383041268205,0.31396484375,0.9971620601635659
/Users/berfinaktas/Projects/covid_project_folders/jun26_bds_int_covid/data/raw/Normal/images/Normal-6846.png,/Users/berfinaktas/Projects/covid_project_folders/jun26_bds_int_covid/data/raw/Normal/masks/Normal-6846.png,Normal,Lung_Opacity,False,0.017330620130505688,0.25262451171875,0.06860229046103049
/Users/berfinaktas/Projects/covid_project_folders/jun26_bds_int_covid/data/raw/Normal/images/Normal-7035.png,/Users/berfinaktas/Projects/covid_project_folders/jun26_bds_int_covid/data/raw/Normal/masks/Normal-7035.png,Normal,Normal,True,0.26205610103902094,0.33367919921875,0.7853534222468116
/Users/berfinaktas/Projects/covid_project_folders/jun26_bds_int_covid/data/raw/COVID/images/COVID-914.png,/Users/berfinaktas/Projects/covid_project_folders/jun26_bds_int_covid/data/raw/COVID/masks/COVID-914.png,COVID,Lung_Opacity,False,0.05390747051477925,0.28985595703125,0.18598020570944268
/Users/berfinaktas/Projects/covid_project_folders/jun26_bds_int_covid/data/raw/Normal/images/Normal-3121.png,/Users/berfinaktas/Projects/covid_project_folders/jun26_bds_int_covid/data/raw/Normal/masks/Normal-3121.png,Normal,Normal,True,0.25043054272800563,0.375,0.667814780608015
/Users/berfinaktas/Projects/covid_project_folders/jun26_bds_int_covid/data/raw/Viral Pneumonia/images/Viral Pneumonia-135.png,/Users/berfinaktas/Projects/covid_project_folders/jun26_bds_int_covid/data/raw/Viral Pneumonia/masks/Viral Pneumonia-135.png,Viral Pneumonia,Viral Pneumonia,True,0.17665271951462788,0.30126953125,0.5863610527811312
/Users/berfinaktas/Projects/covid_project_folders/jun26_bds_int_covid/data/raw/Lung_Opacity/images/Lung_Opacity-3686.png,/Users/berfinaktas/Projects/covid_project_folders/jun26_bds_int_covid/data/raw/Lung_Opacity/masks/Lung_Opacity-3686.png,Lung_Opacity,Normal,False,0.3605984165453676,0.413818359375,0.8713929877108116
/Users/berfinaktas/Projects/covid_project_folders/jun26_bds_int_covid/data/raw/Lung_Opacity/images/Lung_Opacity-3090.png,/Users/berfinaktas/Projects/covid_project_folders/jun26_bds_int_covid/data/raw/Lung_Opacity/masks/Lung_Opacity-3090.png,Lung_Opacity,Lung_Opacity,True,0.04296074652222099,0.35784912109375,0.1200526813952019
/Users/berfinaktas/Projects/covid_project_folders/jun26_bds_int_covid/data/raw/Lung_Opacity/images/Lung_Opacity-4919.png,/Users/berfinaktas/Projects/covid_project_folders/jun26_bds_int_covid/data/raw/Lung_Opacity/masks/Lung_Opacity-4919.png,Lung_Opacity,COVID,False,0.3863215919345907,0.36041259765625,1.071887038485408
/Users/berfinaktas/Projects/covid_project_folders/jun26_bds_int_covid/data/raw/Normal/images/Normal-1121.png,/Users/berfinaktas/Projects/covid_project_folders/jun26_bds_int_covid/data/raw/Normal/masks/Normal-1121.png,Normal,Normal,True,0.21636922438964315,0.3326416015625,0.6504574995229199
/Users/berfinaktas/Projects/covid_project_folders/jun26_bds_int_covid/data/raw/Normal/images/Normal-4124.png,/Users/berfinaktas/Projects/covid_project_folders/jun26_bds_int_covid/data/raw/Normal/masks/Normal-4124.png,Normal,COVID,False,0.3522688270013812,0.36798095703125,0.957301784971078
/Users/berfinaktas/Projects/covid_project_folders/jun26_bds_int_covid/data/raw/COVID/images/COVID-304.png,/Users/berfinaktas/Projects/covid_project_folders/jun26_bds_int_covid/data/raw/COVID/masks/COVID-304.png,COVID,COVID,True,0.45018768933285536,0.38592529296875,1.166515119726317
/Users/berfinaktas/Projects/covid_project_folders/jun26_bds_int_covid/data/raw/COVID/images/COVID-71.png,/Users/berfinaktas/Projects/covid_project_folders/jun26_bds_int_covid/data/raw/COVID/masks/COVID-71.png,COVID,Normal,False,0.1043038135284824,0.3546142578125,0.29413316365759995
/Users/berfinaktas/Projects/covid_project_folders/jun26_bds_int_covid/data/raw/Normal/images/Normal-2592.png,/Users/berfinaktas/Projects/covid_project_folders/jun26_bds_int_covid/data/raw/Normal/masks/Normal-2592.png,Normal,Normal,True,0.2544375602211478,0.3802490234375,0.6691340267517312
/Users/berfinaktas/Projects/covid_project_folders/jun26_bds_int_covid/data/raw/COVID/images/COVID-1792.png,/Users/berfinaktas/Projects/covid_project_folders/jun26_bds_int_covid/data/raw/COVID/masks/COVID-1792.png,COVID,COVID,True,0.23980827368881877,0.35736083984375,0.6710535877229047
/Users/berfinaktas/Projects/covid_project_folders/jun26_bds_int_covid/data/raw/Normal/images/Normal-1980.png,/Users/berfinaktas/Projects/covid_project_folders/jun26_bds_int_covid/data/raw/Normal/masks/Normal-1980.png,Normal,Normal,True,0.3176919128695255,0.34552001953125,0.9194602191228237
/Users/berfinaktas/Projects/covid_project_folders/jun26_bds_int_covid/data/raw/Normal/images/Normal-4132.png,/Users/berfinaktas/Projects/covid_project_folders/jun26_bds_int_covid/data/raw/Normal/masks/Normal-4132.png,Normal,Normal,True,0.19623014189897378,0.41986083984375,0.4673694788301768
/Users/berfinaktas/Projects/covid_project_folders/jun26_bds_int_covid/data/raw/Lung_Opacity/images/Lung_Opacity-4610.png,/Users/berfinaktas/Projects/covid_project_folders/jun26_bds_int_covid/data/raw/Lung_Opacity/masks/Lung_Opacity-4610.png,Lung_Opacity,Lung_Opacity,True,0.05595241379948432,0.35650634765625,0.15694647281129107
/Users/berfinaktas/Projects/covid_project_folders/jun26_bds_int_covid/data/raw/COVID/images/COVID-3559.png,/Users/berfinaktas/Projects/covid_project_folders/jun26_bds_int_covid/data/raw/COVID/masks/COVID-3559.png,COVID,Normal,False,0.18049013750535092,0.39813232421875,0.45334208383990027
/Users/berfinaktas/Projects/covid_project_folders/jun26_bds_int_covid/data/raw/Lung_Opacity/images/Lung_Opacity-3360.png,/Users/berfinaktas/Projects/covid_project_folders/jun26_bds_int_covid/data/raw/Lung_Opacity/masks/Lung_Opacity-3360.png,Lung_Opacity,COVID,False,0.35944878575816974,0.40704345703125,0.8830722605880721
/Users/berfinaktas/Projects/covid_project_folders/jun26_bds_int_covid/data/raw/Lung_Opacity/images/Lung_Opacity-2526.png,/Users/berfinaktas/Projects/covid_project_folders/jun26_bds_int_covid/data/raw/Lung_Opacity/masks/Lung_Opacity-2526.png,Lung_Opacity,Normal,False,0.24815393636651314,0.35748291015625,0.6941700688797936
/Users/berfinaktas/Projects/covid_project_folders/jun26_bds_int_covid/data/raw/Normal/images/Normal-4236.png,/Users/berfinaktas/Projects/covid_project_folders/jun26_bds_int_covid/data/raw/Normal/masks/Normal-4236.png,Normal,Normal,True,0.22443255171843962,0.3377685546875,0.6644566186040685
/Users/berfinaktas/Projects/covid_project_folders/jun26_bds_int_covid/data/raw/Normal/images/Normal-1916.png,/Users/berfinaktas/Projects/covid_project_folders/jun26_bds_int_covid/data/raw/Normal/masks/Normal-1916.png,Normal,Normal,True,0.14147877623898084,0.3763427734375,0.3759306308627087
/Users/berfinaktas/Projects/covid_project_folders/jun26_bds_int_covid/data/raw/Normal/images/Normal-3865.png,/Users/berfinaktas/Projects/covid_project_folders/jun26_bds_int_covid/data/raw/Normal/masks/Normal-3865.png,Normal,Normal,True,0.24935112411824872,0.33685302734375,0.7402371475907569
/Users/berfinaktas/Projects/covid_project_folders/jun26_bds_int_covid/data/raw/Normal/images/Normal-5128.png,/Users/berfinaktas/Projects/covid_project_folders/jun26_bds_int_covid/data/raw/Normal/masks/Normal-5128.png,Normal,Normal,True,0.26783934226741857,0.359619140625,0.7447861140036296
/Users/berfinaktas/Projects/covid_project_folders/jun26_bds_int_covid/data/raw/Lung_Opacity/images/Lung_Opacity-161.png,/Users/berfinaktas/Projects/covid_project_folders/jun26_bds_int_covid/data/raw/Lung_Opacity/masks/Lung_Opacity-161.png,Lung_Opacity,Lung_Opacity,True,0.09717016467515434,0.3912353515625,0.2483675472757767
/Users/berfinaktas/Projects/covid_project_folders/jun26_bds_int_covid/data/raw/Normal/images/Normal-7478.png,/Users/berfinaktas/Projects/covid_project_folders/jun26_bds_int_covid/data/raw/Normal/masks/Normal-7478.png,Normal,Normal,True,0.15492331280579366,0.33392333984375,0.46394874008593007
/Users/berfinaktas/Projects/covid_project_folders/jun26_bds_int_covid/data/raw/COVID/images/COVID-2043.png,/Users/berfinaktas/Projects/covid_project_folders/jun26_bds_int_covid/data/raw/COVID/masks/COVID-2043.png,COVID,COVID,True,0.24668868189554977,0.36907958984375,0.6683888480530324
/Users/berfinaktas/Projects/covid_project_folders/jun26_bds_int_covid/data/raw/Normal/images/Normal-4661.png,/Users/berfinaktas/Projects/covid_project_folders/jun26_bds_int_covid/data/raw/Normal/masks/Normal-4661.png,Normal,Normal,True,0.20398931171651002,0.33990478515625,0.6001366283288383
/Users/berfinaktas/Projects/covid_project_folders/jun26_bds_int_covid/data/raw/COVID/images/COVID-120.png,/Users/berfinaktas/Projects/covid_project_folders/jun26_bds_int_covid/data/raw/COVID/masks/COVID-120.png,COVID,COVID,True,0.291937895219177,0.2750244140625,1.0614981081382593
/Users/berfinaktas/Projects/covid_project_folders/jun26_bds_int_covid/data/raw/Lung_Opacity/images/Lung_Opacity-1438.png,/Users/berfinaktas/Projects/covid_project_folders/jun26_bds_int_covid/data/raw/Lung_Opacity/masks/Lung_Opacity-1438.png,Lung_Opacity,Lung_Opacity,True,0.039888236217583514,0.40545654296875,0.09837857326341838
/Users/berfinaktas/Projects/covid_project_folders/jun26_bds_int_covid/data/raw/Normal/images/Normal-2001.png,/Users/berfinaktas/Projects/covid_project_folders/jun26_bds_int_covid/data/raw/Normal/masks/Normal-2001.png,Normal,Normal,True,0.16045621684738984,0.17852783203125,0.8987742416504736
/Users/berfinaktas/Projects/covid_project_folders/jun26_bds_int_covid/data/raw/Normal/images/Normal-2149.png,/Users/berfinaktas/Projects/covid_project_folders/jun26_bds_int_covid/data/raw/Normal/masks/Normal-2149.png,Normal,COVID,False,0.348439518599754,0.42767333984375,0.8147328489707962
/Users/berfinaktas/Projects/covid_project_folders/jun26_bds_int_covid/data/raw/Normal/images/Normal-5605.png,/Users/berfinaktas/Projects/covid_project_folders/jun26_bds_int_covid/data/raw/Normal/masks/Normal-5605.png,Normal,Normal,True,0.34884472287394036,0.344482421875,1.0126633486120906
/Users/berfinaktas/Projects/covid_project_folders/jun26_bds_int_covid/data/raw/Normal/images/Normal-3429.png,/Users/berfinaktas/Projects/covid_project_folders/jun26_bds_int_covid/data/raw/Normal/masks/Normal-3429.png,Normal,Normal,True,0.17661462419484342,0.3240966796875,0.5449442566494
/Users/berfinaktas/Projects/covid_project_folders/jun26_bds_int_covid/data/raw/Normal/images/Normal-5051.png,/Users/berfinaktas/Projects/covid_project_folders/jun26_bds_int_covid/data/raw/Normal/masks/Normal-5051.png,Normal,Normal,True,0.21420114988111533,0.27862548828125,0.7687780152578737
/Users/berfinaktas/Projects/covid_project_folders/jun26_bds_int_covid/data/raw/COVID/images/COVID-1545.png,/Users/berfinaktas/Projects/covid_project_folders/jun26_bds_int_covid/data/raw/COVID/masks/COVID-1545.png,COVID,COVID,True,0.35833374350256203,0.29644775390625,1.2087585039213458
/Users/berfinaktas/Projects/covid_project_folders/jun26_bds_int_covid/data/raw/Viral Pneumonia/images/Viral Pneumonia-1271.png,/Users/berfinaktas/Projects/covid_project_folders/jun26_bds_int_covid/data/raw/Viral Pneumonia/masks/Viral Pneumonia-1271.png,Viral Pneumonia,Viral Pneumonia,True,0.13663859817486534,0.31085205078125,0.43956151433280855
/Users/berfinaktas/Projects/covid_project_folders/jun26_bds_int_covid/data/raw/Lung_Opacity/images/Lung_Opacity-1200.png,/Users/berfinaktas/Projects/covid_project_folders/jun26_bds_int_covid/data/raw/Lung_Opacity/masks/Lung_Opacity-1200.png,Lung_Opacity,COVID,False,0.3847105695910418,0.39947509765625,0.9630401790954359
/Users/berfinaktas/Projects/covid_project_folders/jun26_bds_int_covid/data/raw/Normal/images/Normal-5383.png,/Users/berfinaktas/Projects/covid_project_folders/jun26_bds_int_covid/data/raw/Normal/masks/Normal-5383.png,Normal,Normal,True,0.16389529659843727,0.35382080078125,0.46321554933048065
/Users/berfinaktas/Projects/covid_project_folders/jun26_bds_int_covid/data/raw/Lung_Opacity/images/Lung_Opacity-4645.png,/Users/berfinaktas/Projects/covid_project_folders/jun26_bds_int_covid/data/raw/Lung_Opacity/masks/Lung_Opacity-4645.png,Lung_Opacity,Lung_Opacity,True,0.033895743054982184,0.3177490234375,0.10667457821990552
/Users/berfinaktas/Projects/covid_project_folders/jun26_bds_int_covid/data/raw/Normal/images/Normal-6913.png,/Users/berfinaktas/Projects/covid_project_folders/jun26_bds_int_covid/data/raw/Normal/masks/Normal-6913.png,Normal,Normal,True,0.32377578881812374,0.34893798828125,0.9278891943320167
/Users/berfinaktas/Projects/covid_project_folders/jun26_bds_int_covid/data/raw/Lung_Opacity/images/Lung_Opacity-1977.png,/Users/berfinaktas/Projects/covid_project_folders/jun26_bds_int_covid/data/raw/Lung_Opacity/masks/Lung_Opacity-1977.png,Lung_Opacity,Lung_Opacity,True,0.07734663943486926,0.32550048828125,0.23762372782690755
/Users/berfinaktas/Projects/covid_project_folders/jun26_bds_int_covid/data/raw/Normal/images/Normal-3010.png,/Users/berfinaktas/Projects/covid_project_folders/jun26_bds_int_covid/data/raw/Normal/masks/Normal-3010.png,Normal,Lung_Opacity,False,0.03307924233932545,0.36175537109375,0.09144091555382287
/Users/berfinaktas/Projects/covid_project_folders/jun26_bds_int_covid/data/raw/Normal/images/Normal-6805.png,/Users/berfinaktas/Projects/covid_project_folders/jun26_bds_int_covid/data/raw/Normal/masks/Normal-6805.png,Normal,Normal,True,0.1819010926369708,0.36102294921875,0.5038491127242822
/Users/berfinaktas/Projects/covid_project_folders/jun26_bds_int_covid/data/raw/Normal/images/Normal-7911.png,/Users/berfinaktas/Projects/covid_project_folders/jun26_bds_int_covid/data/raw/Normal/masks/Normal-7911.png,Normal,Normal,True,0.36997261874777765,0.44622802734375,0.8291111182551756
/Users/berfinaktas/Projects/covid_project_folders/jun26_bds_int_covid/data/raw/Normal/images/Normal-3920.png,/Users/berfinaktas/Projects/covid_project_folders/jun26_bds_int_covid/data/raw/Normal/masks/Normal-3920.png,Normal,Normal,True,0.3106583612789992,0.35821533203125,0.8672391533813466
/Users/berfinaktas/Projects/covid_project_folders/jun26_bds_int_covid/data/raw/Lung_Opacity/images/Lung_Opacity-4898.png,/Users/berfinaktas/Projects/covid_project_folders/jun26_bds_int_covid/data/raw/Lung_Opacity/masks/Lung_Opacity-4898.png,Lung_Opacity,Normal,False,0.11331352215534067,0.26934814453125,0.4206953879431456
/Users/berfinaktas/Projects/covid_project_folders/jun26_bds_int_covid/data/raw/Lung_Opacity/images/Lung_Opacity-2704.png,/Users/berfinaktas/Projects/covid_project_folders/jun26_bds_int_covid/data/raw/Lung_Opacity/masks/Lung_Opacity-2704.png,Lung_Opacity,Lung_Opacity,True,0.029605698386872277,0.33477783203125,0.08843386734193535
/Users/berfinaktas/Projects/covid_project_folders/jun26_bds_int_covid/data/raw/Normal/images/Normal-5444.png,/Users/berfinaktas/Projects/covid_project_folders/jun26_bds_int_covid/data/raw/Normal/masks/Normal-5444.png,Normal,Normal,True,0.18684575459233493,0.2430419921875,0.7687797195481707
/Users/berfinaktas/Projects/covid_project_folders/jun26_bds_int_covid/data/raw/Lung_Opacity/images/Lung_Opacity-92.png,/Users/berfinaktas/Projects/covid_project_folders/jun26_bds_int_covid/data/raw/Lung_Opacity/masks/Lung_Opacity-92.png,Lung_Opacity,Lung_Opacity,True,0.05404332681054854,0.438720703125,0.12318389906288638
/Users/berfinaktas/Projects/covid_project_folders/jun26_bds_int_covid/data/raw/Normal/images/Normal-8797.png,/Users/berfinaktas/Projects/covid_project_folders/jun26_bds_int_covid/data/raw/Normal/masks/Normal-8797.png,Normal,Normal,True,0.26924383503580446,0.42901611328125,0.6275844349447461
/Users/berfinaktas/Projects/covid_project_folders/jun26_bds_int_covid/data/raw/Lung_Opacity/images/Lung_Opacity-888.png,/Users/berfinaktas/Projects/covid_project_folders/jun26_bds_int_covid/data/raw/Lung_Opacity/masks/Lung_Opacity-888.png,Lung_Opacity,Lung_Opacity,True,0.06986417149766752,0.4215087890625,0.16574784040222773
/Users/berfinaktas/Projects/covid_project_folders/jun26_bds_int_covid/data/raw/Lung_Opacity/images/Lung_Opacity-2794.png,/Users/berfinaktas/Projects/covid_project_folders/jun26_bds_int_covid/data/raw/Lung_Opacity/masks/Lung_Opacity-2794.png,Lung_Opacity,Lung_Opacity,True,0.026555727198090295,0.36212158203125,0.07333373241421058
/Users/berfinaktas/Projects/covid_project_folders/jun26_bds_int_covid/data/raw/Lung_Opacity/images/Lung_Opacity-4357.png,/Users/berfinaktas/Projects/covid_project_folders/jun26_bds_int_covid/data/raw/Lung_Opacity/masks/Lung_Opacity-4357.png,Lung_Opacity,COVID,False,0.3549809318936891,0.364990234375,0.9725765197568901
/Users/berfinaktas/Projects/covid_project_folders/jun26_bds_int_covid/data/raw/Normal/images/Normal-8276.png,/Users/berfinaktas/Projects/covid_project_folders/jun26_bds_int_covid/data/raw/Normal/masks/Normal-8276.png,Normal,Normal,True,0.23759283652108246,0.2410888671875,0.9854989958383329
/Users/berfinaktas/Projects/covid_project_folders/jun26_bds_int_covid/data/raw/Normal/images/Normal-7042.png,/Users/berfinaktas/Projects/covid_project_folders/jun26_bds_int_covid/data/raw/Normal/masks/Normal-7042.png,Normal,Normal,True,0.20786368326205773,0.36907958984375,0.5631947389723092
/Users/berfinaktas/Projects/covid_project_folders/jun26_bds_int_covid/data/raw/Lung_Opacity/images/Lung_Opacity-140.png,/Users/berfinaktas/Projects/covid_project_folders/jun26_bds_int_covid/data/raw/Lung_Opacity/masks/Lung_Opacity-140.png,Lung_Opacity,Lung_Opacity,True,0.05044050967339586,0.36529541015625,0.138081421969744
/Users/berfinaktas/Projects/covid_project_folders/jun26_bds_int_covid/data/raw/Normal/images/Normal-6637.png,/Users/berfinaktas/Projects/covid_project_folders/jun26_bds_int_covid/data/raw/Normal/masks/Normal-6637.png,Normal,Normal,True,0.28923046480418074,0.39996337890625,0.7231423676715546
/Users/berfinaktas/Projects/covid_project_folders/jun26_bds_int_covid/data/raw/Normal/images/Normal-6405.png,/Users/berfinaktas/Projects/covid_project_folders/jun26_bds_int_covid/data/raw/Normal/masks/Normal-6405.png,Normal,Normal,True,0.3061843606308811,0.43170166015625,0.7092499030929388
/Users/berfinaktas/Projects/covid_project_folders/jun26_bds_int_covid/data/raw/Normal/images/Normal-9258.png,/Users/berfinaktas/Projects/covid_project_folders/jun26_bds_int_covid/data/raw/Normal/masks/Normal-9258.png,Normal,COVID,False,0.3775224146824229,0.38623046875,0.977453736118334
/Users/berfinaktas/Projects/covid_project_folders/jun26_bds_int_covid/data/raw/Normal/images/Normal-2905.png,/Users/berfinaktas/Projects/covid_project_folders/jun26_bds_int_covid/data/raw/Normal/masks/Normal-2905.png,Normal,COVID,False,0.3327389602926133,0.35003662109375,0.9505832825517309
/Users/berfinaktas/Projects/covid_project_folders/jun26_bds_int_covid/data/raw/Lung_Opacity/images/Lung_Opacity-2506.png,/Users/berfinaktas/Projects/covid_project_folders/jun26_bds_int_covid/data/raw/Lung_Opacity/masks/Lung_Opacity-2506.png,Lung_Opacity,Normal,False,0.22633630470479074,0.3555908203125,0.6365077267908156
/Users/berfinaktas/Projects/covid_project_folders/jun26_bds_int_covid/data/raw/Lung_Opacity/images/Lung_Opacity-5291.png,/Users/berfinaktas/Projects/covid_project_folders/jun26_bds_int_covid/data/raw/Lung_Opacity/masks/Lung_Opacity-5291.png,Lung_Opacity,Lung_Opacity,True,0.05209065265273435,0.36859130859375,0.1413236054085775
/Users/berfinaktas/Projects/covid_project_folders/jun26_bds_int_covid/data/raw/Normal/images/Normal-919.png,/Users/berfinaktas/Projects/covid_project_folders/jun26_bds_int_covid/data/raw/Normal/masks/Normal-919.png,Normal,Normal,True,0.2472528987838776,0.40557861328125,0.6096300216215276
/Users/berfinaktas/Projects/covid_project_folders/jun26_bds_int_covid/data/raw/Viral Pneumonia/images/Viral Pneumonia-160.png,/Users/berfinaktas/Projects/covid_project_folders/jun26_bds_int_covid/data/raw/Viral Pneumonia/masks/Viral Pneumonia-160.png,Viral Pneumonia,Viral Pneumonia,True,0.15020752683786778,0.3111572265625,0.4827383522384515
/Users/berfinaktas/Projects/covid_project_folders/jun26_bds_int_covid/data/raw/Normal/images/Normal-3740.png,/Users/berfinaktas/Projects/covid_project_folders/jun26_bds_int_covid/data/raw/Normal/masks/Normal-3740.png,Normal,Normal,True,0.19810438496935392,0.36798095703125,0.5383549914310657
/Users/berfinaktas/Projects/covid_project_folders/jun26_bds_int_covid/data/raw/Lung_Opacity/images/Lung_Opacity-5056.png,/Users/berfinaktas/Projects/covid_project_folders/jun26_bds_int_covid/data/raw/Lung_Opacity/masks/Lung_Opacity-5056.png,Lung_Opacity,Lung_Opacity,True,0.0400165791145411,0.40008544921875,0.10002008119185987
/Users/berfinaktas/Projects/covid_project_folders/jun26_bds_int_covid/data/raw/Lung_Opacity/images/Lung_Opacity-5906.png,/Users/berfinaktas/Projects/covid_project_folders/jun26_bds_int_covid/data/raw/Lung_Opacity/masks/Lung_Opacity-5906.png,Lung_Opacity,Viral Pneumonia,False,0.19737971214346284,0.33197021484375,0.5945705467472872
/Users/berfinaktas/Projects/covid_project_folders/jun26_bds_int_covid/data/raw/Lung_Opacity/images/Lung_Opacity-2420.png,/Users/berfinaktas/Projects/covid_project_folders/jun26_bds_int_covid/data/raw/Lung_Opacity/masks/Lung_Opacity-2420.png,Lung_Opacity,Normal,False,0.209760912465125,0.3289794921875,0.6376109072038233
/Users/berfinaktas/Projects/covid_project_folders/jun26_bds_int_covid/data/raw/Viral Pneumonia/images/Viral Pneumonia-957.png,/Users/berfinaktas/Projects/covid_project_folders/jun26_bds_int_covid/data/raw/Viral Pneumonia/masks/Viral Pneumonia-957.png,Viral Pneumonia,Viral Pneumonia,True,0.10721086993483313,0.30377197265625,0.3529320661065513
/Users/berfinaktas/Projects/covid_project_folders/jun26_bds_int_covid/data/raw/Lung_Opacity/images/Lung_Opacity-567.png,/Users/berfinaktas/Projects/covid_project_folders/jun26_bds_int_covid/data/raw/Lung_Opacity/masks/Lung_Opacity-567.png,Lung_Opacity,COVID,False,0.3488582850069044,0.3533935546875,0.9871665184029571
/Users/berfinaktas/Projects/covid_project_folders/jun26_bds_int_covid/data/raw/Normal/images/Normal-100.png,/Users/berfinaktas/Projects/covid_project_folders/jun26_bds_int_covid/data/raw/Normal/masks/Normal-100.png,Normal,Normal,True,0.22879586575679103,0.33709716796875,0.6787237850007721
/Users/berfinaktas/Projects/covid_project_folders/jun26_bds_int_covid/data/raw/Normal/images/Normal-7127.png,/Users/berfinaktas/Projects/covid_project_folders/jun26_bds_int_covid/data/raw/Normal/masks/Normal-7127.png,Normal,Normal,True,0.2951108353755378,0.41265869140625,0.7151450860512958
/Users/berfinaktas/Projects/covid_project_folders/jun26_bds_int_covid/data/raw/Lung_Opacity/images/Lung_Opacity-2499.png,/Users/berfinaktas/Projects/covid_project_folders/jun26_bds_int_covid/data/raw/Lung_Opacity/masks/Lung_Opacity-2499.png,Lung_Opacity,COVID,False,0.32270080914162835,0.2579345703125,1.2510956121572265
/Users/berfinaktas/Projects/covid_project_folders/jun26_bds_int_covid/data/raw/Viral Pneumonia/images/Viral Pneumonia-970.png,/Users/berfinaktas/Projects/covid_project_folders/jun26_bds_int_covid/data/raw/Viral Pneumonia/masks/Viral Pneumonia-970.png,Viral Pneumonia,Viral Pneumonia,True,0.06670204142173854,0.23382568359375,0.2852639641487247
/Users/berfinaktas/Projects/covid_project_folders/jun26_bds_int_covid/data/raw/Viral Pneumonia/images/Viral Pneumonia-1145.png,/Users/berfinaktas/Projects/covid_project_folders/jun26_bds_int_covid/data/raw/Viral Pneumonia/masks/Viral Pneumonia-1145.png,Viral Pneumonia,Viral Pneumonia,True,0.2478151749160683,0.2724609375,0.909543867792308
/Users/berfinaktas/Projects/covid_project_folders/jun26_bds_int_covid/data/raw/Lung_Opacity/images/Lung_Opacity-1993.png,/Users/berfinaktas/Projects/covid_project_folders/jun26_bds_int_covid/data/raw/Lung_Opacity/masks/Lung_Opacity-1993.png,Lung_Opacity,COVID,False,0.25407534759799605,0.28985595703125,0.8765572741725768
/Users/berfinaktas/Projects/covid_project_folders/jun26_bds_int_covid/data/raw/Lung_Opacity/images/Lung_Opacity-3898.png,/Users/berfinaktas/Projects/covid_project_folders/jun26_bds_int_covid/data/raw/Lung_Opacity/masks/Lung_Opacity-3898.png,Lung_Opacity,COVID,False,0.2386078022295876,0.34002685546875,0.7017322261227003
/Users/berfinaktas/Projects/covid_project_folders/jun26_bds_int_covid/data/raw/Normal/images/Normal-4619.png,/Users/berfinaktas/Projects/covid_project_folders/jun26_bds_int_covid/data/raw/Normal/masks/Normal-4619.png,Normal,Normal,True,0.24944593505573937,0.40985107421875,0.6086257929937802
/Users/berfinaktas/Projects/covid_project_folders/jun26_bds_int_covid/data/raw/Lung_Opacity/images/Lung_Opacity-611.png,/Users/berfinaktas/Projects/covid_project_folders/jun26_bds_int_covid/data/raw/Lung_Opacity/masks/Lung_Opacity-611.png,Lung_Opacity,Lung_Opacity,True,0.027859422189647737,0.40521240234375,0.06875263942689991
/Users/berfinaktas/Projects/covid_project_folders/jun26_bds_int_covid/data/raw/Normal/images/Normal-5229.png,/Users/berfinaktas/Projects/covid_project_folders/jun26_bds_int_covid/data/raw/Normal/masks/Normal-5229.png,Normal,Normal,True,0.1466089522609828,0.26934814453125,0.5443102365383962
/Users/berfinaktas/Projects/covid_project_folders/jun26_bds_int_covid/data/raw/COVID/images/COVID-3334.png,/Users/berfinaktas/Projects/covid_project_folders/jun26_bds_int_covid/data/raw/COVID/masks/COVID-3334.png,COVID,Normal,False,0.2121223420357953,0.30517578125,0.695082490382894
/Users/berfinaktas/Projects/covid_project_folders/jun26_bds_int_covid/data/raw/Lung_Opacity/images/Lung_Opacity-3990.png,/Users/berfinaktas/Projects/covid_project_folders/jun26_bds_int_covid/data/raw/Lung_Opacity/masks/Lung_Opacity-3990.png,Lung_Opacity,Lung_Opacity,True,0.015153023806287068,0.2769775390625,0.05470849317809769
/Users/berfinaktas/Projects/covid_project_folders/jun26_bds_int_covid/data/raw/Normal/images/Normal-8084.png,/Users/berfinaktas/Projects/covid_project_folders/jun26_bds_int_covid/data/raw/Normal/masks/Normal-8084.png,Normal,Normal,True,0.15086896257215382,0.26708984375,0.5648622218423602
/Users/berfinaktas/Projects/covid_project_folders/jun26_bds_int_covid/data/raw/Normal/images/Normal-4266.png,/Users/berfinaktas/Projects/covid_project_folders/jun26_bds_int_covid/data/raw/Normal/masks/Normal-4266.png,Normal,COVID,False,0.21309452163828835,0.31585693359375,0.6746551966225539
/Users/berfinaktas/Projects/covid_project_folders/jun26_bds_int_covid/data/raw/Lung_Opacity/images/Lung_Opacity-1222.png,/Users/berfinaktas/Projects/covid_project_folders/jun26_bds_int_covid/data/raw/Lung_Opacity/masks/Lung_Opacity-1222.png,Lung_Opacity,Lung_Opacity,True,0.049895627350047496,0.3238525390625,0.15406897069415346
/Users/berfinaktas/Projects/covid_project_folders/jun26_bds_int_covid/data/raw/Lung_Opacity/images/Lung_Opacity-2100.png,/Users/berfinaktas/Projects/covid_project_folders/jun26_bds_int_covid/data/raw/Lung_Opacity/masks/Lung_Opacity-2100.png,Lung_Opacity,Lung_Opacity,True,0.012553026166286086,0.37213134765625,0.03373278345226033
/Users/berfinaktas/Projects/covid_project_folders/jun26_bds_int_covid/data/raw/Lung_Opacity/images/Lung_Opacity-1240.png,/Users/berfinaktas/Projects/covid_project_folders/jun26_bds_int_covid/data/raw/Lung_Opacity/masks/Lung_Opacity-1240.png,Lung_Opacity,Lung_Opacity,True,0.010469722207389807,0.35992431640625,0.029088677063909548
/Users/berfinaktas/Projects/covid_project_folders/jun26_bds_int_covid/data/raw/Viral Pneumonia/images/Viral Pneumonia-653.png,/Users/berfinaktas/Projects/covid_project_folders/jun26_bds_int_covid/data/raw/Viral Pneumonia/masks/Viral Pneumonia-653.png,Viral Pneumonia,Viral Pneumonia,True,0.17278707199622204,0.2197265625,0.7863731632183616
/Users/berfinaktas/Projects/covid_project_folders/jun26_bds_int_covid/data/raw/Normal/images/Normal-2540.png,/Users/berfinaktas/Projects/covid_project_folders/jun26_bds_int_covid/data/raw/Normal/masks/Normal-2540.png,Normal,COVID,False,0.22698698381105878,0.31292724609375,0.725366635997735
/Users/berfinaktas/Projects/covid_project_folders/jun26_bds_int_covid/data/raw/Normal/images/Normal-8598.png,/Users/berfinaktas/Projects/covid_project_folders/jun26_bds_int_covid/data/raw/Normal/masks/Normal-8598.png,Normal,Normal,True,0.16333981709658404,0.300048828125,0.5443774538873948
/Users/berfinaktas/Projects/covid_project_folders/jun26_bds_int_covid/data/raw/Normal/images/Normal-7574.png,/Users/berfinaktas/Projects/covid_project_folders/jun26_bds_int_covid/data/raw/Normal/masks/Normal-7574.png,Normal,Normal,True,0.15519246262735178,0.28369140625,0.5470467529446066
